solid ASCII
  facet normal -9.523647e-01 7.206374e-02 2.963246e-01
    outer loop
      vertex   4.380052e+01 1.798646e+01 -1.241486e+01
      vertex   4.375068e+01 1.800000e+01 -1.257831e+01
      vertex   4.378601e+01 1.767657e+01 -1.238613e+01
    endloop
  endfacet
  facet normal -9.137092e-01 1.291537e-01 3.852983e-01
    outer loop
      vertex   4.378601e+01 1.767657e+01 -1.238613e+01
      vertex   4.375068e+01 1.800000e+01 -1.257831e+01
      vertex   4.368470e+01 1.748236e+01 -1.256128e+01
    endloop
  endfacet
  facet normal -9.311868e-01 2.326193e-01 2.806766e-01
    outer loop
      vertex   4.378601e+01 1.767657e+01 -1.238613e+01
      vertex   4.368470e+01 1.748236e+01 -1.256128e+01
      vertex   4.371175e+01 1.738272e+01 -1.238894e+01
    endloop
  endfacet
  facet normal -8.608489e-01 3.701671e-01 3.491641e-01
    outer loop
      vertex   4.371175e+01 1.738272e+01 -1.238894e+01
      vertex   4.368470e+01 1.748236e+01 -1.256128e+01
      vertex   4.359698e+01 1.710257e+01 -1.237490e+01
    endloop
  endfacet
  facet normal -8.273257e-01 3.605213e-01 4.307628e-01
    outer loop
      vertex   4.371175e+01 1.738272e+01 -1.238894e+01
      vertex   4.359698e+01 1.710257e+01 -1.237490e+01
      vertex   4.378390e+01 1.734740e+01 -1.222082e+01
    endloop
  endfacet
  facet normal -8.277086e-01 3.621278e-01 4.286746e-01
    outer loop
      vertex   4.378390e+01 1.734740e+01 -1.222082e+01
      vertex   4.359698e+01 1.710257e+01 -1.237490e+01
      vertex   4.366819e+01 1.707944e+01 -1.221788e+01
    endloop
  endfacet
  facet normal -7.336308e-01 3.233590e-01 5.976829e-01
    outer loop
      vertex   4.378390e+01 1.734740e+01 -1.222082e+01
      vertex   4.366819e+01 1.707944e+01 -1.221788e+01
      vertex   4.399069e+01 1.719653e+01 -1.188537e+01
    endloop
  endfacet
  facet normal -7.322740e-01 3.379996e-01 5.912116e-01
    outer loop
      vertex   4.399069e+01 1.719653e+01 -1.188537e+01
      vertex   4.366819e+01 1.707944e+01 -1.221788e+01
      vertex   4.387755e+01 1.696068e+01 -1.189066e+01
    endloop
  endfacet
  facet normal -5.944248e-01 2.681251e-01 7.581346e-01
    outer loop
      vertex   4.399069e+01 1.719653e+01 -1.188537e+01
      vertex   4.387755e+01 1.696068e+01 -1.189066e+01
      vertex   4.428324e+01 1.696760e+01 -1.157502e+01
    endloop
  endfacet
  facet normal -5.900032e-01 2.942330e-01 7.518798e-01
    outer loop
      vertex   4.428324e+01 1.696760e+01 -1.157502e+01
      vertex   4.387755e+01 1.696068e+01 -1.189066e+01
      vertex   4.418241e+01 1.676565e+01 -1.157512e+01
    endloop
  endfacet
  facet normal -4.441008e-01 2.213318e-01 8.682089e-01
    outer loop
      vertex   4.428324e+01 1.696760e+01 -1.157502e+01
      vertex   4.418241e+01 1.676565e+01 -1.157512e+01
      vertex   4.465688e+01 1.670712e+01 -1.131750e+01
    endloop
  endfacet
  facet normal -4.377148e-01 2.513490e-01 8.632667e-01
    outer loop
      vertex   4.465688e+01 1.670712e+01 -1.131750e+01
      vertex   4.418241e+01 1.676565e+01 -1.157512e+01
      vertex   4.457894e+01 1.653492e+01 -1.130688e+01
    endloop
  endfacet
  facet normal -2.835211e-01 1.863354e-01 9.406885e-01
    outer loop
      vertex   4.465688e+01 1.670712e+01 -1.131750e+01
      vertex   4.457894e+01 1.653492e+01 -1.130688e+01
      vertex   4.510255e+01 1.647784e+01 -1.113776e+01
    endloop
  endfacet
  facet normal -2.793867e-01 2.118797e-01 9.365095e-01
    outer loop
      vertex   4.510255e+01 1.647784e+01 -1.113776e+01
      vertex   4.457894e+01 1.653492e+01 -1.130688e+01
      vertex   4.505726e+01 1.632709e+01 -1.111716e+01
    endloop
  endfacet
  facet normal -1.537155e-01 1.789387e-01 9.717780e-01
    outer loop
      vertex   4.510255e+01 1.647784e+01 -1.113776e+01
      vertex   4.505726e+01 1.632709e+01 -1.111716e+01
      vertex   4.535259e+01 1.640064e+01 -1.108399e+01
    endloop
  endfacet
  facet normal -1.558739e-01 1.885841e-01 9.696078e-01
    outer loop
      vertex   4.535259e+01 1.640064e+01 -1.108399e+01
      vertex   4.505726e+01 1.632709e+01 -1.111716e+01
      vertex   4.532628e+01 1.625662e+01 -1.106021e+01
    endloop
  endfacet
  facet normal -6.717066e-02 1.744875e-01 9.823656e-01
    outer loop
      vertex   4.535259e+01 1.640064e+01 -1.108399e+01
      vertex   4.532628e+01 1.625662e+01 -1.106021e+01
      vertex   4.561067e+01 1.636581e+01 -1.106016e+01
    endloop
  endfacet
  facet normal -6.874821e-02 1.785969e-01 9.815176e-01
    outer loop
      vertex   4.561067e+01 1.636581e+01 -1.106016e+01
      vertex   4.532628e+01 1.625662e+01 -1.106021e+01
      vertex   4.560463e+01 1.622475e+01 -1.103491e+01
    endloop
  endfacet
  facet normal 1.710165e-02 1.754292e-01 9.843435e-01
    outer loop
      vertex   4.561067e+01 1.636581e+01 -1.106016e+01
      vertex   4.560463e+01 1.622475e+01 -1.103491e+01
      vertex   4.587104e+01 1.637439e+01 -1.106621e+01
    endloop
  endfacet
  facet normal 1.762109e-02 1.745358e-01 9.844932e-01
    outer loop
      vertex   4.587104e+01 1.637439e+01 -1.106621e+01
      vertex   4.560463e+01 1.622475e+01 -1.103491e+01
      vertex   4.588554e+01 1.623259e+01 -1.104133e+01
    endloop
  endfacet
  facet normal 1.012991e-01 1.819639e-01 9.780734e-01
    outer loop
      vertex   4.587104e+01 1.637439e+01 -1.106621e+01
      vertex   4.588554e+01 1.623259e+01 -1.104133e+01
      vertex   4.612569e+01 1.642733e+01 -1.110243e+01
    endloop
  endfacet
  facet normal 1.059125e-01 1.764390e-01 9.785969e-01
    outer loop
      vertex   4.612569e+01 1.642733e+01 -1.110243e+01
      vertex   4.588554e+01 1.623259e+01 -1.104133e+01
      vertex   4.616007e+01 1.628104e+01 -1.107978e+01
    endloop
  endfacet
  facet normal 2.241692e-01 2.003795e-01 9.537276e-01
    outer loop
      vertex   4.612569e+01 1.642733e+01 -1.110243e+01
      vertex   4.616007e+01 1.628104e+01 -1.107978e+01
      vertex   4.659311e+01 1.663277e+01 -1.125546e+01
    endloop
  endfacet
  facet normal 2.400432e-01 1.808553e-01 9.537665e-01
    outer loop
      vertex   4.659311e+01 1.663277e+01 -1.125546e+01
      vertex   4.616007e+01 1.628104e+01 -1.107978e+01
      vertex   4.666239e+01 1.646791e+01 -1.124164e+01
    endloop
  endfacet
  facet normal 3.765914e-01 2.334315e-01 8.964868e-01
    outer loop
      vertex   4.659311e+01 1.663277e+01 -1.125546e+01
      vertex   4.666239e+01 1.646791e+01 -1.124164e+01
      vertex   4.696850e+01 1.687715e+01 -1.147679e+01
    endloop
  endfacet
  facet normal 3.996290e-01 2.133377e-01 8.915064e-01
    outer loop
      vertex   4.696850e+01 1.687715e+01 -1.147679e+01
      vertex   4.666239e+01 1.646791e+01 -1.124164e+01
      vertex   4.706254e+01 1.668649e+01 -1.147332e+01
    endloop
  endfacet
  facet normal 5.224515e-01 2.723971e-01 8.079878e-01
    outer loop
      vertex   4.696850e+01 1.687715e+01 -1.147679e+01
      vertex   4.706254e+01 1.668649e+01 -1.147332e+01
      vertex   4.727385e+01 1.711016e+01 -1.175278e+01
    endloop
  endfacet
  facet normal 5.456775e-01 2.544987e-01 7.984150e-01
    outer loop
      vertex   4.727385e+01 1.711016e+01 -1.175278e+01
      vertex   4.706254e+01 1.668649e+01 -1.147332e+01
      vertex   4.738337e+01 1.688865e+01 -1.175703e+01
    endloop
  endfacet
  facet normal 6.420133e-01 3.039448e-01 7.038725e-01
    outer loop
      vertex   4.727385e+01 1.711016e+01 -1.175278e+01
      vertex   4.738337e+01 1.688865e+01 -1.175703e+01
      vertex   4.743022e+01 1.723318e+01 -1.194853e+01
    endloop
  endfacet
  facet normal 6.570358e-01 2.960283e-01 6.933045e-01
    outer loop
      vertex   4.743022e+01 1.723318e+01 -1.194853e+01
      vertex   4.738337e+01 1.688865e+01 -1.175703e+01
      vertex   4.754463e+01 1.699093e+01 -1.195353e+01
    endloop
  endfacet
  facet normal 7.291339e-01 3.320380e-01 5.984267e-01
    outer loop
      vertex   4.743022e+01 1.723318e+01 -1.194853e+01
      vertex   4.754463e+01 1.699093e+01 -1.195353e+01
      vertex   4.755502e+01 1.732474e+01 -1.215139e+01
    endloop
  endfacet
  facet normal 7.391780e-01 3.262624e-01 5.892103e-01
    outer loop
      vertex   4.755502e+01 1.732474e+01 -1.215139e+01
      vertex   4.754463e+01 1.699093e+01 -1.195353e+01
      vertex   4.767085e+01 1.706281e+01 -1.215166e+01
    endloop
  endfacet
  facet normal 8.081998e-01 3.569104e-01 4.684315e-01
    outer loop
      vertex   4.755502e+01 1.732474e+01 -1.215139e+01
      vertex   4.767085e+01 1.706281e+01 -1.215166e+01
      vertex   4.764943e+01 1.737799e+01 -1.235486e+01
    endloop
  endfacet
  facet normal 8.116030e-01 3.545113e-01 4.643515e-01
    outer loop
      vertex   4.764943e+01 1.737799e+01 -1.235486e+01
      vertex   4.767085e+01 1.706281e+01 -1.215166e+01
      vertex   4.776445e+01 1.709999e+01 -1.234365e+01
    endloop
  endfacet
  facet normal 8.589661e-01 3.696711e-01 3.542888e-01
    outer loop
      vertex   4.764943e+01 1.737799e+01 -1.235486e+01
      vertex   4.776445e+01 1.709999e+01 -1.234365e+01
      vertex   4.768965e+01 1.748236e+01 -1.256128e+01
    endloop
  endfacet
  facet normal 8.468831e-01 3.783479e-01 3.736869e-01
    outer loop
      vertex   4.768965e+01 1.748236e+01 -1.256128e+01
      vertex   4.776445e+01 1.709999e+01 -1.234365e+01
      vertex   4.788311e+01 1.700000e+01 -1.251133e+01
    endloop
  endfacet
  facet normal 8.156031e-01 5.102001e-01 2.729239e-01
    outer loop
      vertex   4.788311e+01 1.700000e+01 -1.251133e+01
      vertex   4.776445e+01 1.709999e+01 -1.234365e+01
      vertex   4.791643e+01 1.684165e+01 -1.231488e+01
    endloop
  endfacet
  facet normal 7.135443e-01 5.996423e-01 3.623310e-01
    outer loop
      vertex   4.788311e+01 1.700000e+01 -1.251133e+01
      vertex   4.791643e+01 1.684165e+01 -1.231488e+01
      vertex   4.819085e+01 1.658579e+01 -1.243187e+01
    endloop
  endfacet
  facet normal 7.158353e-01 6.325254e-01 2.957894e-01
    outer loop
      vertex   4.819085e+01 1.658579e+01 -1.243187e+01
      vertex   4.791643e+01 1.684165e+01 -1.231488e+01
      vertex   4.811234e+01 1.659727e+01 -1.226642e+01
    endloop
  endfacet
  facet normal 6.257174e-01 7.403979e-01 2.455378e-01
    outer loop
      vertex   4.819085e+01 1.658579e+01 -1.243187e+01
      vertex   4.811234e+01 1.659727e+01 -1.226642e+01
      vertex   4.830550e+01 1.641567e+01 -1.221105e+01
    endloop
  endfacet
  facet normal 5.540043e-01 7.178291e-01 4.216642e-01
    outer loop
      vertex   4.830550e+01 1.641567e+01 -1.221105e+01
      vertex   4.811234e+01 1.659727e+01 -1.226642e+01
      vertex   4.817919e+01 1.640565e+01 -1.202805e+01
    endloop
  endfacet
  facet normal 4.824599e-01 7.909750e-01 3.762859e-01
    outer loop
      vertex   4.830550e+01 1.641567e+01 -1.221105e+01
      vertex   4.817919e+01 1.640565e+01 -1.202805e+01
      vertex   4.837358e+01 1.625273e+01 -1.195584e+01
    endloop
  endfacet
  facet normal 4.009966e-01 7.548371e-01 5.190593e-01
    outer loop
      vertex   4.837358e+01 1.625273e+01 -1.195584e+01
      vertex   4.817919e+01 1.640565e+01 -1.202805e+01
      vertex   4.818481e+01 1.621873e+01 -1.176056e+01
    endloop
  endfacet
  facet normal 3.410166e-01 8.133927e-01 4.712749e-01
    outer loop
      vertex   4.837358e+01 1.625273e+01 -1.195584e+01
      vertex   4.818481e+01 1.621873e+01 -1.176056e+01
      vertex   4.836766e+01 1.608998e+01 -1.167066e+01
    endloop
  endfacet
  facet normal 2.587590e-01 7.724570e-01 5.799602e-01
    outer loop
      vertex   4.836766e+01 1.608998e+01 -1.167066e+01
      vertex   4.818481e+01 1.621873e+01 -1.176056e+01
      vertex   4.810950e+01 1.603103e+01 -1.147696e+01
    endloop
  endfacet
  facet normal 2.142370e-01 8.176471e-01 5.343742e-01
    outer loop
      vertex   4.836766e+01 1.608998e+01 -1.167066e+01
      vertex   4.810950e+01 1.603103e+01 -1.147696e+01
      vertex   4.827208e+01 1.592056e+01 -1.137311e+01
    endloop
  endfacet
  facet normal 1.258507e-01 7.715012e-01 6.236565e-01
    outer loop
      vertex   4.827208e+01 1.592056e+01 -1.137311e+01
      vertex   4.810950e+01 1.603103e+01 -1.147696e+01
      vertex   4.774394e+01 1.579071e+01 -1.110589e+01
    endloop
  endfacet
  facet normal 7.635682e-02 8.291187e-01 5.538338e-01
    outer loop
      vertex   4.827208e+01 1.592056e+01 -1.137311e+01
      vertex   4.774394e+01 1.579071e+01 -1.110589e+01
      vertex   4.812852e+01 1.568056e+01 -1.099402e+01
    endloop
  endfacet
  facet normal 3.053866e-02 7.627399e-01 6.459839e-01
    outer loop
      vertex   4.812852e+01 1.568056e+01 -1.099402e+01
      vertex   4.774394e+01 1.579071e+01 -1.110589e+01
      vertex   4.759512e+01 1.555495e+01 -1.082049e+01
    endloop
  endfacet
  facet normal 4.829871e-02 7.575653e-01 6.509701e-01
    outer loop
      vertex   4.759512e+01 1.555495e+01 -1.082049e+01
      vertex   4.774394e+01 1.579071e+01 -1.110589e+01
      vertex   4.712533e+01 1.564857e+01 -1.089458e+01
    endloop
  endfacet
  facet normal 2.418980e-02 6.922248e-01 7.212764e-01
    outer loop
      vertex   4.759512e+01 1.555495e+01 -1.082049e+01
      vertex   4.712533e+01 1.564857e+01 -1.089458e+01
      vertex   4.700562e+01 1.543961e+01 -1.069003e+01
    endloop
  endfacet
  facet normal 2.667828e-02 6.914451e-01 7.219362e-01
    outer loop
      vertex   4.700562e+01 1.543961e+01 -1.069003e+01
      vertex   4.712533e+01 1.564857e+01 -1.089458e+01
      vertex   4.637823e+01 1.552609e+01 -1.074966e+01
    endloop
  endfacet
  facet normal 1.496641e-02 6.389834e-01 7.690749e-01
    outer loop
      vertex   4.700562e+01 1.543961e+01 -1.069003e+01
      vertex   4.637823e+01 1.552609e+01 -1.074966e+01
      vertex   4.636485e+01 1.535497e+01 -1.060723e+01
    endloop
  endfacet
  facet normal 1.482196e-02 6.389914e-01 7.690711e-01
    outer loop
      vertex   4.636485e+01 1.535497e+01 -1.060723e+01
      vertex   4.637823e+01 1.552609e+01 -1.074966e+01
      vertex   4.597645e+01 1.549423e+01 -1.071546e+01
    endloop
  endfacet
  facet normal 4.858126e-03 6.220180e-01 7.829879e-01
    outer loop
      vertex   4.636485e+01 1.535497e+01 -1.060723e+01
      vertex   4.597645e+01 1.549423e+01 -1.071546e+01
      vertex   4.568732e+01 1.532460e+01 -1.057890e+01
    endloop
  endfacet
  facet normal 3.075956e-03 6.238734e-01 7.815193e-01
    outer loop
      vertex   4.568732e+01 1.532460e+01 -1.057890e+01
      vertex   4.597645e+01 1.549423e+01 -1.071546e+01
      vertex   4.556683e+01 1.548909e+01 -1.070973e+01
    endloop
  endfacet
  facet normal -1.174632e-02 6.171699e-01 7.867422e-01
    outer loop
      vertex   4.568732e+01 1.532460e+01 -1.057890e+01
      vertex   4.556683e+01 1.548909e+01 -1.070973e+01
      vertex   4.516034e+01 1.551004e+01 -1.073224e+01
    endloop
  endfacet
  facet normal -1.748610e-02 5.544653e-01 8.320231e-01
    outer loop
      vertex   4.516034e+01 1.551004e+01 -1.073224e+01
      vertex   4.556683e+01 1.548909e+01 -1.070973e+01
      vertex   4.557313e+01 1.559643e+01 -1.078114e+01
    endloop
  endfacet
  facet normal -1.992566e-02 5.628817e-01 8.262973e-01
    outer loop
      vertex   4.516034e+01 1.551004e+01 -1.073224e+01
      vertex   4.557313e+01 1.559643e+01 -1.078114e+01
      vertex   4.518807e+01 1.561821e+01 -1.080526e+01
    endloop
  endfacet
  facet normal -2.596938e-02 4.997679e-01 8.657700e-01
    outer loop
      vertex   4.518807e+01 1.561821e+01 -1.080526e+01
      vertex   4.557313e+01 1.559643e+01 -1.078114e+01
      vertex   4.557935e+01 1.570815e+01 -1.084544e+01
    endloop
  endfacet
  facet normal -2.794074e-02 5.065519e-01 8.617566e-01
    outer loop
      vertex   4.518807e+01 1.561821e+01 -1.080526e+01
      vertex   4.557935e+01 1.570815e+01 -1.084544e+01
      vertex   4.521547e+01 1.573116e+01 -1.087077e+01
    endloop
  endfacet
  facet normal -3.433038e-02 4.430416e-01 8.958435e-01
    outer loop
      vertex   4.521547e+01 1.573116e+01 -1.087077e+01
      vertex   4.557935e+01 1.570815e+01 -1.084544e+01
      vertex   4.558549e+01 1.582377e+01 -1.090239e+01
    endloop
  endfacet
  facet normal -3.579686e-02 4.480324e-01 8.933004e-01
    outer loop
      vertex   4.521547e+01 1.573116e+01 -1.087077e+01
      vertex   4.558549e+01 1.582377e+01 -1.090239e+01
      vertex   4.524242e+01 1.584839e+01 -1.092848e+01
    endloop
  endfacet
  facet normal -4.255041e-02 3.844793e-01 9.221525e-01
    outer loop
      vertex   4.524242e+01 1.584839e+01 -1.092848e+01
      vertex   4.558549e+01 1.582377e+01 -1.090239e+01
      vertex   4.559150e+01 1.594283e+01 -1.095175e+01
    endloop
  endfacet
  facet normal -4.346606e-02 3.875375e-01 9.208286e-01
    outer loop
      vertex   4.524242e+01 1.584839e+01 -1.092848e+01
      vertex   4.559150e+01 1.594283e+01 -1.095175e+01
      vertex   4.526880e+01 1.596936e+01 -1.097815e+01
    endloop
  endfacet
  facet normal -5.119029e-02 3.189960e-01 9.463726e-01
    outer loop
      vertex   4.526880e+01 1.596936e+01 -1.097815e+01
      vertex   4.559150e+01 1.594283e+01 -1.095175e+01
      vertex   4.559835e+01 1.608588e+01 -1.099960e+01
    endloop
  endfacet
  facet normal -5.149641e-02 3.198081e-01 9.460819e-01
    outer loop
      vertex   4.526880e+01 1.596936e+01 -1.097815e+01
      vertex   4.559835e+01 1.608588e+01 -1.099960e+01
      vertex   4.529881e+01 1.611501e+01 -1.102575e+01
    endloop
  endfacet
  facet normal -6.022476e-02 2.485796e-01 9.667374e-01
    outer loop
      vertex   4.529881e+01 1.611501e+01 -1.102575e+01
      vertex   4.559835e+01 1.608588e+01 -1.099960e+01
      vertex   4.560463e+01 1.622475e+01 -1.103491e+01
    endloop
  endfacet
  facet normal -5.962165e-02 2.469373e-01 9.671956e-01
    outer loop
      vertex   4.529881e+01 1.611501e+01 -1.102575e+01
      vertex   4.560463e+01 1.622475e+01 -1.103491e+01
      vertex   4.532628e+01 1.625662e+01 -1.106021e+01
    endloop
  endfacet
  facet normal -8.474493e-01 3.784329e-01 3.723148e-01
    outer loop
      vertex   4.368470e+01 1.748236e+01 -1.256128e+01
      vertex   4.349124e+01 1.700000e+01 -1.251133e+01
      vertex   4.359698e+01 1.710257e+01 -1.237490e+01
    endloop
  endfacet
  facet normal -8.213484e-01 5.118577e-01 2.517707e-01
    outer loop
      vertex   4.359698e+01 1.710257e+01 -1.237490e+01
      vertex   4.349124e+01 1.700000e+01 -1.251133e+01
      vertex   4.344428e+01 1.684251e+01 -1.234434e+01
    endloop
  endfacet
  facet normal -7.610200e-01 4.959853e-01 4.181473e-01
    outer loop
      vertex   4.359698e+01 1.710257e+01 -1.237490e+01
      vertex   4.344428e+01 1.684251e+01 -1.234434e+01
      vertex   4.366819e+01 1.707944e+01 -1.221788e+01
    endloop
  endfacet
  facet normal -7.601115e-01 4.913647e-01 4.251956e-01
    outer loop
      vertex   4.366819e+01 1.707944e+01 -1.221788e+01
      vertex   4.344428e+01 1.684251e+01 -1.234434e+01
      vertex   4.351961e+01 1.682926e+01 -1.219437e+01
    endloop
  endfacet
  facet normal -6.677488e-01 4.521278e-01 5.913477e-01
    outer loop
      vertex   4.366819e+01 1.707944e+01 -1.221788e+01
      vertex   4.351961e+01 1.682926e+01 -1.219437e+01
      vertex   4.387755e+01 1.696068e+01 -1.189066e+01
    endloop
  endfacet
  facet normal -6.678432e-01 4.514692e-01 5.917440e-01
    outer loop
      vertex   4.387755e+01 1.696068e+01 -1.189066e+01
      vertex   4.351961e+01 1.682926e+01 -1.219437e+01
      vertex   4.374248e+01 1.673734e+01 -1.187271e+01
    endloop
  endfacet
  facet normal -5.342335e-01 3.836484e-01 7.532652e-01
    outer loop
      vertex   4.387755e+01 1.696068e+01 -1.189066e+01
      vertex   4.374248e+01 1.673734e+01 -1.187271e+01
      vertex   4.418241e+01 1.676565e+01 -1.157512e+01
    endloop
  endfacet
  facet normal -5.327348e-01 3.914490e-01 7.503075e-01
    outer loop
      vertex   4.418241e+01 1.676565e+01 -1.157512e+01
      vertex   4.374248e+01 1.673734e+01 -1.187271e+01
      vertex   4.406895e+01 1.657162e+01 -1.155445e+01
    endloop
  endfacet
  facet normal -3.945187e-01 3.223560e-01 8.604892e-01
    outer loop
      vertex   4.418241e+01 1.676565e+01 -1.157512e+01
      vertex   4.406895e+01 1.657162e+01 -1.155445e+01
      vertex   4.457894e+01 1.653492e+01 -1.130688e+01
    endloop
  endfacet
  facet normal -3.920716e-01 3.339737e-01 8.571706e-01
    outer loop
      vertex   4.457894e+01 1.653492e+01 -1.130688e+01
      vertex   4.406895e+01 1.657162e+01 -1.155445e+01
      vertex   4.449487e+01 1.636741e+01 -1.128007e+01
    endloop
  endfacet
  facet normal -2.494253e-01 2.738572e-01 9.288645e-01
    outer loop
      vertex   4.457894e+01 1.653492e+01 -1.130688e+01
      vertex   4.449487e+01 1.636741e+01 -1.128007e+01
      vertex   4.505726e+01 1.632709e+01 -1.111716e+01
    endloop
  endfacet
  facet normal -2.478875e-01 2.842891e-01 9.261380e-01
    outer loop
      vertex   4.505726e+01 1.632709e+01 -1.111716e+01
      vertex   4.449487e+01 1.636741e+01 -1.128007e+01
      vertex   4.500966e+01 1.617923e+01 -1.108452e+01
    endloop
  endfacet
  facet normal -1.358500e-01 2.551028e-01 9.573230e-01
    outer loop
      vertex   4.505726e+01 1.632709e+01 -1.111716e+01
      vertex   4.500966e+01 1.617923e+01 -1.108452e+01
      vertex   4.532628e+01 1.625662e+01 -1.106021e+01
    endloop
  endfacet
  facet normal -1.367564e-01 2.591973e-01 9.560933e-01
    outer loop
      vertex   4.532628e+01 1.625662e+01 -1.106021e+01
      vertex   4.500966e+01 1.617923e+01 -1.108452e+01
      vertex   4.529881e+01 1.611501e+01 -1.102575e+01
    endloop
  endfacet
  facet normal -7.124807e-01 5.993459e-01 3.649052e-01
    outer loop
      vertex   4.349124e+01 1.700000e+01 -1.251133e+01
      vertex   4.318350e+01 1.658579e+01 -1.243187e+01
      vertex   4.344428e+01 1.684251e+01 -1.234434e+01
    endloop
  endfacet
  facet normal -7.195270e-01 6.352282e-01 2.806529e-01
    outer loop
      vertex   4.344428e+01 1.684251e+01 -1.234434e+01
      vertex   4.318350e+01 1.658579e+01 -1.243187e+01
      vertex   4.324663e+01 1.659691e+01 -1.229519e+01
    endloop
  endfacet
  facet normal -6.757307e-01 6.227521e-01 3.944209e-01
    outer loop
      vertex   4.344428e+01 1.684251e+01 -1.234434e+01
      vertex   4.324663e+01 1.659691e+01 -1.229519e+01
      vertex   4.351961e+01 1.682926e+01 -1.219437e+01
    endloop
  endfacet
  facet normal -6.739097e-01 6.124639e-01 4.131994e-01
    outer loop
      vertex   4.351961e+01 1.682926e+01 -1.219437e+01
      vertex   4.324663e+01 1.659691e+01 -1.229519e+01
      vertex   4.333135e+01 1.659086e+01 -1.214805e+01
    endloop
  endfacet
  facet normal -5.868596e-01 5.743255e-01 5.707416e-01
    outer loop
      vertex   4.351961e+01 1.682926e+01 -1.219437e+01
      vertex   4.333135e+01 1.659086e+01 -1.214805e+01
      vertex   4.374248e+01 1.673734e+01 -1.187271e+01
    endloop
  endfacet
  facet normal -5.895362e-01 5.594097e-01 5.826730e-01
    outer loop
      vertex   4.374248e+01 1.673734e+01 -1.187271e+01
      vertex   4.333135e+01 1.659086e+01 -1.214805e+01
      vertex   4.357922e+01 1.651988e+01 -1.182912e+01
    endloop
  endfacet
  facet normal -4.641127e-01 4.956061e-01 7.341485e-01
    outer loop
      vertex   4.374248e+01 1.673734e+01 -1.187271e+01
      vertex   4.357922e+01 1.651988e+01 -1.182912e+01
      vertex   4.406895e+01 1.657162e+01 -1.155445e+01
    endloop
  endfacet
  facet normal -4.661136e-01 4.854866e-01 7.396221e-01
    outer loop
      vertex   4.406895e+01 1.657162e+01 -1.155445e+01
      vertex   4.357922e+01 1.651988e+01 -1.182912e+01
      vertex   4.393748e+01 1.637863e+01 -1.151062e+01
    endloop
  endfacet
  facet normal -3.392516e-01 4.220302e-01 8.407133e-01
    outer loop
      vertex   4.406895e+01 1.657162e+01 -1.155445e+01
      vertex   4.393748e+01 1.637863e+01 -1.151062e+01
      vertex   4.449487e+01 1.636741e+01 -1.128007e+01
    endloop
  endfacet
  facet normal -3.405755e-01 4.151860e-01 8.435810e-01
    outer loop
      vertex   4.449487e+01 1.636741e+01 -1.128007e+01
      vertex   4.393748e+01 1.637863e+01 -1.151062e+01
      vertex   4.440059e+01 1.619780e+01 -1.123465e+01
    endloop
  endfacet
  facet normal -2.127641e-01 3.613491e-01 9.078316e-01
    outer loop
      vertex   4.449487e+01 1.636741e+01 -1.128007e+01
      vertex   4.440059e+01 1.619780e+01 -1.123465e+01
      vertex   4.500966e+01 1.617923e+01 -1.108452e+01
    endloop
  endfacet
  facet normal -2.133404e-01 3.565807e-01 9.095802e-01
    outer loop
      vertex   4.500966e+01 1.617923e+01 -1.108452e+01
      vertex   4.440059e+01 1.619780e+01 -1.123465e+01
      vertex   4.495739e+01 1.602772e+01 -1.103738e+01
    endloop
  endfacet
  facet normal -1.166530e-01 3.315104e-01 9.362120e-01
    outer loop
      vertex   4.500966e+01 1.617923e+01 -1.108452e+01
      vertex   4.495739e+01 1.602772e+01 -1.103738e+01
      vertex   4.529881e+01 1.611501e+01 -1.102575e+01
    endloop
  endfacet
  facet normal -1.163137e-01 3.301117e-01 9.367483e-01
    outer loop
      vertex   4.529881e+01 1.611501e+01 -1.102575e+01
      vertex   4.495739e+01 1.602772e+01 -1.103738e+01
      vertex   4.526880e+01 1.596936e+01 -1.097815e+01
    endloop
  endfacet
  facet normal -6.281936e-01 7.433902e-01 2.296602e-01
    outer loop
      vertex   4.324663e+01 1.659691e+01 -1.229519e+01
      vertex   4.318350e+01 1.658579e+01 -1.243187e+01
      vertex   4.305128e+01 1.641484e+01 -1.224021e+01
    endloop
  endfacet
  facet normal -5.334504e-01 7.798422e-01 3.275315e-01
    outer loop
      vertex   4.305128e+01 1.641484e+01 -1.224021e+01
      vertex   4.318350e+01 1.658579e+01 -1.243187e+01
      vertex   4.278244e+01 1.626795e+01 -1.232831e+01
    endloop
  endfacet
  facet normal -5.213464e-01 8.262957e-01 2.131512e-01
    outer loop
      vertex   4.305128e+01 1.641484e+01 -1.224021e+01
      vertex   4.278244e+01 1.626795e+01 -1.232831e+01
      vertex   4.283548e+01 1.626172e+01 -1.217441e+01
    endloop
  endfacet
  facet normal -4.096699e-01 8.948114e-01 1.774348e-01
    outer loop
      vertex   4.283548e+01 1.626172e+01 -1.217441e+01
      vertex   4.278244e+01 1.626795e+01 -1.232831e+01
      vertex   4.260327e+01 1.614045e+01 -1.209901e+01
    endloop
  endfacet
  facet normal -3.693988e-01 8.845170e-01 2.849110e-01
    outer loop
      vertex   4.283548e+01 1.626172e+01 -1.217441e+01
      vertex   4.260327e+01 1.614045e+01 -1.209901e+01
      vertex   4.294657e+01 1.625864e+01 -1.202082e+01
    endloop
  endfacet
  facet normal -3.735874e-01 8.669864e-01 3.297984e-01
    outer loop
      vertex   4.294657e+01 1.625864e+01 -1.202082e+01
      vertex   4.260327e+01 1.614045e+01 -1.209901e+01
      vertex   4.273135e+01 1.613394e+01 -1.193681e+01
    endloop
  endfacet
  facet normal -3.105680e-01 8.381358e-01 4.484150e-01
    outer loop
      vertex   4.294657e+01 1.625864e+01 -1.202082e+01
      vertex   4.273135e+01 1.613394e+01 -1.193681e+01
      vertex   4.325900e+01 1.620190e+01 -1.169838e+01
    endloop
  endfacet
  facet normal -3.302689e-01 7.984979e-01 5.033126e-01
    outer loop
      vertex   4.325900e+01 1.620190e+01 -1.169838e+01
      vertex   4.273135e+01 1.613394e+01 -1.193681e+01
      vertex   4.308407e+01 1.607279e+01 -1.160835e+01
    endloop
  endfacet
  facet normal -2.393747e-01 7.523451e-01 6.137398e-01
    outer loop
      vertex   4.325900e+01 1.620190e+01 -1.169838e+01
      vertex   4.308407e+01 1.607279e+01 -1.160835e+01
      vertex   4.368960e+01 1.608331e+01 -1.138507e+01
    endloop
  endfacet
  facet normal -2.562051e-01 7.047033e-01 6.616285e-01
    outer loop
      vertex   4.368960e+01 1.608331e+01 -1.138507e+01
      vertex   4.308407e+01 1.607279e+01 -1.160835e+01
      vertex   4.355735e+01 1.595510e+01 -1.129973e+01
    endloop
  endfacet
  facet normal -1.718554e-01 6.625602e-01 7.290266e-01
    outer loop
      vertex   4.368960e+01 1.608331e+01 -1.138507e+01
      vertex   4.355735e+01 1.595510e+01 -1.129973e+01
      vertex   4.422843e+01 1.592867e+01 -1.111751e+01
    endloop
  endfacet
  facet normal -1.844223e-01 6.131442e-01 7.681423e-01
    outer loop
      vertex   4.422843e+01 1.592867e+01 -1.111751e+01
      vertex   4.355735e+01 1.595510e+01 -1.129973e+01
      vertex   4.413843e+01 1.580593e+01 -1.104114e+01
    endloop
  endfacet
  facet normal -1.070082e-01 5.806209e-01 8.071113e-01
    outer loop
      vertex   4.422843e+01 1.592867e+01 -1.111751e+01
      vertex   4.413843e+01 1.580593e+01 -1.104114e+01
      vertex   4.486401e+01 1.578165e+01 -1.092748e+01
    endloop
  endfacet
  facet normal -1.127005e-01 5.392034e-01 8.346007e-01
    outer loop
      vertex   4.486401e+01 1.578165e+01 -1.092748e+01
      vertex   4.413843e+01 1.580593e+01 -1.104114e+01
      vertex   4.481591e+01 1.566597e+01 -1.085923e+01
    endloop
  endfacet
  facet normal -6.133102e-02 5.259313e-01 8.483129e-01
    outer loop
      vertex   4.486401e+01 1.578165e+01 -1.092748e+01
      vertex   4.481591e+01 1.566597e+01 -1.085923e+01
      vertex   4.521547e+01 1.573116e+01 -1.087077e+01
    endloop
  endfacet
  facet normal -5.870635e-02 5.114376e-01 8.573127e-01
    outer loop
      vertex   4.521547e+01 1.573116e+01 -1.087077e+01
      vertex   4.481591e+01 1.566597e+01 -1.085923e+01
      vertex   4.518807e+01 1.561821e+01 -1.080526e+01
    endloop
  endfacet
  facet normal -3.245097e-01 9.113680e-01 2.531833e-01
    outer loop
      vertex   4.278244e+01 1.626795e+01 -1.232831e+01
      vertex   4.231539e+01 1.606815e+01 -1.220772e+01
      vertex   4.260327e+01 1.614045e+01 -1.209901e+01
    endloop
  endfacet
  facet normal -2.898698e-01 9.471108e-01 1.376829e-01
    outer loop
      vertex   4.260327e+01 1.614045e+01 -1.209901e+01
      vertex   4.231539e+01 1.606815e+01 -1.220772e+01
      vertex   4.235883e+01 1.605348e+01 -1.201535e+01
    endloop
  endfacet
  facet normal -2.526147e-01 9.380598e-01 2.371281e-01
    outer loop
      vertex   4.260327e+01 1.614045e+01 -1.209901e+01
      vertex   4.235883e+01 1.605348e+01 -1.201535e+01
      vertex   4.273135e+01 1.613394e+01 -1.193681e+01
    endloop
  endfacet
  facet normal -2.600717e-01 9.210315e-01 2.899372e-01
    outer loop
      vertex   4.273135e+01 1.613394e+01 -1.193681e+01
      vertex   4.235883e+01 1.605348e+01 -1.201535e+01
      vertex   4.250568e+01 1.604005e+01 -1.184096e+01
    endloop
  endfacet
  facet normal -2.076320e-01 8.971106e-01 3.899763e-01
    outer loop
      vertex   4.273135e+01 1.613394e+01 -1.193681e+01
      vertex   4.250568e+01 1.604005e+01 -1.184096e+01
      vertex   4.308407e+01 1.607279e+01 -1.160835e+01
    endloop
  endfacet
  facet normal -2.344500e-01 8.550148e-01 4.625829e-01
    outer loop
      vertex   4.308407e+01 1.607279e+01 -1.160835e+01
      vertex   4.250568e+01 1.604005e+01 -1.184096e+01
      vertex   4.290239e+01 1.596619e+01 -1.150339e+01
    endloop
  endfacet
  facet normal -1.586932e-01 8.167074e-01 5.548022e-01
    outer loop
      vertex   4.308407e+01 1.607279e+01 -1.160835e+01
      vertex   4.290239e+01 1.596619e+01 -1.150339e+01
      vertex   4.355735e+01 1.595510e+01 -1.129973e+01
    endloop
  endfacet
  facet normal -1.806032e-01 7.616857e-01 6.222680e-01
    outer loop
      vertex   4.355735e+01 1.595510e+01 -1.129973e+01
      vertex   4.290239e+01 1.596619e+01 -1.150339e+01
      vertex   4.342135e+01 1.584172e+01 -1.120041e+01
    endloop
  endfacet
  facet normal -1.137351e-01 7.283162e-01 6.757365e-01
    outer loop
      vertex   4.355735e+01 1.595510e+01 -1.129973e+01
      vertex   4.342135e+01 1.584172e+01 -1.120041e+01
      vertex   4.413843e+01 1.580593e+01 -1.104114e+01
    endloop
  endfacet
  facet normal -1.292813e-01 6.685871e-01 7.323097e-01
    outer loop
      vertex   4.413843e+01 1.580593e+01 -1.104114e+01
      vertex   4.342135e+01 1.584172e+01 -1.120041e+01
      vertex   4.404666e+01 1.569229e+01 -1.095359e+01
    endloop
  endfacet
  facet normal -7.135623e-02 6.442696e-01 7.614624e-01
    outer loop
      vertex   4.413843e+01 1.580593e+01 -1.104114e+01
      vertex   4.404666e+01 1.569229e+01 -1.095359e+01
      vertex   4.481591e+01 1.566597e+01 -1.085923e+01
    endloop
  endfacet
  facet normal -7.799578e-02 5.931276e-01 8.013216e-01
    outer loop
      vertex   4.481591e+01 1.566597e+01 -1.085923e+01
      vertex   4.404666e+01 1.569229e+01 -1.095359e+01
      vertex   4.476719e+01 1.555598e+01 -1.078257e+01
    endloop
  endfacet
  facet normal -4.263240e-02 5.839686e-01 8.106560e-01
    outer loop
      vertex   4.481591e+01 1.566597e+01 -1.085923e+01
      vertex   4.476719e+01 1.555598e+01 -1.078257e+01
      vertex   4.518807e+01 1.561821e+01 -1.080526e+01
    endloop
  endfacet
  facet normal -3.927635e-02 5.659537e-01 8.235009e-01
    outer loop
      vertex   4.518807e+01 1.561821e+01 -1.080526e+01
      vertex   4.476719e+01 1.555598e+01 -1.078257e+01
      vertex   4.516034e+01 1.551004e+01 -1.073224e+01
    endloop
  endfacet
  facet normal -1.086677e-01 9.890387e-01 9.996933e-02
    outer loop
      vertex   4.231539e+01 1.606815e+01 -1.220772e+01
      vertex   4.181419e+01 1.600000e+01 -1.207831e+01
      vertex   4.235883e+01 1.605348e+01 -1.201535e+01
    endloop
  endfacet
  facet normal -1.094696e-01 9.881418e-01 1.076673e-01
    outer loop
      vertex   4.235883e+01 1.605348e+01 -1.201535e+01
      vertex   4.181419e+01 1.600000e+01 -1.207831e+01
      vertex   4.191386e+01 1.599323e+01 -1.191486e+01
    endloop
  endfacet
  facet normal -8.917225e-02 9.774999e-01 1.911601e-01
    outer loop
      vertex   4.235883e+01 1.605348e+01 -1.201535e+01
      vertex   4.191386e+01 1.599323e+01 -1.191486e+01
      vertex   4.204026e+01 1.597390e+01 -1.175707e+01
    endloop
  endfacet
  facet normal -1.090874e-01 9.798488e-01 1.673210e-01
    outer loop
      vertex   4.235883e+01 1.605348e+01 -1.201535e+01
      vertex   4.204026e+01 1.597390e+01 -1.175707e+01
      vertex   4.250568e+01 1.604005e+01 -1.184096e+01
    endloop
  endfacet
  facet normal -7.783281e-02 9.461748e-01 3.141581e-01
    outer loop
      vertex   4.250568e+01 1.604005e+01 -1.184096e+01
      vertex   4.204026e+01 1.597390e+01 -1.175707e+01
      vertex   4.236495e+01 1.590345e+01 -1.146443e+01
    endloop
  endfacet
  facet normal -8.798750e-02 9.464989e-01 3.104803e-01
    outer loop
      vertex   4.250568e+01 1.604005e+01 -1.184096e+01
      vertex   4.236495e+01 1.590345e+01 -1.146443e+01
      vertex   4.290239e+01 1.596619e+01 -1.150339e+01
    endloop
  endfacet
  facet normal -6.940654e-02 8.829053e-01 4.643931e-01
    outer loop
      vertex   4.290239e+01 1.596619e+01 -1.150339e+01
      vertex   4.236495e+01 1.590345e+01 -1.146443e+01
      vertex   4.277052e+01 1.580115e+01 -1.120931e+01
    endloop
  endfacet
  facet normal -6.137422e-02 8.818973e-01 4.674294e-01
    outer loop
      vertex   4.290239e+01 1.596619e+01 -1.150339e+01
      vertex   4.277052e+01 1.580115e+01 -1.120931e+01
      vertex   4.342135e+01 1.584172e+01 -1.120041e+01
    endloop
  endfacet
  facet normal -5.848665e-02 8.101495e-01 5.832985e-01
    outer loop
      vertex   4.342135e+01 1.584172e+01 -1.120041e+01
      vertex   4.277052e+01 1.580115e+01 -1.120931e+01
      vertex   4.324509e+01 1.568048e+01 -1.099414e+01
    endloop
  endfacet
  facet normal -1.183831e-02 7.926882e-01 6.095123e-01
    outer loop
      vertex   4.342135e+01 1.584172e+01 -1.120041e+01
      vertex   4.324509e+01 1.568048e+01 -1.099414e+01
      vertex   4.377927e+01 1.555492e+01 -1.082047e+01
    endloop
  endfacet
  facet normal -7.159476e-02 7.624982e-01 6.430168e-01
    outer loop
      vertex   4.342135e+01 1.584172e+01 -1.120041e+01
      vertex   4.377927e+01 1.555492e+01 -1.082047e+01
      vertex   4.404666e+01 1.569229e+01 -1.095359e+01
    endloop
  endfacet
  facet normal -1.612920e-02 7.118433e-01 7.021531e-01
    outer loop
      vertex   4.404666e+01 1.569229e+01 -1.095359e+01
      vertex   4.377927e+01 1.555492e+01 -1.082047e+01
      vertex   4.436861e+01 1.543962e+01 -1.069004e+01
    endloop
  endfacet
  facet normal -3.772610e-02 6.979173e-01 7.151840e-01
    outer loop
      vertex   4.404666e+01 1.569229e+01 -1.095359e+01
      vertex   4.436861e+01 1.543962e+01 -1.069004e+01
      vertex   4.476719e+01 1.555598e+01 -1.078257e+01
    endloop
  endfacet
  facet normal -1.273917e-02 6.487086e-01 7.609302e-01
    outer loop
      vertex   4.476719e+01 1.555598e+01 -1.078257e+01
      vertex   4.436861e+01 1.543962e+01 -1.069004e+01
      vertex   4.500957e+01 1.535514e+01 -1.060729e+01
    endloop
  endfacet
  facet normal -2.323261e-02 6.412932e-01 7.669441e-01
    outer loop
      vertex   4.476719e+01 1.555598e+01 -1.078257e+01
      vertex   4.500957e+01 1.535514e+01 -1.060729e+01
      vertex   4.516034e+01 1.551004e+01 -1.073224e+01
    endloop
  endfacet
  facet normal -4.112727e-03 6.302772e-01 7.763593e-01
    outer loop
      vertex   4.516034e+01 1.551004e+01 -1.073224e+01
      vertex   4.500957e+01 1.535514e+01 -1.060729e+01
      vertex   4.568732e+01 1.532460e+01 -1.057890e+01
    endloop
  endfacet
  facet normal 3.308340e-02 8.387347e-01 5.435344e-01
    outer loop
      vertex   4.812852e+01 1.568056e+01 -1.099402e+01
      vertex   4.860282e+01 1.580122e+01 -1.120909e+01
      vertex   4.827208e+01 1.592056e+01 -1.137311e+01
    endloop
  endfacet
  facet normal 9.969467e-02 8.894169e-01 4.460926e-01
    outer loop
      vertex   4.827208e+01 1.592056e+01 -1.137311e+01
      vertex   4.860282e+01 1.580122e+01 -1.120909e+01
      vertex   4.855791e+01 1.598529e+01 -1.156604e+01
    endloop
  endfacet
  facet normal 1.678209e-01 8.325352e-01 5.279407e-01
    outer loop
      vertex   4.827208e+01 1.592056e+01 -1.137311e+01
      vertex   4.855791e+01 1.598529e+01 -1.156604e+01
      vertex   4.836766e+01 1.608998e+01 -1.167066e+01
    endloop
  endfacet
  facet normal 2.457053e-01 8.712051e-01 4.250066e-01
    outer loop
      vertex   4.836766e+01 1.608998e+01 -1.167066e+01
      vertex   4.855791e+01 1.598529e+01 -1.156604e+01
      vertex   4.858099e+01 1.612676e+01 -1.186937e+01
    endloop
  endfacet
  facet normal 3.022567e-01 8.251803e-01 4.771985e-01
    outer loop
      vertex   4.836766e+01 1.608998e+01 -1.167066e+01
      vertex   4.858099e+01 1.612676e+01 -1.186937e+01
      vertex   4.837358e+01 1.625273e+01 -1.195584e+01
    endloop
  endfacet
  facet normal 3.814663e-01 8.602528e-01 3.383024e-01
    outer loop
      vertex   4.837358e+01 1.625273e+01 -1.195584e+01
      vertex   4.858099e+01 1.612676e+01 -1.186937e+01
      vertex   4.851853e+01 1.626243e+01 -1.214394e+01
    endloop
  endfacet
  facet normal 4.532894e-01 8.012202e-01 3.906083e-01
    outer loop
      vertex   4.837358e+01 1.625273e+01 -1.195584e+01
      vertex   4.851853e+01 1.626243e+01 -1.214394e+01
      vertex   4.830550e+01 1.641567e+01 -1.221105e+01
    endloop
  endfacet
  facet normal 5.190641e-01 8.228649e-01 2.312267e-01
    outer loop
      vertex   4.830550e+01 1.641567e+01 -1.221105e+01
      vertex   4.851853e+01 1.626243e+01 -1.214394e+01
      vertex   4.859191e+01 1.626795e+01 -1.232831e+01
    endloop
  endfacet
  facet normal 5.349838e-01 7.804683e-01 3.235143e-01
    outer loop
      vertex   4.830550e+01 1.641567e+01 -1.221105e+01
      vertex   4.859191e+01 1.626795e+01 -1.232831e+01
      vertex   4.819085e+01 1.658579e+01 -1.243187e+01
    endloop
  endfacet
  facet normal 5.973923e-02 8.902452e-01 4.515470e-01
    outer loop
      vertex   4.860282e+01 1.580122e+01 -1.120909e+01
      vertex   4.900933e+01 1.590344e+01 -1.146440e+01
      vertex   4.855791e+01 1.598529e+01 -1.156604e+01
    endloop
  endfacet
  facet normal 9.825980e-02 9.416710e-01 3.218707e-01
    outer loop
      vertex   4.855791e+01 1.598529e+01 -1.156604e+01
      vertex   4.900933e+01 1.590344e+01 -1.146440e+01
      vertex   4.879806e+01 1.602994e+01 -1.176999e+01
    endloop
  endfacet
  facet normal 1.982433e-01 8.824314e-01 4.266315e-01
    outer loop
      vertex   4.855791e+01 1.598529e+01 -1.156604e+01
      vertex   4.879806e+01 1.602994e+01 -1.176999e+01
      vertex   4.858099e+01 1.612676e+01 -1.186937e+01
    endloop
  endfacet
  facet normal 2.734069e-01 9.156155e-01 2.947829e-01
    outer loop
      vertex   4.858099e+01 1.612676e+01 -1.186937e+01
      vertex   4.879806e+01 1.602994e+01 -1.176999e+01
      vertex   4.874753e+01 1.614044e+01 -1.206633e+01
    endloop
  endfacet
  facet normal 3.444762e-01 8.704123e-01 3.517366e-01
    outer loop
      vertex   4.858099e+01 1.612676e+01 -1.186937e+01
      vertex   4.874753e+01 1.614044e+01 -1.206633e+01
      vertex   4.851853e+01 1.626243e+01 -1.214394e+01
    endloop
  endfacet
  facet normal 4.106217e-01 8.917628e-01 1.901286e-01
    outer loop
      vertex   4.851853e+01 1.626243e+01 -1.214394e+01
      vertex   4.874753e+01 1.614044e+01 -1.206633e+01
      vertex   4.859191e+01 1.626795e+01 -1.232831e+01
    endloop
  endfacet
  facet normal 9.014837e-02 9.406896e-01 3.270724e-01
    outer loop
      vertex   4.900933e+01 1.590344e+01 -1.146440e+01
      vertex   4.933416e+01 1.597399e+01 -1.175682e+01
      vertex   4.879806e+01 1.602994e+01 -1.176999e+01
    endloop
  endfacet
  facet normal 9.722916e-02 9.766508e-01 1.915717e-01
    outer loop
      vertex   4.879806e+01 1.602994e+01 -1.176999e+01
      vertex   4.933416e+01 1.597399e+01 -1.175682e+01
      vertex   4.898841e+01 1.605210e+01 -1.197957e+01
    endloop
  endfacet
  facet normal 2.288752e-01 9.242448e-01 3.055939e-01
    outer loop
      vertex   4.879806e+01 1.602994e+01 -1.176999e+01
      vertex   4.898841e+01 1.605210e+01 -1.197957e+01
      vertex   4.874753e+01 1.614044e+01 -1.206633e+01
    endloop
  endfacet
  facet normal 2.900396e-01 9.441982e-01 1.560985e-01
    outer loop
      vertex   4.874753e+01 1.614044e+01 -1.206633e+01
      vertex   4.898841e+01 1.605210e+01 -1.197957e+01
      vertex   4.905896e+01 1.606815e+01 -1.220772e+01
    endloop
  endfacet
  facet normal 3.253829e-01 9.117954e-01 2.505097e-01
    outer loop
      vertex   4.874753e+01 1.614044e+01 -1.206633e+01
      vertex   4.905896e+01 1.606815e+01 -1.220772e+01
      vertex   4.859191e+01 1.626795e+01 -1.232831e+01
    endloop
  endfacet
  facet normal 9.477603e-02 9.761711e-01 1.952114e-01
    outer loop
      vertex   4.933416e+01 1.597399e+01 -1.175682e+01
      vertex   4.946055e+01 1.599329e+01 -1.191470e+01
      vertex   4.898841e+01 1.605210e+01 -1.197957e+01
    endloop
  endfacet
  facet normal 1.089697e-01 9.886699e-01 1.032344e-01
    outer loop
      vertex   4.898841e+01 1.605210e+01 -1.197957e+01
      vertex   4.946055e+01 1.599329e+01 -1.191470e+01
      vertex   4.905896e+01 1.606815e+01 -1.220772e+01
    endloop
  endfacet
  facet normal 1.071131e-01 9.886056e-01 1.057625e-01
    outer loop
      vertex   4.946055e+01 1.599329e+01 -1.191470e+01
      vertex   4.956016e+01 1.600000e+01 -1.207831e+01
      vertex   4.905896e+01 1.606815e+01 -1.220772e+01
    endloop
  endfacet
  facet normal 9.256163e-01 2.330517e-01 2.981967e-01
    outer loop
      vertex   4.764943e+01 1.737799e+01 -1.235486e+01
      vertex   4.768965e+01 1.748236e+01 -1.256128e+01
      vertex   4.757393e+01 1.766940e+01 -1.234825e+01
    endloop
  endfacet
  facet normal 9.145204e-01 1.291932e-01 3.833556e-01
    outer loop
      vertex   4.757393e+01 1.766940e+01 -1.234825e+01
      vertex   4.768965e+01 1.748236e+01 -1.256128e+01
      vertex   4.762367e+01 1.800000e+01 -1.257831e+01
    endloop
  endfacet
  facet normal 9.533822e-01 6.207706e-02 2.953114e-01
    outer loop
      vertex   4.757393e+01 1.766940e+01 -1.234825e+01
      vertex   4.762367e+01 1.800000e+01 -1.257831e+01
      vertex   4.757386e+01 1.798658e+01 -1.241470e+01
    endloop
  endfacet
  facet normal 9.182938e-01 8.137213e-02 3.874468e-01
    outer loop
      vertex   4.757386e+01 1.798658e+01 -1.241470e+01
      vertex   4.751067e+01 1.794798e+01 -1.225682e+01
      vertex   4.757393e+01 1.766940e+01 -1.234825e+01
    endloop
  endfacet
  facet normal 8.973847e-01 6.032637e-02 4.371057e-01
    outer loop
      vertex   4.757393e+01 1.766940e+01 -1.234825e+01
      vertex   4.751067e+01 1.794798e+01 -1.225682e+01
      vertex   4.747214e+01 1.759803e+01 -1.212943e+01
    endloop
  endfacet
  facet normal 8.545935e-01 2.214036e-01 4.697343e-01
    outer loop
      vertex   4.757393e+01 1.766940e+01 -1.234825e+01
      vertex   4.747214e+01 1.759803e+01 -1.212943e+01
      vertex   4.755502e+01 1.732474e+01 -1.215139e+01
    endloop
  endfacet
  facet normal 7.938763e-01 1.944376e-01 5.761548e-01
    outer loop
      vertex   4.755502e+01 1.732474e+01 -1.215139e+01
      vertex   4.747214e+01 1.759803e+01 -1.212943e+01
      vertex   4.743022e+01 1.723318e+01 -1.194853e+01
    endloop
  endfacet
  facet normal 8.501010e-01 9.497564e-02 5.179844e-01
    outer loop
      vertex   4.751067e+01 1.794798e+01 -1.225682e+01
      vertex   4.734825e+01 1.780689e+01 -1.196440e+01
      vertex   4.747214e+01 1.759803e+01 -1.212943e+01
    endloop
  endfacet
  facet normal 8.324405e-01 5.838939e-02 5.510295e-01
    outer loop
      vertex   4.747214e+01 1.759803e+01 -1.212943e+01
      vertex   4.734825e+01 1.780689e+01 -1.196440e+01
      vertex   4.734174e+01 1.748456e+01 -1.192040e+01
    endloop
  endfacet
  facet normal 7.759196e-01 2.063961e-01 5.961120e-01
    outer loop
      vertex   4.747214e+01 1.759803e+01 -1.212943e+01
      vertex   4.734174e+01 1.748456e+01 -1.192040e+01
      vertex   4.743022e+01 1.723318e+01 -1.194853e+01
    endloop
  endfacet
  facet normal 7.127597e-01 1.748622e-01 6.792619e-01
    outer loop
      vertex   4.743022e+01 1.723318e+01 -1.194853e+01
      vertex   4.734174e+01 1.748456e+01 -1.192040e+01
      vertex   4.727385e+01 1.711016e+01 -1.175278e+01
    endloop
  endfacet
  facet normal 7.502534e-01 7.450808e-02 6.569386e-01
    outer loop
      vertex   4.734825e+01 1.780689e+01 -1.196440e+01
      vertex   4.714500e+01 1.760245e+01 -1.170909e+01
      vertex   4.734174e+01 1.748456e+01 -1.192040e+01
    endloop
  endfacet
  facet normal 7.487668e-01 6.766786e-02 6.593704e-01
    outer loop
      vertex   4.734174e+01 1.748456e+01 -1.192040e+01
      vertex   4.714500e+01 1.760245e+01 -1.170909e+01
      vertex   4.718369e+01 1.733872e+01 -1.172596e+01
    endloop
  endfacet
  facet normal 6.877891e-01 1.890589e-01 7.008587e-01
    outer loop
      vertex   4.734174e+01 1.748456e+01 -1.192040e+01
      vertex   4.718369e+01 1.733872e+01 -1.172596e+01
      vertex   4.727385e+01 1.711016e+01 -1.175278e+01
    endloop
  endfacet
  facet normal 6.005056e-01 1.445887e-01 7.864395e-01
    outer loop
      vertex   4.727385e+01 1.711016e+01 -1.175278e+01
      vertex   4.718369e+01 1.733872e+01 -1.172596e+01
      vertex   4.696850e+01 1.687715e+01 -1.147679e+01
    endloop
  endfacet
  facet normal 6.450776e-01 4.583983e-02 7.627408e-01
    outer loop
      vertex   4.714500e+01 1.760245e+01 -1.170909e+01
      vertex   4.690785e+01 1.736111e+01 -1.149402e+01
      vertex   4.718369e+01 1.733872e+01 -1.172596e+01
    endloop
  endfacet
  facet normal 6.449005e-01 3.727417e-02 7.633571e-01
    outer loop
      vertex   4.718369e+01 1.733872e+01 -1.172596e+01
      vertex   4.690785e+01 1.736111e+01 -1.149402e+01
      vertex   4.688546e+01 1.707225e+01 -1.146100e+01
    endloop
  endfacet
  facet normal 5.625666e-01 1.740378e-01 8.082262e-01
    outer loop
      vertex   4.718369e+01 1.733872e+01 -1.172596e+01
      vertex   4.688546e+01 1.707225e+01 -1.146100e+01
      vertex   4.696850e+01 1.687715e+01 -1.147679e+01
    endloop
  endfacet
  facet normal 4.461508e-01 1.181069e-01 8.871303e-01
    outer loop
      vertex   4.696850e+01 1.687715e+01 -1.147679e+01
      vertex   4.688546e+01 1.707225e+01 -1.146100e+01
      vertex   4.659311e+01 1.663277e+01 -1.125546e+01
    endloop
  endfacet
  facet normal 5.045231e-01 5.935212e-02 8.613558e-01
    outer loop
      vertex   4.690785e+01 1.736111e+01 -1.149402e+01
      vertex   4.664115e+01 1.710990e+01 -1.132049e+01
      vertex   4.688546e+01 1.707225e+01 -1.146100e+01
    endloop
  endfacet
  facet normal 4.990777e-01 4.646043e-03 8.665448e-01
    outer loop
      vertex   4.688546e+01 1.707225e+01 -1.146100e+01
      vertex   4.664115e+01 1.710990e+01 -1.132049e+01
      vertex   4.652917e+01 1.680035e+01 -1.125434e+01
    endloop
  endfacet
  facet normal 4.081248e-01 1.496883e-01 9.005707e-01
    outer loop
      vertex   4.688546e+01 1.707225e+01 -1.146100e+01
      vertex   4.652917e+01 1.680035e+01 -1.125434e+01
      vertex   4.659311e+01 1.663277e+01 -1.125546e+01
    endloop
  endfacet
  facet normal 2.709282e-01 9.695255e-02 9.577046e-01
    outer loop
      vertex   4.659311e+01 1.663277e+01 -1.125546e+01
      vertex   4.652917e+01 1.680035e+01 -1.125434e+01
      vertex   4.612569e+01 1.642733e+01 -1.110243e+01
    endloop
  endfacet
  facet normal 3.577197e-01 6.960447e-02 9.312314e-01
    outer loop
      vertex   4.664115e+01 1.710990e+01 -1.132049e+01
      vertex   4.634640e+01 1.687922e+01 -1.119003e+01
      vertex   4.652917e+01 1.680035e+01 -1.125434e+01
    endloop
  endfacet
  facet normal 3.203991e-01 -2.958947e-02 9.468204e-01
    outer loop
      vertex   4.652917e+01 1.680035e+01 -1.125434e+01
      vertex   4.634640e+01 1.687922e+01 -1.119003e+01
      vertex   4.609311e+01 1.657535e+01 -1.111381e+01
    endloop
  endfacet
  facet normal 2.439839e-01 1.275825e-01 9.613504e-01
    outer loop
      vertex   4.652917e+01 1.680035e+01 -1.125434e+01
      vertex   4.609311e+01 1.657535e+01 -1.111381e+01
      vertex   4.612569e+01 1.642733e+01 -1.110243e+01
    endloop
  endfacet
  facet normal 1.192484e-01 1.021445e-01 9.875962e-01
    outer loop
      vertex   4.612569e+01 1.642733e+01 -1.110243e+01
      vertex   4.609311e+01 1.657535e+01 -1.111381e+01
      vertex   4.587104e+01 1.637439e+01 -1.106621e+01
    endloop
  endfacet
  facet normal 2.926975e-01 -4.147223e-03 9.561961e-01
    outer loop
      vertex   4.634640e+01 1.687922e+01 -1.119003e+01
      vertex   4.618921e+01 1.678415e+01 -1.114232e+01
      vertex   4.609311e+01 1.657535e+01 -1.111381e+01
    endloop
  endfacet
  facet normal 1.896763e-01 4.661850e-02 9.807393e-01
    outer loop
      vertex   4.609311e+01 1.657535e+01 -1.111381e+01
      vertex   4.618921e+01 1.678415e+01 -1.114232e+01
      vertex   4.602601e+01 1.670993e+01 -1.110723e+01
    endloop
  endfacet
  facet normal 1.343773e-01 1.856055e-02 9.907564e-01
    outer loop
      vertex   4.609311e+01 1.657535e+01 -1.111381e+01
      vertex   4.602601e+01 1.670993e+01 -1.110723e+01
      vertex   4.585723e+01 1.651769e+01 -1.108074e+01
    endloop
  endfacet
  facet normal 1.162577e-01 3.472528e-02 9.926119e-01
    outer loop
      vertex   4.585723e+01 1.651769e+01 -1.108074e+01
      vertex   4.602601e+01 1.670993e+01 -1.110723e+01
      vertex   4.585789e+01 1.666409e+01 -1.108594e+01
    endloop
  endfacet
  facet normal 3.807497e-02 3.529592e-02 9.986513e-01
    outer loop
      vertex   4.585723e+01 1.651769e+01 -1.108074e+01
      vertex   4.585789e+01 1.666409e+01 -1.108594e+01
      vertex   4.568725e+01 1.664920e+01 -1.107890e+01
    endloop
  endfacet
  facet normal 2.240439e-02 1.502701e-02 9.996360e-01
    outer loop
      vertex   4.585723e+01 1.651769e+01 -1.108074e+01
      vertex   4.568725e+01 1.664920e+01 -1.107890e+01
      vertex   4.561642e+01 1.650833e+01 -1.107520e+01
    endloop
  endfacet
  facet normal -3.767493e-02 4.519632e-02 9.982674e-01
    outer loop
      vertex   4.561642e+01 1.650833e+01 -1.107520e+01
      vertex   4.568725e+01 1.664920e+01 -1.107890e+01
      vertex   4.551657e+01 1.666476e+01 -1.108605e+01
    endloop
  endfacet
  facet normal -8.877335e-02 1.242182e-02 9.959744e-01
    outer loop
      vertex   4.561642e+01 1.650833e+01 -1.107520e+01
      vertex   4.551657e+01 1.666476e+01 -1.108605e+01
      vertex   4.537759e+01 1.654626e+01 -1.109696e+01
    endloop
  endfacet
  facet normal -1.139198e-01 4.222558e-02 9.925922e-01
    outer loop
      vertex   4.537759e+01 1.654626e+01 -1.109696e+01
      vertex   4.551657e+01 1.666476e+01 -1.108605e+01
      vertex   4.534837e+01 1.671029e+01 -1.110729e+01
    endloop
  endfacet
  facet normal -1.979262e-01 2.646103e-02 9.798597e-01
    outer loop
      vertex   4.537759e+01 1.654626e+01 -1.109696e+01
      vertex   4.534837e+01 1.671029e+01 -1.110729e+01
      vertex   4.514525e+01 1.663054e+01 -1.114617e+01
    endloop
  endfacet
  facet normal -1.981279e-01 2.700167e-02 9.798042e-01
    outer loop
      vertex   4.514525e+01 1.663054e+01 -1.114617e+01
      vertex   4.534837e+01 1.671029e+01 -1.110729e+01
      vertex   4.518507e+01 1.678422e+01 -1.114235e+01
    endloop
  endfacet
  facet normal -2.651503e-01 4.477987e-02 9.631667e-01
    outer loop
      vertex   4.514525e+01 1.663054e+01 -1.114617e+01
      vertex   4.518507e+01 1.678422e+01 -1.114235e+01
      vertex   4.502789e+01 1.687923e+01 -1.119004e+01
    endloop
  endfacet
  facet normal -3.763890e-01 -1.420560e-02 9.263528e-01
    outer loop
      vertex   4.514525e+01 1.663054e+01 -1.114617e+01
      vertex   4.502789e+01 1.687923e+01 -1.119004e+01
      vertex   4.472800e+01 1.688249e+01 -1.131184e+01
    endloop
  endfacet
  facet normal -3.755255e-01 4.379186e-02 9.257769e-01
    outer loop
      vertex   4.472800e+01 1.688249e+01 -1.131184e+01
      vertex   4.502789e+01 1.687923e+01 -1.119004e+01
      vertex   4.473322e+01 1.710985e+01 -1.132047e+01
    endloop
  endfacet
  facet normal -5.149383e-01 4.434850e-02 8.560793e-01
    outer loop
      vertex   4.472800e+01 1.688249e+01 -1.131184e+01
      vertex   4.473322e+01 1.710985e+01 -1.132047e+01
      vertex   4.446613e+01 1.736097e+01 -1.149414e+01
    endloop
  endfacet
  facet normal -5.519172e-01 1.560354e-02 8.337529e-01
    outer loop
      vertex   4.472800e+01 1.688249e+01 -1.131184e+01
      vertex   4.446613e+01 1.736097e+01 -1.149414e+01
      vertex   4.437016e+01 1.717490e+01 -1.155419e+01
    endloop
  endfacet
  facet normal -6.277515e-01 7.370436e-02 7.749166e-01
    outer loop
      vertex   4.437016e+01 1.717490e+01 -1.155419e+01
      vertex   4.446613e+01 1.736097e+01 -1.149414e+01
      vertex   4.422885e+01 1.760229e+01 -1.170931e+01
    endloop
  endfacet
  facet normal -7.137967e-01 1.810571e-02 7.001188e-01
    outer loop
      vertex   4.437016e+01 1.717490e+01 -1.155419e+01
      vertex   4.422885e+01 1.760229e+01 -1.170931e+01
      vertex   4.407997e+01 1.744085e+01 -1.185693e+01
    endloop
  endfacet
  facet normal -7.460925e-01 8.410533e-02 6.605091e-01
    outer loop
      vertex   4.407997e+01 1.744085e+01 -1.185693e+01
      vertex   4.422885e+01 1.760229e+01 -1.170931e+01
      vertex   4.402606e+01 1.780690e+01 -1.196443e+01
    endloop
  endfacet
  facet normal -8.395365e-01 3.558190e-02 5.421368e-01
    outer loop
      vertex   4.407997e+01 1.744085e+01 -1.185693e+01
      vertex   4.402606e+01 1.780690e+01 -1.196443e+01
      vertex   4.386431e+01 1.762745e+01 -1.220314e+01
    endloop
  endfacet
  facet normal -8.533601e-01 8.501681e-02 5.143429e-01
    outer loop
      vertex   4.386431e+01 1.762745e+01 -1.220314e+01
      vertex   4.402606e+01 1.780690e+01 -1.196443e+01
      vertex   4.386372e+01 1.794781e+01 -1.225707e+01
    endloop
  endfacet
  facet normal -9.106874e-01 6.694798e-02 4.076351e-01
    outer loop
      vertex   4.386431e+01 1.762745e+01 -1.220314e+01
      vertex   4.386372e+01 1.794781e+01 -1.225707e+01
      vertex   4.378601e+01 1.767657e+01 -1.238613e+01
    endloop
  endfacet
  facet normal -9.185902e-01 7.891101e-02 3.872533e-01
    outer loop
      vertex   4.378601e+01 1.767657e+01 -1.238613e+01
      vertex   4.386372e+01 1.794781e+01 -1.225707e+01
      vertex   4.380052e+01 1.798646e+01 -1.241486e+01
    endloop
  endfacet
  facet normal -5.785123e-01 7.303875e-01 3.631221e-01
    outer loop
      vertex   4.333135e+01 1.659086e+01 -1.214805e+01
      vertex   4.324663e+01 1.659691e+01 -1.229519e+01
      vertex   4.305128e+01 1.641484e+01 -1.224021e+01
    endloop
  endfacet
  facet normal -4.785092e-01 8.148866e-01 3.270914e-01
    outer loop
      vertex   4.305128e+01 1.641484e+01 -1.224021e+01
      vertex   4.283548e+01 1.626172e+01 -1.217441e+01
      vertex   4.314773e+01 1.641185e+01 -1.209164e+01
    endloop
  endfacet
  facet normal -4.801803e-01 7.983939e-01 3.633100e-01
    outer loop
      vertex   4.314773e+01 1.641185e+01 -1.209164e+01
      vertex   4.283548e+01 1.626172e+01 -1.217441e+01
      vertex   4.294657e+01 1.625864e+01 -1.202082e+01
    endloop
  endfacet
  facet normal -4.076160e-01 7.653895e-01 4.980242e-01
    outer loop
      vertex   4.314773e+01 1.641185e+01 -1.209164e+01
      vertex   4.294657e+01 1.625864e+01 -1.202082e+01
      vertex   4.342482e+01 1.635163e+01 -1.177231e+01
    endloop
  endfacet
  facet normal -4.210513e-01 7.312408e-01 5.366589e-01
    outer loop
      vertex   4.342482e+01 1.635163e+01 -1.177231e+01
      vertex   4.294657e+01 1.625864e+01 -1.202082e+01
      vertex   4.325900e+01 1.620190e+01 -1.169838e+01
    endloop
  endfacet
  facet normal -3.167230e-01 6.781644e-01 6.631588e-01
    outer loop
      vertex   4.342482e+01 1.635163e+01 -1.177231e+01
      vertex   4.325900e+01 1.620190e+01 -1.169838e+01
      vertex   4.381675e+01 1.622498e+01 -1.145561e+01
    endloop
  endfacet
  facet normal -3.286204e-01 6.405268e-01 6.940706e-01
    outer loop
      vertex   4.381675e+01 1.622498e+01 -1.145561e+01
      vertex   4.325900e+01 1.620190e+01 -1.169838e+01
      vertex   4.368960e+01 1.608331e+01 -1.138507e+01
    endloop
  endfacet
  facet normal -2.283980e-01 5.904237e-01 7.741022e-01
    outer loop
      vertex   4.381675e+01 1.622498e+01 -1.145561e+01
      vertex   4.368960e+01 1.608331e+01 -1.138507e+01
      vertex   4.431604e+01 1.605962e+01 -1.118217e+01
    endloop
  endfacet
  facet normal -2.376733e-01 5.532409e-01 7.983958e-01
    outer loop
      vertex   4.431604e+01 1.605962e+01 -1.118217e+01
      vertex   4.368960e+01 1.608331e+01 -1.138507e+01
      vertex   4.422843e+01 1.592867e+01 -1.111751e+01
    endloop
  endfacet
  facet normal -1.421306e-01 5.130724e-01 8.464961e-01
    outer loop
      vertex   4.431604e+01 1.605962e+01 -1.118217e+01
      vertex   4.422843e+01 1.592867e+01 -1.111751e+01
      vertex   4.491126e+01 1.590244e+01 -1.098696e+01
    endloop
  endfacet
  facet normal -1.465569e-01 4.825576e-01 8.635156e-01
    outer loop
      vertex   4.491126e+01 1.590244e+01 -1.098696e+01
      vertex   4.422843e+01 1.592867e+01 -1.111751e+01
      vertex   4.486401e+01 1.578165e+01 -1.092748e+01
    endloop
  endfacet
  facet normal -7.972503e-02 4.653026e-01 8.815540e-01
    outer loop
      vertex   4.491126e+01 1.590244e+01 -1.098696e+01
      vertex   4.486401e+01 1.578165e+01 -1.092748e+01
      vertex   4.524242e+01 1.584839e+01 -1.092848e+01
    endloop
  endfacet
  facet normal -7.784213e-02 4.547114e-01 8.872306e-01
    outer loop
      vertex   4.524242e+01 1.584839e+01 -1.092848e+01
      vertex   4.486401e+01 1.578165e+01 -1.092748e+01
      vertex   4.521547e+01 1.573116e+01 -1.087077e+01
    endloop
  endfacet
  facet normal -8.750550e-01 2.169856e-01 4.326616e-01
    outer loop
      vertex   4.386431e+01 1.762745e+01 -1.220314e+01
      vertex   4.378601e+01 1.767657e+01 -1.238613e+01
      vertex   4.371175e+01 1.738272e+01 -1.238894e+01
    endloop
  endfacet
  facet normal -8.773354e-01 2.251488e-01 4.237814e-01
    outer loop
      vertex   4.386431e+01 1.762745e+01 -1.220314e+01
      vertex   4.371175e+01 1.738272e+01 -1.238894e+01
      vertex   4.378390e+01 1.734740e+01 -1.222082e+01
    endloop
  endfacet
  facet normal -4.977383e-01 6.801461e-01 5.381988e-01
    outer loop
      vertex   4.357922e+01 1.651988e+01 -1.182912e+01
      vertex   4.333135e+01 1.659086e+01 -1.214805e+01
      vertex   4.314773e+01 1.641185e+01 -1.209164e+01
    endloop
  endfacet
  facet normal -5.785455e-01 7.163441e-01 3.900466e-01
    outer loop
      vertex   4.314773e+01 1.641185e+01 -1.209164e+01
      vertex   4.333135e+01 1.659086e+01 -1.214805e+01
      vertex   4.305128e+01 1.641484e+01 -1.224021e+01
    endloop
  endfacet
  facet normal -5.058966e-01 6.541113e-01 5.623229e-01
    outer loop
      vertex   4.357922e+01 1.651988e+01 -1.182912e+01
      vertex   4.314773e+01 1.641185e+01 -1.209164e+01
      vertex   4.342482e+01 1.635163e+01 -1.177231e+01
    endloop
  endfacet
  facet normal -7.849357e-01 1.881027e-01 5.903332e-01
    outer loop
      vertex   4.407997e+01 1.744085e+01 -1.185693e+01
      vertex   4.386431e+01 1.762745e+01 -1.220314e+01
      vertex   4.378390e+01 1.734740e+01 -1.222082e+01
    endloop
  endfacet
  facet normal -7.836526e-01 2.186749e-01 5.814377e-01
    outer loop
      vertex   4.407997e+01 1.744085e+01 -1.185693e+01
      vertex   4.378390e+01 1.734740e+01 -1.222082e+01
      vertex   4.399069e+01 1.719653e+01 -1.188537e+01
    endloop
  endfacet
  facet normal -3.900025e-01 5.951425e-01 7.026403e-01
    outer loop
      vertex   4.393748e+01 1.637863e+01 -1.151062e+01
      vertex   4.357922e+01 1.651988e+01 -1.182912e+01
      vertex   4.342482e+01 1.635163e+01 -1.177231e+01
    endloop
  endfacet
  facet normal -3.972412e-01 5.697390e-01 7.194420e-01
    outer loop
      vertex   4.393748e+01 1.637863e+01 -1.151062e+01
      vertex   4.342482e+01 1.635163e+01 -1.177231e+01
      vertex   4.381675e+01 1.622498e+01 -1.145561e+01
    endloop
  endfacet
  facet normal -6.454142e-01 1.486288e-01 7.492329e-01
    outer loop
      vertex   4.437016e+01 1.717490e+01 -1.155419e+01
      vertex   4.407997e+01 1.744085e+01 -1.185693e+01
      vertex   4.399069e+01 1.719653e+01 -1.188537e+01
    endloop
  endfacet
  facet normal -6.389039e-01 1.930361e-01 7.446737e-01
    outer loop
      vertex   4.437016e+01 1.717490e+01 -1.155419e+01
      vertex   4.399069e+01 1.719653e+01 -1.188537e+01
      vertex   4.428324e+01 1.696760e+01 -1.157502e+01
    endloop
  endfacet
  facet normal -2.829365e-01 5.125868e-01 8.106798e-01
    outer loop
      vertex   4.440059e+01 1.619780e+01 -1.123465e+01
      vertex   4.393748e+01 1.637863e+01 -1.151062e+01
      vertex   4.381675e+01 1.622498e+01 -1.145561e+01
    endloop
  endfacet
  facet normal -2.886802e-01 4.892444e-01 8.229846e-01
    outer loop
      vertex   4.440059e+01 1.619780e+01 -1.123465e+01
      vertex   4.381675e+01 1.622498e+01 -1.145561e+01
      vertex   4.431604e+01 1.605962e+01 -1.118217e+01
    endloop
  endfacet
  facet normal -4.888685e-01 1.181006e-01 8.643262e-01
    outer loop
      vertex   4.472800e+01 1.688249e+01 -1.131184e+01
      vertex   4.437016e+01 1.717490e+01 -1.155419e+01
      vertex   4.428324e+01 1.696760e+01 -1.157502e+01
    endloop
  endfacet
  facet normal -4.784399e-01 1.661841e-01 8.622518e-01
    outer loop
      vertex   4.472800e+01 1.688249e+01 -1.131184e+01
      vertex   4.428324e+01 1.696760e+01 -1.157502e+01
      vertex   4.465688e+01 1.670712e+01 -1.131750e+01
    endloop
  endfacet
  facet normal -1.765487e-01 4.420673e-01 8.794357e-01
    outer loop
      vertex   4.495739e+01 1.602772e+01 -1.103738e+01
      vertex   4.440059e+01 1.619780e+01 -1.123465e+01
      vertex   4.431604e+01 1.605962e+01 -1.118217e+01
    endloop
  endfacet
  facet normal -1.794042e-01 4.234412e-01 8.879818e-01
    outer loop
      vertex   4.495739e+01 1.602772e+01 -1.103738e+01
      vertex   4.431604e+01 1.605962e+01 -1.118217e+01
      vertex   4.491126e+01 1.590244e+01 -1.098696e+01
    endloop
  endfacet
  facet normal -3.158026e-01 9.759658e-02 9.437921e-01
    outer loop
      vertex   4.514525e+01 1.663054e+01 -1.114617e+01
      vertex   4.472800e+01 1.688249e+01 -1.131184e+01
      vertex   4.465688e+01 1.670712e+01 -1.131750e+01
    endloop
  endfacet
  facet normal -3.085212e-01 1.380952e-01 9.411399e-01
    outer loop
      vertex   4.514525e+01 1.663054e+01 -1.114617e+01
      vertex   4.465688e+01 1.670712e+01 -1.131750e+01
      vertex   4.510255e+01 1.647784e+01 -1.113776e+01
    endloop
  endfacet
  facet normal -9.773885e-02 4.023355e-01 9.102600e-01
    outer loop
      vertex   4.526880e+01 1.596936e+01 -1.097815e+01
      vertex   4.495739e+01 1.602772e+01 -1.103738e+01
      vertex   4.491126e+01 1.590244e+01 -1.098696e+01
    endloop
  endfacet
  facet normal -9.662152e-02 3.959833e-01 9.131602e-01
    outer loop
      vertex   4.526880e+01 1.596936e+01 -1.097815e+01
      vertex   4.491126e+01 1.590244e+01 -1.098696e+01
      vertex   4.524242e+01 1.584839e+01 -1.092848e+01
    endloop
  endfacet
  facet normal -1.706775e-01 1.016993e-01 9.800645e-01
    outer loop
      vertex   4.537759e+01 1.654626e+01 -1.109696e+01
      vertex   4.514525e+01 1.663054e+01 -1.114617e+01
      vertex   4.510255e+01 1.647784e+01 -1.113776e+01
    endloop
  endfacet
  facet normal -1.741332e-01 1.169700e-01 9.777503e-01
    outer loop
      vertex   4.537759e+01 1.654626e+01 -1.109696e+01
      vertex   4.510255e+01 1.647784e+01 -1.113776e+01
      vertex   4.535259e+01 1.640064e+01 -1.108399e+01
    endloop
  endfacet
  facet normal -7.433426e-02 1.011142e-01 9.920939e-01
    outer loop
      vertex   4.561642e+01 1.650833e+01 -1.107520e+01
      vertex   4.537759e+01 1.654626e+01 -1.109696e+01
      vertex   4.535259e+01 1.640064e+01 -1.108399e+01
    endloop
  endfacet
  facet normal -7.699788e-02 1.077133e-01 9.911958e-01
    outer loop
      vertex   4.561642e+01 1.650833e+01 -1.107520e+01
      vertex   4.535259e+01 1.640064e+01 -1.108399e+01
      vertex   4.561067e+01 1.636581e+01 -1.106016e+01
    endloop
  endfacet
  facet normal 5.524399e-03 5.536059e-01 8.327605e-01
    outer loop
      vertex   4.557313e+01 1.559643e+01 -1.078114e+01
      vertex   4.556683e+01 1.548909e+01 -1.070973e+01
      vertex   4.596129e+01 1.560177e+01 -1.078726e+01
    endloop
  endfacet
  facet normal 4.627879e-03 5.557601e-01 8.313299e-01
    outer loop
      vertex   4.596129e+01 1.560177e+01 -1.078726e+01
      vertex   4.556683e+01 1.548909e+01 -1.070973e+01
      vertex   4.597645e+01 1.549423e+01 -1.071546e+01
    endloop
  endfacet
  facet normal 3.134606e-02 5.580931e-01 8.291861e-01
    outer loop
      vertex   4.596129e+01 1.560177e+01 -1.078726e+01
      vertex   4.597645e+01 1.549423e+01 -1.071546e+01
      vertex   4.634169e+01 1.563488e+01 -1.082393e+01
    endloop
  endfacet
  facet normal 2.483492e-02 5.692809e-01 8.217679e-01
    outer loop
      vertex   4.634169e+01 1.563488e+01 -1.082393e+01
      vertex   4.597645e+01 1.549423e+01 -1.071546e+01
      vertex   4.637823e+01 1.552609e+01 -1.074966e+01
    endloop
  endfacet
  facet normal 7.431109e-02 5.791243e-01 8.118454e-01
    outer loop
      vertex   4.634169e+01 1.563488e+01 -1.082393e+01
      vertex   4.637823e+01 1.552609e+01 -1.074966e+01
      vertex   4.704618e+01 1.576131e+01 -1.097860e+01
    endloop
  endfacet
  facet normal 5.044802e-02 6.193180e-01 7.835179e-01
    outer loop
      vertex   4.704618e+01 1.576131e+01 -1.097860e+01
      vertex   4.637823e+01 1.552609e+01 -1.074966e+01
      vertex   4.712533e+01 1.564857e+01 -1.089458e+01
    endloop
  endfacet
  facet normal 1.278271e-01 6.487844e-01 7.501593e-01
    outer loop
      vertex   4.704618e+01 1.576131e+01 -1.097860e+01
      vertex   4.712533e+01 1.564857e+01 -1.089458e+01
      vertex   4.762389e+01 1.590499e+01 -1.120130e+01
    endloop
  endfacet
  facet normal 8.663272e-02 6.905280e-01 7.180988e-01
    outer loop
      vertex   4.762389e+01 1.590499e+01 -1.120130e+01
      vertex   4.712533e+01 1.564857e+01 -1.089458e+01
      vertex   4.774394e+01 1.579071e+01 -1.110589e+01
    endloop
  endfacet
  facet normal 1.802451e-01 7.350380e-01 6.536289e-01
    outer loop
      vertex   4.762389e+01 1.590499e+01 -1.120130e+01
      vertex   4.774394e+01 1.579071e+01 -1.110589e+01
      vertex   4.810950e+01 1.603103e+01 -1.147696e+01
    endloop
  endfacet
  facet normal 7.519688e-03 4.985200e-01 8.668456e-01
    outer loop
      vertex   4.557935e+01 1.570815e+01 -1.084544e+01
      vertex   4.557313e+01 1.559643e+01 -1.078114e+01
      vertex   4.594631e+01 1.571378e+01 -1.085186e+01
    endloop
  endfacet
  facet normal 6.780070e-03 5.002683e-01 8.658439e-01
    outer loop
      vertex   4.594631e+01 1.571378e+01 -1.085186e+01
      vertex   4.557313e+01 1.559643e+01 -1.078114e+01
      vertex   4.596129e+01 1.560177e+01 -1.078726e+01
    endloop
  endfacet
  facet normal 4.342860e-02 5.034806e-01 8.629144e-01
    outer loop
      vertex   4.594631e+01 1.571378e+01 -1.085186e+01
      vertex   4.596129e+01 1.560177e+01 -1.078726e+01
      vertex   4.630560e+01 1.574877e+01 -1.089036e+01
    endloop
  endfacet
  facet normal 3.808271e-02 5.124609e-01 8.578657e-01
    outer loop
      vertex   4.630560e+01 1.574877e+01 -1.089036e+01
      vertex   4.596129e+01 1.560177e+01 -1.078726e+01
      vertex   4.634169e+01 1.563488e+01 -1.082393e+01
    endloop
  endfacet
  facet normal 1.010329e-01 5.249654e-01 8.451057e-01
    outer loop
      vertex   4.630560e+01 1.574877e+01 -1.089036e+01
      vertex   4.634169e+01 1.563488e+01 -1.082393e+01
      vertex   4.696839e+01 1.588192e+01 -1.105231e+01
    endloop
  endfacet
  facet normal 8.136775e-02 5.574117e-01 8.262394e-01
    outer loop
      vertex   4.696839e+01 1.588192e+01 -1.105231e+01
      vertex   4.634169e+01 1.563488e+01 -1.082393e+01
      vertex   4.704618e+01 1.576131e+01 -1.097860e+01
    endloop
  endfacet
  facet normal 1.731422e-01 5.924752e-01 7.867623e-01
    outer loop
      vertex   4.696839e+01 1.588192e+01 -1.105231e+01
      vertex   4.704618e+01 1.576131e+01 -1.097860e+01
      vertex   4.750675e+01 1.603178e+01 -1.128364e+01
    endloop
  endfacet
  facet normal 1.396311e-01 6.267806e-01 7.665828e-01
    outer loop
      vertex   4.750675e+01 1.603178e+01 -1.128364e+01
      vertex   4.704618e+01 1.576131e+01 -1.097860e+01
      vertex   4.762389e+01 1.590499e+01 -1.120130e+01
    endloop
  endfacet
  facet normal 2.443753e-01 6.767338e-01 6.944869e-01
    outer loop
      vertex   4.750675e+01 1.603178e+01 -1.128364e+01
      vertex   4.762389e+01 1.590499e+01 -1.120130e+01
      vertex   4.795228e+01 1.616059e+01 -1.156592e+01
    endloop
  endfacet
  facet normal 2.004772e-01 7.081671e-01 6.769846e-01
    outer loop
      vertex   4.795228e+01 1.616059e+01 -1.156592e+01
      vertex   4.762389e+01 1.590499e+01 -1.120130e+01
      vertex   4.810950e+01 1.603103e+01 -1.147696e+01
    endloop
  endfacet
  facet normal 2.963583e-01 7.583380e-01 5.805990e-01
    outer loop
      vertex   4.795228e+01 1.616059e+01 -1.156592e+01
      vertex   4.810950e+01 1.603103e+01 -1.147696e+01
      vertex   4.818481e+01 1.621873e+01 -1.176056e+01
    endloop
  endfacet
  facet normal 9.463418e-03 4.414135e-01 8.972539e-01
    outer loop
      vertex   4.558549e+01 1.582377e+01 -1.090239e+01
      vertex   4.557935e+01 1.570815e+01 -1.084544e+01
      vertex   4.593156e+01 1.582980e+01 -1.090900e+01
    endloop
  endfacet
  facet normal 8.897824e-03 4.427180e-01 8.966167e-01
    outer loop
      vertex   4.593156e+01 1.582980e+01 -1.090900e+01
      vertex   4.557935e+01 1.570815e+01 -1.084544e+01
      vertex   4.594631e+01 1.571378e+01 -1.085186e+01
    endloop
  endfacet
  facet normal 5.521965e-02 4.467924e-01 8.929319e-01
    outer loop
      vertex   4.593156e+01 1.582980e+01 -1.090900e+01
      vertex   4.594631e+01 1.571378e+01 -1.085186e+01
      vertex   4.627013e+01 1.586721e+01 -1.094866e+01
    endloop
  endfacet
  facet normal 5.119784e-02 4.533449e-01 8.898636e-01
    outer loop
      vertex   4.627013e+01 1.586721e+01 -1.094866e+01
      vertex   4.594631e+01 1.571378e+01 -1.085186e+01
      vertex   4.630560e+01 1.574877e+01 -1.089036e+01
    endloop
  endfacet
  facet normal 1.268887e-01 4.683839e-01 8.743659e-01
    outer loop
      vertex   4.627013e+01 1.586721e+01 -1.094866e+01
      vertex   4.630560e+01 1.574877e+01 -1.089036e+01
      vertex   4.689247e+01 1.600961e+01 -1.111525e+01
    endloop
  endfacet
  facet normal 1.120533e-01 4.921794e-01 8.632517e-01
    outer loop
      vertex   4.689247e+01 1.600961e+01 -1.111525e+01
      vertex   4.630560e+01 1.574877e+01 -1.089036e+01
      vertex   4.696839e+01 1.588192e+01 -1.105231e+01
    endloop
  endfacet
  facet normal 2.166772e-01 5.322668e-01 8.183783e-01
    outer loop
      vertex   4.689247e+01 1.600961e+01 -1.111525e+01
      vertex   4.696839e+01 1.588192e+01 -1.105231e+01
      vertex   4.739359e+01 1.616988e+01 -1.135217e+01
    endloop
  endfacet
  facet normal 1.917037e-01 5.578273e-01 8.075137e-01
    outer loop
      vertex   4.739359e+01 1.616988e+01 -1.135217e+01
      vertex   4.696839e+01 1.588192e+01 -1.105231e+01
      vertex   4.750675e+01 1.603178e+01 -1.128364e+01
    endloop
  endfacet
  facet normal 3.054813e-01 6.122338e-01 7.292812e-01
    outer loop
      vertex   4.739359e+01 1.616988e+01 -1.135217e+01
      vertex   4.750675e+01 1.603178e+01 -1.128364e+01
      vertex   4.780233e+01 1.630756e+01 -1.163897e+01
    endloop
  endfacet
  facet normal 2.728345e-01 6.367708e-01 7.211687e-01
    outer loop
      vertex   4.780233e+01 1.630756e+01 -1.163897e+01
      vertex   4.750675e+01 1.603178e+01 -1.128364e+01
      vertex   4.795228e+01 1.616059e+01 -1.156592e+01
    endloop
  endfacet
  facet normal 3.741588e-01 6.897904e-01 6.198342e-01
    outer loop
      vertex   4.780233e+01 1.630756e+01 -1.163897e+01
      vertex   4.795228e+01 1.616059e+01 -1.156592e+01
      vertex   4.801194e+01 1.636958e+01 -1.183451e+01
    endloop
  endfacet
  facet normal 3.458764e-01 7.017348e-01 6.228466e-01
    outer loop
      vertex   4.801194e+01 1.636958e+01 -1.183451e+01
      vertex   4.795228e+01 1.616059e+01 -1.156592e+01
      vertex   4.818481e+01 1.621873e+01 -1.176056e+01
    endloop
  endfacet
  facet normal 4.306675e-01 7.440038e-01 5.108659e-01
    outer loop
      vertex   4.801194e+01 1.636958e+01 -1.183451e+01
      vertex   4.818481e+01 1.621873e+01 -1.176056e+01
      vertex   4.817919e+01 1.640565e+01 -1.202805e+01
    endloop
  endfacet
  facet normal 1.134924e-02 3.824797e-01 9.238942e-01
    outer loop
      vertex   4.559150e+01 1.594283e+01 -1.095175e+01
      vertex   4.558549e+01 1.582377e+01 -1.090239e+01
      vertex   4.591711e+01 1.594933e+01 -1.095844e+01
    endloop
  endfacet
  facet normal 1.097790e-02 3.833090e-01 9.235549e-01
    outer loop
      vertex   4.591711e+01 1.594933e+01 -1.095844e+01
      vertex   4.558549e+01 1.582377e+01 -1.090239e+01
      vertex   4.593156e+01 1.582980e+01 -1.090900e+01
    endloop
  endfacet
  facet normal 6.666533e-02 3.882225e-01 9.191513e-01
    outer loop
      vertex   4.591711e+01 1.594933e+01 -1.095844e+01
      vertex   4.593156e+01 1.582980e+01 -1.090900e+01
      vertex   4.623544e+01 1.598965e+01 -1.099856e+01
    endloop
  endfacet
  facet normal 6.415175e-02 3.921631e-01 9.176560e-01
    outer loop
      vertex   4.623544e+01 1.598965e+01 -1.099856e+01
      vertex   4.593156e+01 1.582980e+01 -1.090900e+01
      vertex   4.627013e+01 1.586721e+01 -1.094866e+01
    endloop
  endfacet
  facet normal 1.517173e-01 4.095960e-01 8.995627e-01
    outer loop
      vertex   4.623544e+01 1.598965e+01 -1.099856e+01
      vertex   4.627013e+01 1.586721e+01 -1.094866e+01
      vertex   4.681891e+01 1.614354e+01 -1.116703e+01
    endloop
  endfacet
  facet normal 1.424037e-01 4.240071e-01 8.943932e-01
    outer loop
      vertex   4.681891e+01 1.614354e+01 -1.116703e+01
      vertex   4.627013e+01 1.586721e+01 -1.094866e+01
      vertex   4.689247e+01 1.600961e+01 -1.111525e+01
    endloop
  endfacet
  facet normal 2.581329e-01 4.684533e-01 8.449372e-01
    outer loop
      vertex   4.681891e+01 1.614354e+01 -1.116703e+01
      vertex   4.689247e+01 1.600961e+01 -1.111525e+01
      vertex   4.728543e+01 1.631803e+01 -1.140630e+01
    endloop
  endfacet
  facet normal 2.425663e-01 4.842334e-01 8.406424e-01
    outer loop
      vertex   4.728543e+01 1.631803e+01 -1.140630e+01
      vertex   4.689247e+01 1.600961e+01 -1.111525e+01
      vertex   4.739359e+01 1.616988e+01 -1.135217e+01
    endloop
  endfacet
  facet normal 3.630641e-01 5.419837e-01 7.579170e-01
    outer loop
      vertex   4.728543e+01 1.631803e+01 -1.140630e+01
      vertex   4.739359e+01 1.616988e+01 -1.135217e+01
      vertex   4.766149e+01 1.647011e+01 -1.169520e+01
    endloop
  endfacet
  facet normal 3.423588e-01 5.581013e-01 7.558528e-01
    outer loop
      vertex   4.766149e+01 1.647011e+01 -1.169520e+01
      vertex   4.739359e+01 1.616988e+01 -1.135217e+01
      vertex   4.780233e+01 1.630756e+01 -1.163897e+01
    endloop
  endfacet
  facet normal 4.468736e-01 6.126811e-01 6.518634e-01
    outer loop
      vertex   4.766149e+01 1.647011e+01 -1.169520e+01
      vertex   4.780233e+01 1.630756e+01 -1.163897e+01
      vertex   4.785157e+01 1.654028e+01 -1.189146e+01
    endloop
  endfacet
  facet normal 4.283244e-01 6.212756e-01 6.561668e-01
    outer loop
      vertex   4.785157e+01 1.654028e+01 -1.189146e+01
      vertex   4.780233e+01 1.630756e+01 -1.163897e+01
      vertex   4.801194e+01 1.636958e+01 -1.183451e+01
    endloop
  endfacet
  facet normal 5.136700e-01 6.638716e-01 5.435233e-01
    outer loop
      vertex   4.785157e+01 1.654028e+01 -1.189146e+01
      vertex   4.801194e+01 1.636958e+01 -1.183451e+01
      vertex   4.800105e+01 1.658292e+01 -1.208480e+01
    endloop
  endfacet
  facet normal 4.933735e-01 6.724505e-01 5.517182e-01
    outer loop
      vertex   4.800105e+01 1.658292e+01 -1.208480e+01
      vertex   4.801194e+01 1.636958e+01 -1.183451e+01
      vertex   4.817919e+01 1.640565e+01 -1.202805e+01
    endloop
  endfacet
  facet normal 5.751648e-01 7.087703e-01 4.084485e-01
    outer loop
      vertex   4.800105e+01 1.658292e+01 -1.208480e+01
      vertex   4.817919e+01 1.640565e+01 -1.202805e+01
      vertex   4.811234e+01 1.659727e+01 -1.226642e+01
    endloop
  endfacet
  facet normal 1.331367e-02 3.166070e-01 9.484634e-01
    outer loop
      vertex   4.559835e+01 1.608588e+01 -1.099960e+01
      vertex   4.559150e+01 1.594283e+01 -1.095175e+01
      vertex   4.590064e+01 1.609303e+01 -1.100623e+01
    endloop
  endfacet
  facet normal 1.316192e-02 3.168862e-01 9.483722e-01
    outer loop
      vertex   4.590064e+01 1.609303e+01 -1.100623e+01
      vertex   4.559150e+01 1.594283e+01 -1.095175e+01
      vertex   4.591711e+01 1.594933e+01 -1.095844e+01
    endloop
  endfacet
  facet normal 7.854611e-02 3.226727e-01 9.432459e-01
    outer loop
      vertex   4.590064e+01 1.609303e+01 -1.100623e+01
      vertex   4.591711e+01 1.594933e+01 -1.095844e+01
      vertex   4.619606e+01 1.613730e+01 -1.104597e+01
    endloop
  endfacet
  facet normal 7.785895e-02 3.235751e-01 9.429937e-01
    outer loop
      vertex   4.619606e+01 1.613730e+01 -1.104597e+01
      vertex   4.591711e+01 1.594933e+01 -1.095844e+01
      vertex   4.623544e+01 1.598965e+01 -1.099856e+01
    endloop
  endfacet
  facet normal 1.771323e-01 3.434224e-01 9.223260e-01
    outer loop
      vertex   4.619606e+01 1.613730e+01 -1.104597e+01
      vertex   4.623544e+01 1.598965e+01 -1.099856e+01
      vertex   4.673645e+01 1.630708e+01 -1.121297e+01
    endloop
  endfacet
  facet normal 1.745987e-01 3.468747e-01 9.215168e-01
    outer loop
      vertex   4.673645e+01 1.630708e+01 -1.121297e+01
      vertex   4.623544e+01 1.598965e+01 -1.099856e+01
      vertex   4.681891e+01 1.614354e+01 -1.116703e+01
    endloop
  endfacet
  facet normal 3.002141e-01 3.952196e-01 8.681434e-01
    outer loop
      vertex   4.673645e+01 1.630708e+01 -1.121297e+01
      vertex   4.681891e+01 1.614354e+01 -1.116703e+01
      vertex   4.716653e+01 1.650242e+01 -1.145062e+01
    endloop
  endfacet
  facet normal 2.957309e-01 3.993019e-01 8.678140e-01
    outer loop
      vertex   4.716653e+01 1.650242e+01 -1.145062e+01
      vertex   4.681891e+01 1.614354e+01 -1.116703e+01
      vertex   4.728543e+01 1.631803e+01 -1.140630e+01
    endloop
  endfacet
  facet normal 4.208689e-01 4.594100e-01 7.821840e-01
    outer loop
      vertex   4.716653e+01 1.650242e+01 -1.145062e+01
      vertex   4.728543e+01 1.631803e+01 -1.140630e+01
      vertex   4.751061e+01 1.667756e+01 -1.173863e+01
    endloop
  endfacet
  facet normal 4.135510e-01 4.647080e-01 7.829572e-01
    outer loop
      vertex   4.751061e+01 1.667756e+01 -1.173863e+01
      vertex   4.728543e+01 1.631803e+01 -1.140630e+01
      vertex   4.766149e+01 1.647011e+01 -1.169520e+01
    endloop
  endfacet
  facet normal 5.191937e-01 5.196730e-01 6.785115e-01
    outer loop
      vertex   4.751061e+01 1.667756e+01 -1.173863e+01
      vertex   4.766149e+01 1.647011e+01 -1.169520e+01
      vertex   4.768296e+01 1.676214e+01 -1.193529e+01
    endloop
  endfacet
  facet normal 5.110532e-01 5.231491e-01 6.820114e-01
    outer loop
      vertex   4.768296e+01 1.676214e+01 -1.193529e+01
      vertex   4.766149e+01 1.647011e+01 -1.169520e+01
      vertex   4.785157e+01 1.654028e+01 -1.189146e+01
    endloop
  endfacet
  facet normal 5.953399e-01 5.652758e-01 5.709936e-01
    outer loop
      vertex   4.768296e+01 1.676214e+01 -1.193529e+01
      vertex   4.785157e+01 1.654028e+01 -1.189146e+01
      vertex   4.781729e+01 1.681758e+01 -1.213023e+01
    endloop
  endfacet
  facet normal 5.846529e-01 5.696696e-01 5.776310e-01
    outer loop
      vertex   4.781729e+01 1.681758e+01 -1.213023e+01
      vertex   4.785157e+01 1.654028e+01 -1.189146e+01
      vertex   4.800105e+01 1.658292e+01 -1.208480e+01
    endloop
  endfacet
  facet normal 6.655035e-01 6.056208e-01 4.362667e-01
    outer loop
      vertex   4.781729e+01 1.681758e+01 -1.213023e+01
      vertex   4.800105e+01 1.658292e+01 -1.208480e+01
      vertex   4.791643e+01 1.684165e+01 -1.231488e+01
    endloop
  endfacet
  facet normal 6.521315e-01 6.116212e-01 4.479331e-01
    outer loop
      vertex   4.791643e+01 1.684165e+01 -1.231488e+01
      vertex   4.800105e+01 1.658292e+01 -1.208480e+01
      vertex   4.811234e+01 1.659727e+01 -1.226642e+01
    endloop
  endfacet
  facet normal 1.528340e-02 2.457894e-01 9.692028e-01
    outer loop
      vertex   4.560463e+01 1.622475e+01 -1.103491e+01
      vertex   4.559835e+01 1.608588e+01 -1.099960e+01
      vertex   4.588554e+01 1.623259e+01 -1.104133e+01
    endloop
  endfacet
  facet normal 1.545225e-02 2.454804e-01 9.692784e-01
    outer loop
      vertex   4.588554e+01 1.623259e+01 -1.104133e+01
      vertex   4.559835e+01 1.608588e+01 -1.099960e+01
      vertex   4.590064e+01 1.609303e+01 -1.100623e+01
    endloop
  endfacet
  facet normal 9.043573e-02 2.521303e-01 9.634582e-01
    outer loop
      vertex   4.588554e+01 1.623259e+01 -1.104133e+01
      vertex   4.590064e+01 1.609303e+01 -1.100623e+01
      vertex   4.616007e+01 1.628104e+01 -1.107978e+01
    endloop
  endfacet
  facet normal 9.224217e-02 2.498073e-01 9.638920e-01
    outer loop
      vertex   4.616007e+01 1.628104e+01 -1.107978e+01
      vertex   4.590064e+01 1.609303e+01 -1.100623e+01
      vertex   4.619606e+01 1.613730e+01 -1.104597e+01
    endloop
  endfacet
  facet normal 2.020291e-01 2.718825e-01 9.408848e-01
    outer loop
      vertex   4.616007e+01 1.628104e+01 -1.107978e+01
      vertex   4.619606e+01 1.613730e+01 -1.104597e+01
      vertex   4.666239e+01 1.646791e+01 -1.124164e+01
    endloop
  endfacet
  facet normal 2.081954e-01 2.637576e-01 9.418528e-01
    outer loop
      vertex   4.666239e+01 1.646791e+01 -1.124164e+01
      vertex   4.619606e+01 1.613730e+01 -1.104597e+01
      vertex   4.673645e+01 1.630708e+01 -1.121297e+01
    endloop
  endfacet
  facet normal 3.408755e-01 3.148626e-01 8.858134e-01
    outer loop
      vertex   4.666239e+01 1.646791e+01 -1.124164e+01
      vertex   4.673645e+01 1.630708e+01 -1.121297e+01
      vertex   4.706254e+01 1.668649e+01 -1.147332e+01
    endloop
  endfacet
  facet normal 3.498106e-01 3.067468e-01 8.851774e-01
    outer loop
      vertex   4.706254e+01 1.668649e+01 -1.147332e+01
      vertex   4.673645e+01 1.630708e+01 -1.121297e+01
      vertex   4.716653e+01 1.650242e+01 -1.145062e+01
    endloop
  endfacet
  facet normal 4.755327e-01 3.671954e-01 7.993974e-01
    outer loop
      vertex   4.706254e+01 1.668649e+01 -1.147332e+01
      vertex   4.716653e+01 1.650242e+01 -1.145062e+01
      vertex   4.738337e+01 1.688865e+01 -1.175703e+01
    endloop
  endfacet
  facet normal 4.836461e-01 3.610112e-01 7.973439e-01
    outer loop
      vertex   4.738337e+01 1.688865e+01 -1.175703e+01
      vertex   4.716653e+01 1.650242e+01 -1.145062e+01
      vertex   4.751061e+01 1.667756e+01 -1.173863e+01
    endloop
  endfacet
  facet normal 5.861057e-01 4.139817e-01 6.964906e-01
    outer loop
      vertex   4.738337e+01 1.688865e+01 -1.175703e+01
      vertex   4.751061e+01 1.667756e+01 -1.173863e+01
      vertex   4.754463e+01 1.699093e+01 -1.195353e+01
    endloop
  endfacet
  facet normal 5.900294e-01 4.120621e-01 6.943126e-01
    outer loop
      vertex   4.754463e+01 1.699093e+01 -1.195353e+01
      vertex   4.751061e+01 1.667756e+01 -1.173863e+01
      vertex   4.768296e+01 1.676214e+01 -1.193529e+01
    endloop
  endfacet
  facet normal 6.691921e-01 4.516188e-01 5.901037e-01
    outer loop
      vertex   4.754463e+01 1.699093e+01 -1.195353e+01
      vertex   4.768296e+01 1.676214e+01 -1.193529e+01
      vertex   4.767085e+01 1.706281e+01 -1.215166e+01
    endloop
  endfacet
  facet normal 6.696110e-01 4.514091e-01 5.897888e-01
    outer loop
      vertex   4.767085e+01 1.706281e+01 -1.215166e+01
      vertex   4.768296e+01 1.676214e+01 -1.193529e+01
      vertex   4.781729e+01 1.681758e+01 -1.213023e+01
    endloop
  endfacet
  facet normal 7.453568e-01 4.850631e-01 4.573370e-01
    outer loop
      vertex   4.767085e+01 1.706281e+01 -1.215166e+01
      vertex   4.781729e+01 1.681758e+01 -1.213023e+01
      vertex   4.776445e+01 1.709999e+01 -1.234365e+01
    endloop
  endfacet
  facet normal 7.412171e-01 4.874448e-01 4.615136e-01
    outer loop
      vertex   4.776445e+01 1.709999e+01 -1.234365e+01
      vertex   4.781729e+01 1.681758e+01 -1.213023e+01
      vertex   4.791643e+01 1.684165e+01 -1.231488e+01
    endloop
  endfacet
  facet normal 1.881599e-02 1.041803e-01 9.943804e-01
    outer loop
      vertex   4.561642e+01 1.650833e+01 -1.107520e+01
      vertex   4.561067e+01 1.636581e+01 -1.106016e+01
      vertex   4.585723e+01 1.651769e+01 -1.108074e+01
    endloop
  endfacet
  facet normal 1.973564e-02 1.027058e-01 9.945160e-01
    outer loop
      vertex   4.585723e+01 1.651769e+01 -1.108074e+01
      vertex   4.561067e+01 1.636581e+01 -1.106016e+01
      vertex   4.587104e+01 1.637439e+01 -1.106621e+01
    endloop
  endfacet
  facet normal 1.113777e-01 1.108377e-01 9.875779e-01
    outer loop
      vertex   4.585723e+01 1.651769e+01 -1.108074e+01
      vertex   4.587104e+01 1.637439e+01 -1.106621e+01
      vertex   4.609311e+01 1.657535e+01 -1.111381e+01
    endloop
  endfacet
  facet normal 8.636848e-01 2.134149e-01 4.566209e-01
    outer loop
      vertex   4.757393e+01 1.766940e+01 -1.234825e+01
      vertex   4.755502e+01 1.732474e+01 -1.215139e+01
      vertex   4.764943e+01 1.737799e+01 -1.235486e+01
    endloop
  endfacet
  facet normal -1.323694e-01 9.909948e-01 2.019201e-02
    outer loop
      vertex   4.169219e+01 1.600000e+01 -1.287811e+01
      vertex   4.181419e+01 1.600000e+01 -1.207831e+01
      vertex   4.221796e+01 1.606815e+01 -1.277604e+01
    endloop
  endfacet
  facet normal -1.290847e-01 9.913866e-01 2.213103e-02
    outer loop
      vertex   4.221796e+01 1.606815e+01 -1.277604e+01
      vertex   4.181419e+01 1.600000e+01 -1.207831e+01
      vertex   4.231539e+01 1.606815e+01 -1.220772e+01
    endloop
  endfacet
  facet normal -3.782884e-01 9.234130e-01 6.485594e-02
    outer loop
      vertex   4.221796e+01 1.606815e+01 -1.277604e+01
      vertex   4.231539e+01 1.606815e+01 -1.220772e+01
      vertex   4.278244e+01 1.626795e+01 -1.232831e+01
    endloop
  endfacet
  facet normal -3.782884e-01 9.234130e-01 6.485594e-02
    outer loop
      vertex   4.221796e+01 1.606815e+01 -1.277604e+01
      vertex   4.278244e+01 1.626795e+01 -1.232831e+01
      vertex   4.269850e+01 1.626795e+01 -1.281791e+01
    endloop
  endfacet
  facet normal -6.013056e-01 7.923407e-01 1.030913e-01
    outer loop
      vertex   4.269850e+01 1.626795e+01 -1.281791e+01
      vertex   4.278244e+01 1.626795e+01 -1.232831e+01
      vertex   4.318350e+01 1.658579e+01 -1.243187e+01
    endloop
  endfacet
  facet normal -6.013056e-01 7.923407e-01 1.030913e-01
    outer loop
      vertex   4.269850e+01 1.626795e+01 -1.281791e+01
      vertex   4.318350e+01 1.658579e+01 -1.243187e+01
      vertex   4.311115e+01 1.658579e+01 -1.285387e+01
    endloop
  endfacet
  facet normal -7.829395e-01 6.074435e-01 1.342316e-01
    outer loop
      vertex   4.311115e+01 1.658579e+01 -1.285387e+01
      vertex   4.318350e+01 1.658579e+01 -1.243187e+01
      vertex   4.349124e+01 1.700000e+01 -1.251133e+01
    endloop
  endfacet
  facet normal -7.829395e-01 6.074435e-01 1.342316e-01
    outer loop
      vertex   4.311115e+01 1.658579e+01 -1.285387e+01
      vertex   4.349124e+01 1.700000e+01 -1.251133e+01
      vertex   4.342779e+01 1.700000e+01 -1.288146e+01
    endloop
  endfacet
  facet normal -9.110510e-01 3.815612e-01 1.561958e-01
    outer loop
      vertex   4.342779e+01 1.700000e+01 -1.288146e+01
      vertex   4.349124e+01 1.700000e+01 -1.251133e+01
      vertex   4.368470e+01 1.748236e+01 -1.256128e+01
    endloop
  endfacet
  facet normal -9.110510e-01 3.815612e-01 1.561958e-01
    outer loop
      vertex   4.342779e+01 1.700000e+01 -1.288146e+01
      vertex   4.368470e+01 1.748236e+01 -1.256128e+01
      vertex   4.362683e+01 1.748236e+01 -1.289880e+01
    endloop
  endfacet
  facet normal -9.772444e-01 1.300857e-01 1.675444e-01
    outer loop
      vertex   4.362683e+01 1.748236e+01 -1.289880e+01
      vertex   4.368470e+01 1.748236e+01 -1.256128e+01
      vertex   4.375068e+01 1.800000e+01 -1.257831e+01
    endloop
  endfacet
  facet normal -9.797635e-01 1.597794e-01 1.205573e-01
    outer loop
      vertex   4.362683e+01 1.748236e+01 -1.289880e+01
      vertex   4.375068e+01 1.800000e+01 -1.257831e+01
      vertex   4.368724e+01 1.800000e+01 -1.309395e+01
    endloop
  endfacet
  facet normal -9.930779e-01 1.173899e-01 3.996522e-03
    outer loop
      vertex   4.362683e+01 1.748236e+01 -1.289880e+01
      vertex   4.368724e+01 1.800000e+01 -1.309395e+01
      vertex   4.362545e+01 1.748236e+01 -1.324124e+01
    endloop
  endfacet
  facet normal -9.784412e-01 1.554658e-01 -1.359532e-01
    outer loop
      vertex   4.362545e+01 1.748236e+01 -1.324124e+01
      vertex   4.368724e+01 1.800000e+01 -1.309395e+01
      vertex   4.375874e+01 1.800000e+01 -1.360852e+01
    endloop
  endfacet
  facet normal -9.774349e-01 1.385067e-01 -1.594897e-01
    outer loop
      vertex   4.362545e+01 1.748236e+01 -1.324124e+01
      vertex   4.375874e+01 1.800000e+01 -1.360852e+01
      vertex   4.368060e+01 1.748236e+01 -1.357922e+01
    endloop
  endfacet
  facet normal -9.395664e-01 1.237472e-01 -3.192203e-01
    outer loop
      vertex   4.368060e+01 1.748236e+01 -1.357922e+01
      vertex   4.375874e+01 1.800000e+01 -1.360852e+01
      vertex   4.379077e+01 1.748236e+01 -1.390346e+01
    endloop
  endfacet
  facet normal -8.752092e-01 3.815612e-01 -2.973547e-01
    outer loop
      vertex   4.368060e+01 1.748236e+01 -1.357922e+01
      vertex   4.379077e+01 1.748236e+01 -1.390346e+01
      vertex   4.360756e+01 1.700000e+01 -1.398318e+01
    endloop
  endfacet
  facet normal -8.141442e-01 3.815612e-01 -4.376988e-01
    outer loop
      vertex   4.360756e+01 1.700000e+01 -1.398318e+01
      vertex   4.379077e+01 1.748236e+01 -1.390346e+01
      vertex   4.378538e+01 1.700000e+01 -1.431393e+01
    endloop
  endfacet
  facet normal -6.996597e-01 6.074435e-01 -3.761498e-01
    outer loop
      vertex   4.360756e+01 1.700000e+01 -1.398318e+01
      vertex   4.378538e+01 1.700000e+01 -1.431393e+01
      vertex   4.351885e+01 1.658579e+01 -1.448710e+01
    endloop
  endfacet
  facet normal -6.279990e-01 6.074435e-01 -4.864459e-01
    outer loop
      vertex   4.351885e+01 1.658579e+01 -1.448710e+01
      vertex   4.378538e+01 1.700000e+01 -1.431393e+01
      vertex   4.378105e+01 1.658579e+01 -1.482559e+01
    endloop
  endfacet
  facet normal -4.823097e-01 7.923407e-01 -3.735955e-01
    outer loop
      vertex   4.351885e+01 1.658579e+01 -1.448710e+01
      vertex   4.378105e+01 1.658579e+01 -1.482559e+01
      vertex   4.347570e+01 1.626795e+01 -1.510548e+01
    endloop
  endfacet
  facet normal -4.140500e-01 7.923407e-01 -4.480611e-01
    outer loop
      vertex   4.347570e+01 1.626795e+01 -1.510548e+01
      vertex   4.378105e+01 1.658579e+01 -1.482559e+01
      vertex   4.384053e+01 1.626795e+01 -1.544261e+01
    endloop
  endfacet
  facet normal -2.604838e-01 9.234130e-01 -2.818805e-01
    outer loop
      vertex   4.347570e+01 1.626795e+01 -1.510548e+01
      vertex   4.384053e+01 1.626795e+01 -1.544261e+01
      vertex   4.354361e+01 1.606815e+01 -1.582276e+01
    endloop
  endfacet
  facet normal -2.103991e-01 9.234130e-01 -3.209994e-01
    outer loop
      vertex   4.354361e+01 1.606815e+01 -1.582276e+01
      vertex   4.384053e+01 1.626795e+01 -1.544261e+01
      vertex   4.402586e+01 1.606815e+01 -1.613885e+01
    endloop
  endfacet
  facet normal -7.016332e-02 9.917753e-01 -1.070460e-01
    outer loop
      vertex   4.354361e+01 1.606815e+01 -1.582276e+01
      vertex   4.402586e+01 1.606815e+01 -1.613885e+01
      vertex   4.340284e+01 1.600000e+01 -1.636188e+01
    endloop
  endfacet
  facet normal -6.586900e-02 9.907399e-01 -1.187256e-01
    outer loop
      vertex   4.340284e+01 1.600000e+01 -1.636188e+01
      vertex   4.402586e+01 1.606815e+01 -1.613885e+01
      vertex   4.411030e+01 1.600000e+01 -1.675438e+01
    endloop
  endfacet
  facet normal -5.140763e-02 9.918169e-01 -1.168610e-01
    outer loop
      vertex   4.411030e+01 1.600000e+01 -1.675438e+01
      vertex   4.402586e+01 1.606815e+01 -1.613885e+01
      vertex   4.455366e+01 1.606815e+01 -1.637103e+01
    endloop
  endfacet
  facet normal -4.053655e-02 9.907831e-01 -1.292502e-01
    outer loop
      vertex   4.411030e+01 1.600000e+01 -1.675438e+01
      vertex   4.455366e+01 1.606815e+01 -1.637103e+01
      vertex   4.488227e+01 1.600000e+01 -1.699649e+01
    endloop
  endfacet
  facet normal -3.165881e-02 9.916912e-01 -1.246848e-01
    outer loop
      vertex   4.488227e+01 1.600000e+01 -1.699649e+01
      vertex   4.455366e+01 1.606815e+01 -1.637103e+01
      vertex   4.511254e+01 1.606815e+01 -1.651294e+01
    endloop
  endfacet
  facet normal -1.354151e-02 9.909948e-01 -1.332141e-01
    outer loop
      vertex   4.488227e+01 1.600000e+01 -1.699649e+01
      vertex   4.511254e+01 1.606815e+01 -1.651294e+01
      vertex   4.568718e+01 1.600000e+01 -1.707831e+01
    endloop
  endfacet
  facet normal -1.084291e-02 9.913866e-01 -1.305185e-01
    outer loop
      vertex   4.568718e+01 1.600000e+01 -1.707831e+01
      vertex   4.511254e+01 1.606815e+01 -1.651294e+01
      vertex   4.568718e+01 1.606815e+01 -1.656068e+01
    endloop
  endfacet
  facet normal 1.084291e-02 9.913866e-01 -1.305185e-01
    outer loop
      vertex   4.568718e+01 1.600000e+01 -1.707831e+01
      vertex   4.568718e+01 1.606815e+01 -1.656068e+01
      vertex   4.626181e+01 1.606815e+01 -1.651294e+01
    endloop
  endfacet
  facet normal 3.177561e-02 9.234130e-01 -3.824902e-01
    outer loop
      vertex   4.626181e+01 1.606815e+01 -1.651294e+01
      vertex   4.568718e+01 1.606815e+01 -1.656068e+01
      vertex   4.568718e+01 1.626795e+01 -1.607831e+01
    endloop
  endfacet
  facet normal 3.177561e-02 9.234130e-01 -3.824902e-01
    outer loop
      vertex   4.626181e+01 1.606815e+01 -1.651294e+01
      vertex   4.568718e+01 1.626795e+01 -1.607831e+01
      vertex   4.618221e+01 1.626795e+01 -1.603719e+01
    endloop
  endfacet
  facet normal 5.050869e-02 7.923407e-01 -6.079844e-01
    outer loop
      vertex   4.618221e+01 1.626795e+01 -1.603719e+01
      vertex   4.568718e+01 1.626795e+01 -1.607831e+01
      vertex   4.568718e+01 1.658579e+01 -1.566410e+01
    endloop
  endfacet
  facet normal 5.050869e-02 7.923407e-01 -6.079844e-01
    outer loop
      vertex   4.618221e+01 1.626795e+01 -1.603719e+01
      vertex   4.568718e+01 1.658579e+01 -1.566410e+01
      vertex   4.611386e+01 1.658579e+01 -1.562865e+01
    endloop
  endfacet
  facet normal 6.576564e-02 6.074435e-01 -7.916358e-01
    outer loop
      vertex   4.611386e+01 1.658579e+01 -1.562865e+01
      vertex   4.568718e+01 1.658579e+01 -1.566410e+01
      vertex   4.568718e+01 1.700000e+01 -1.534626e+01
    endloop
  endfacet
  facet normal 6.576564e-02 6.074435e-01 -7.916358e-01
    outer loop
      vertex   4.611386e+01 1.658579e+01 -1.562865e+01
      vertex   4.568718e+01 1.700000e+01 -1.534626e+01
      vertex   4.606142e+01 1.700000e+01 -1.531517e+01
    endloop
  endfacet
  facet normal 7.652680e-02 3.815612e-01 -9.211703e-01
    outer loop
      vertex   4.606142e+01 1.700000e+01 -1.531517e+01
      vertex   4.568718e+01 1.700000e+01 -1.534626e+01
      vertex   4.568718e+01 1.748236e+01 -1.514646e+01
    endloop
  endfacet
  facet normal 7.652680e-02 3.815612e-01 -9.211703e-01
    outer loop
      vertex   4.606142e+01 1.700000e+01 -1.531517e+01
      vertex   4.568718e+01 1.748236e+01 -1.514646e+01
      vertex   4.602845e+01 1.748236e+01 -1.511811e+01
    endloop
  endfacet
  facet normal 8.208694e-02 1.300857e-01 -9.880989e-01
    outer loop
      vertex   4.602845e+01 1.748236e+01 -1.511811e+01
      vertex   4.568718e+01 1.748236e+01 -1.514646e+01
      vertex   4.568718e+01 1.800000e+01 -1.507831e+01
    endloop
  endfacet
  facet normal 1.282118e-01 1.597794e-01 -9.787912e-01
    outer loop
      vertex   4.602845e+01 1.748236e+01 -1.511811e+01
      vertex   4.568718e+01 1.800000e+01 -1.507831e+01
      vertex   4.620230e+01 1.800000e+01 -1.501084e+01
    endloop
  endfacet
  facet normal -9.094564e-01 1.619334e-01 -3.829707e-01
    outer loop
      vertex   4.375874e+01 1.800000e+01 -1.360852e+01
      vertex   4.396036e+01 1.800000e+01 -1.408733e+01
      vertex   4.379077e+01 1.748236e+01 -1.390346e+01
    endloop
  endfacet
  facet normal -8.744683e-01 1.195110e-01 -4.701301e-01
    outer loop
      vertex   4.379077e+01 1.748236e+01 -1.390346e+01
      vertex   4.396036e+01 1.800000e+01 -1.408733e+01
      vertex   4.395292e+01 1.748236e+01 -1.420508e+01
    endloop
  endfacet
  facet normal -8.141442e-01 3.815612e-01 -4.376988e-01
    outer loop
      vertex   4.379077e+01 1.748236e+01 -1.390346e+01
      vertex   4.395292e+01 1.748236e+01 -1.420508e+01
      vertex   4.378538e+01 1.700000e+01 -1.431393e+01
    endloop
  endfacet
  facet normal -7.307578e-01 3.815612e-01 -5.660425e-01
    outer loop
      vertex   4.378538e+01 1.700000e+01 -1.431393e+01
      vertex   4.395292e+01 1.748236e+01 -1.420508e+01
      vertex   4.401534e+01 1.700000e+01 -1.461082e+01
    endloop
  endfacet
  facet normal -6.279990e-01 6.074435e-01 -4.864459e-01
    outer loop
      vertex   4.378538e+01 1.700000e+01 -1.431393e+01
      vertex   4.401534e+01 1.700000e+01 -1.461082e+01
      vertex   4.378105e+01 1.658579e+01 -1.482559e+01
    endloop
  endfacet
  facet normal -5.391204e-01 6.074435e-01 -5.834051e-01
    outer loop
      vertex   4.378105e+01 1.658579e+01 -1.482559e+01
      vertex   4.401534e+01 1.700000e+01 -1.461082e+01
      vertex   4.409550e+01 1.658579e+01 -1.511617e+01
    endloop
  endfacet
  facet normal -4.140500e-01 7.923407e-01 -4.480611e-01
    outer loop
      vertex   4.378105e+01 1.658579e+01 -1.482559e+01
      vertex   4.409550e+01 1.658579e+01 -1.511617e+01
      vertex   4.384053e+01 1.626795e+01 -1.544261e+01
    endloop
  endfacet
  facet normal -3.344384e-01 7.923407e-01 -5.102423e-01
    outer loop
      vertex   4.384053e+01 1.626795e+01 -1.544261e+01
      vertex   4.409550e+01 1.658579e+01 -1.511617e+01
      vertex   4.425598e+01 1.626795e+01 -1.571492e+01
    endloop
  endfacet
  facet normal -2.103991e-01 9.234130e-01 -3.209994e-01
    outer loop
      vertex   4.384053e+01 1.626795e+01 -1.544261e+01
      vertex   4.425598e+01 1.626795e+01 -1.571492e+01
      vertex   4.402586e+01 1.606815e+01 -1.613885e+01
    endloop
  endfacet
  facet normal -1.545460e-01 9.234130e-01 -3.513175e-01
    outer loop
      vertex   4.402586e+01 1.606815e+01 -1.613885e+01
      vertex   4.425598e+01 1.626795e+01 -1.571492e+01
      vertex   4.455366e+01 1.606815e+01 -1.637103e+01
    endloop
  endfacet
  facet normal -7.817466e-01 1.489818e-01 -6.055383e-01
    outer loop
      vertex   4.396036e+01 1.800000e+01 -1.408733e+01
      vertex   4.427850e+01 1.800000e+01 -1.449804e+01
      vertex   4.395292e+01 1.748236e+01 -1.420508e+01
    endloop
  endfacet
  facet normal -7.817466e-01 1.489818e-01 -6.055383e-01
    outer loop
      vertex   4.395292e+01 1.748236e+01 -1.420508e+01
      vertex   4.427850e+01 1.800000e+01 -1.449804e+01
      vertex   4.416263e+01 1.748236e+01 -1.447581e+01
    endloop
  endfacet
  facet normal -7.307578e-01 3.815612e-01 -5.660425e-01
    outer loop
      vertex   4.395292e+01 1.748236e+01 -1.420508e+01
      vertex   4.416263e+01 1.748236e+01 -1.447581e+01
      vertex   4.401534e+01 1.700000e+01 -1.461082e+01
    endloop
  endfacet
  facet normal -6.273361e-01 3.815612e-01 -6.788670e-01
    outer loop
      vertex   4.401534e+01 1.700000e+01 -1.461082e+01
      vertex   4.416263e+01 1.748236e+01 -1.447581e+01
      vertex   4.429114e+01 1.700000e+01 -1.486568e+01
    endloop
  endfacet
  facet normal -5.391204e-01 6.074435e-01 -5.834051e-01
    outer loop
      vertex   4.401534e+01 1.700000e+01 -1.461082e+01
      vertex   4.429114e+01 1.700000e+01 -1.486568e+01
      vertex   4.409550e+01 1.658579e+01 -1.511617e+01
    endloop
  endfacet
  facet normal -4.354608e-01 6.074435e-01 -6.643691e-01
    outer loop
      vertex   4.409550e+01 1.658579e+01 -1.511617e+01
      vertex   4.429114e+01 1.700000e+01 -1.486568e+01
      vertex   4.445359e+01 1.658579e+01 -1.535088e+01
    endloop
  endfacet
  facet normal -3.344384e-01 7.923407e-01 -5.102423e-01
    outer loop
      vertex   4.409550e+01 1.658579e+01 -1.511617e+01
      vertex   4.445359e+01 1.658579e+01 -1.535088e+01
      vertex   4.425598e+01 1.626795e+01 -1.571492e+01
    endloop
  endfacet
  facet normal -2.456574e-01 7.923407e-01 -5.584341e-01
    outer loop
      vertex   4.425598e+01 1.626795e+01 -1.571492e+01
      vertex   4.445359e+01 1.658579e+01 -1.535088e+01
      vertex   4.471067e+01 1.626795e+01 -1.591494e+01
    endloop
  endfacet
  facet normal -1.545460e-01 9.234130e-01 -3.513175e-01
    outer loop
      vertex   4.425598e+01 1.626795e+01 -1.571492e+01
      vertex   4.471067e+01 1.626795e+01 -1.591494e+01
      vertex   4.455366e+01 1.606815e+01 -1.637103e+01
    endloop
  endfacet
  facet normal -9.445565e-02 9.234130e-01 -3.720034e-01
    outer loop
      vertex   4.455366e+01 1.606815e+01 -1.637103e+01
      vertex   4.471067e+01 1.626795e+01 -1.591494e+01
      vertex   4.511254e+01 1.606815e+01 -1.651294e+01
    endloop
  endfacet
  facet normal -6.738186e-01 1.195110e-01 -7.291677e-01
    outer loop
      vertex   4.416263e+01 1.748236e+01 -1.447581e+01
      vertex   4.427850e+01 1.800000e+01 -1.449804e+01
      vertex   4.441413e+01 1.748236e+01 -1.470822e+01
    endloop
  endfacet
  facet normal -5.981739e-01 1.619334e-01 -7.848347e-01
    outer loop
      vertex   4.441413e+01 1.748236e+01 -1.470822e+01
      vertex   4.427850e+01 1.800000e+01 -1.449804e+01
      vertex   4.469169e+01 1.800000e+01 -1.481296e+01
    endloop
  endfacet
  facet normal -5.439753e-01 1.237472e-01 -8.299262e-01
    outer loop
      vertex   4.441413e+01 1.748236e+01 -1.470822e+01
      vertex   4.469169e+01 1.800000e+01 -1.481296e+01
      vertex   4.470053e+01 1.748236e+01 -1.489594e+01
    endloop
  endfacet
  facet normal -3.771094e-01 1.403123e-01 -9.154785e-01
    outer loop
      vertex   4.470053e+01 1.748236e+01 -1.489594e+01
      vertex   4.469169e+01 1.800000e+01 -1.481296e+01
      vertex   4.517205e+01 1.800000e+01 -1.501084e+01
    endloop
  endfacet
  facet normal -3.973809e-01 1.614729e-01 -9.033354e-01
    outer loop
      vertex   4.470053e+01 1.748236e+01 -1.489594e+01
      vertex   4.517205e+01 1.800000e+01 -1.501084e+01
      vertex   4.501399e+01 1.748236e+01 -1.503383e+01
    endloop
  endfacet
  facet normal -2.443998e-01 1.173899e-01 -9.625426e-01
    outer loop
      vertex   4.501399e+01 1.748236e+01 -1.503383e+01
      vertex   4.517205e+01 1.800000e+01 -1.501084e+01
      vertex   4.534591e+01 1.748236e+01 -1.511811e+01
    endloop
  endfacet
  facet normal -2.274823e-01 3.815612e-01 -8.959145e-01
    outer loop
      vertex   4.501399e+01 1.748236e+01 -1.503383e+01
      vertex   4.534591e+01 1.748236e+01 -1.511811e+01
      vertex   4.531294e+01 1.700000e+01 -1.531517e+01
    endloop
  endfacet
  facet normal -7.652680e-02 3.815612e-01 -9.211703e-01
    outer loop
      vertex   4.531294e+01 1.700000e+01 -1.531517e+01
      vertex   4.534591e+01 1.748236e+01 -1.511811e+01
      vertex   4.568718e+01 1.700000e+01 -1.534626e+01
    endloop
  endfacet
  facet normal -6.576564e-02 6.074435e-01 -7.916358e-01
    outer loop
      vertex   4.531294e+01 1.700000e+01 -1.531517e+01
      vertex   4.568718e+01 1.700000e+01 -1.534626e+01
      vertex   4.568718e+01 1.658579e+01 -1.566410e+01
    endloop
  endfacet
  facet normal -1.282118e-01 1.597794e-01 -9.787912e-01
    outer loop
      vertex   4.517205e+01 1.800000e+01 -1.501084e+01
      vertex   4.568718e+01 1.800000e+01 -1.507831e+01
      vertex   4.534591e+01 1.748236e+01 -1.511811e+01
    endloop
  endfacet
  facet normal -8.208694e-02 1.300857e-01 -9.880989e-01
    outer loop
      vertex   4.534591e+01 1.748236e+01 -1.511811e+01
      vertex   4.568718e+01 1.800000e+01 -1.507831e+01
      vertex   4.568718e+01 1.748236e+01 -1.514646e+01
    endloop
  endfacet
  facet normal -7.652680e-02 3.815612e-01 -9.211703e-01
    outer loop
      vertex   4.534591e+01 1.748236e+01 -1.511811e+01
      vertex   4.568718e+01 1.748236e+01 -1.514646e+01
      vertex   4.568718e+01 1.700000e+01 -1.534626e+01
    endloop
  endfacet
  facet normal 2.443998e-01 1.173899e-01 -9.625426e-01
    outer loop
      vertex   4.602845e+01 1.748236e+01 -1.511811e+01
      vertex   4.620230e+01 1.800000e+01 -1.501084e+01
      vertex   4.636036e+01 1.748236e+01 -1.503383e+01
    endloop
  endfacet
  facet normal 3.762464e-01 1.554658e-01 -9.133833e-01
    outer loop
      vertex   4.636036e+01 1.748236e+01 -1.503383e+01
      vertex   4.620230e+01 1.800000e+01 -1.501084e+01
      vertex   4.668266e+01 1.800000e+01 -1.481296e+01
    endloop
  endfacet
  facet normal 3.987840e-01 1.385067e-01 -9.065248e-01
    outer loop
      vertex   4.636036e+01 1.748236e+01 -1.503383e+01
      vertex   4.668266e+01 1.800000e+01 -1.481296e+01
      vertex   4.667382e+01 1.748236e+01 -1.489594e+01
    endloop
  endfacet
  facet normal 5.439753e-01 1.237472e-01 -8.299262e-01
    outer loop
      vertex   4.667382e+01 1.748236e+01 -1.489594e+01
      vertex   4.668266e+01 1.800000e+01 -1.481296e+01
      vertex   4.696022e+01 1.748236e+01 -1.470822e+01
    endloop
  endfacet
  facet normal 5.067148e-01 3.815612e-01 -7.730790e-01
    outer loop
      vertex   4.667382e+01 1.748236e+01 -1.489594e+01
      vertex   4.696022e+01 1.748236e+01 -1.470822e+01
      vertex   4.708321e+01 1.700000e+01 -1.486568e+01
    endloop
  endfacet
  facet normal 6.273361e-01 3.815612e-01 -6.788670e-01
    outer loop
      vertex   4.708321e+01 1.700000e+01 -1.486568e+01
      vertex   4.696022e+01 1.748236e+01 -1.470822e+01
      vertex   4.735901e+01 1.700000e+01 -1.461082e+01
    endloop
  endfacet
  facet normal 5.391204e-01 6.074435e-01 -5.834051e-01
    outer loop
      vertex   4.708321e+01 1.700000e+01 -1.486568e+01
      vertex   4.735901e+01 1.700000e+01 -1.461082e+01
      vertex   4.759331e+01 1.658579e+01 -1.482559e+01
    endloop
  endfacet
  facet normal 6.279990e-01 6.074435e-01 -4.864459e-01
    outer loop
      vertex   4.759331e+01 1.658579e+01 -1.482559e+01
      vertex   4.735901e+01 1.700000e+01 -1.461082e+01
      vertex   4.785550e+01 1.658579e+01 -1.448710e+01
    endloop
  endfacet
  facet normal 4.823097e-01 7.923407e-01 -3.735955e-01
    outer loop
      vertex   4.759331e+01 1.658579e+01 -1.482559e+01
      vertex   4.785550e+01 1.658579e+01 -1.448710e+01
      vertex   4.820284e+01 1.626795e+01 -1.471277e+01
    endloop
  endfacet
  facet normal 5.373458e-01 7.923407e-01 -2.888869e-01
    outer loop
      vertex   4.820284e+01 1.626795e+01 -1.471277e+01
      vertex   4.785550e+01 1.658579e+01 -1.448710e+01
      vertex   4.843806e+01 1.626795e+01 -1.427525e+01
    endloop
  endfacet
  facet normal 3.380506e-01 9.234130e-01 -1.817422e-01
    outer loop
      vertex   4.820284e+01 1.626795e+01 -1.471277e+01
      vertex   4.843806e+01 1.626795e+01 -1.427525e+01
      vertex   4.888036e+01 1.606815e+01 -1.446770e+01
    endloop
  endfacet
  facet normal 3.634061e-01 9.234130e-01 -1.234682e-01
    outer loop
      vertex   4.888036e+01 1.606815e+01 -1.446770e+01
      vertex   4.843806e+01 1.626795e+01 -1.427525e+01
      vertex   4.906586e+01 1.606815e+01 -1.392174e+01
    endloop
  endfacet
  facet normal 1.211877e-01 9.917753e-01 -4.117384e-02
    outer loop
      vertex   4.888036e+01 1.606815e+01 -1.446770e+01
      vertex   4.906586e+01 1.606815e+01 -1.392174e+01
      vertex   4.943756e+01 1.600000e+01 -1.446922e+01
    endloop
  endfacet
  facet normal 1.314228e-01 9.907399e-01 -3.409599e-02
    outer loop
      vertex   4.943756e+01 1.600000e+01 -1.446922e+01
      vertex   4.906586e+01 1.606815e+01 -1.392174e+01
      vertex   4.964073e+01 1.600000e+01 -1.368610e+01
    endloop
  endfacet
  facet normal 1.260021e-01 9.918169e-01 -2.055997e-02
    outer loop
      vertex   4.964073e+01 1.600000e+01 -1.368610e+01
      vertex   4.906586e+01 1.606815e+01 -1.392174e+01
      vertex   4.915871e+01 1.606815e+01 -1.335265e+01
    endloop
  endfacet
  facet normal 1.352801e-01 9.907831e-01 -6.936807e-03
    outer loop
      vertex   4.964073e+01 1.600000e+01 -1.368610e+01
      vertex   4.915871e+01 1.606815e+01 -1.335265e+01
      vertex   4.968216e+01 1.600000e+01 -1.287811e+01
    endloop
  endfacet
  facet normal 1.286403e-01 9.916912e-01 5.176972e-04
    outer loop
      vertex   4.968216e+01 1.600000e+01 -1.287811e+01
      vertex   4.915871e+01 1.606815e+01 -1.335265e+01
      vertex   4.915639e+01 1.606815e+01 -1.277604e+01
    endloop
  endfacet
  facet normal 1.323694e-01 9.909948e-01 2.019201e-02
    outer loop
      vertex   4.968216e+01 1.600000e+01 -1.287811e+01
      vertex   4.915639e+01 1.606815e+01 -1.277604e+01
      vertex   4.956016e+01 1.600000e+01 -1.207831e+01
    endloop
  endfacet
  facet normal 1.290847e-01 9.913866e-01 2.213103e-02
    outer loop
      vertex   4.956016e+01 1.600000e+01 -1.207831e+01
      vertex   4.915639e+01 1.606815e+01 -1.277604e+01
      vertex   4.905896e+01 1.606815e+01 -1.220772e+01
    endloop
  endfacet
  facet normal 3.782884e-01 9.234130e-01 6.485594e-02
    outer loop
      vertex   4.905896e+01 1.606815e+01 -1.220772e+01
      vertex   4.915639e+01 1.606815e+01 -1.277604e+01
      vertex   4.867585e+01 1.626795e+01 -1.281791e+01
    endloop
  endfacet
  facet normal 3.782884e-01 9.234130e-01 6.485594e-02
    outer loop
      vertex   4.905896e+01 1.606815e+01 -1.220772e+01
      vertex   4.867585e+01 1.626795e+01 -1.281791e+01
      vertex   4.859191e+01 1.626795e+01 -1.232831e+01
    endloop
  endfacet
  facet normal 6.013056e-01 7.923407e-01 1.030913e-01
    outer loop
      vertex   4.859191e+01 1.626795e+01 -1.232831e+01
      vertex   4.867585e+01 1.626795e+01 -1.281791e+01
      vertex   4.826320e+01 1.658579e+01 -1.285387e+01
    endloop
  endfacet
  facet normal 6.013056e-01 7.923407e-01 1.030913e-01
    outer loop
      vertex   4.859191e+01 1.626795e+01 -1.232831e+01
      vertex   4.826320e+01 1.658579e+01 -1.285387e+01
      vertex   4.819085e+01 1.658579e+01 -1.243187e+01
    endloop
  endfacet
  facet normal 7.829395e-01 6.074435e-01 1.342316e-01
    outer loop
      vertex   4.819085e+01 1.658579e+01 -1.243187e+01
      vertex   4.826320e+01 1.658579e+01 -1.285387e+01
      vertex   4.794656e+01 1.700000e+01 -1.288146e+01
    endloop
  endfacet
  facet normal 7.829395e-01 6.074435e-01 1.342316e-01
    outer loop
      vertex   4.819085e+01 1.658579e+01 -1.243187e+01
      vertex   4.794656e+01 1.700000e+01 -1.288146e+01
      vertex   4.788311e+01 1.700000e+01 -1.251133e+01
    endloop
  endfacet
  facet normal 9.110510e-01 3.815612e-01 1.561958e-01
    outer loop
      vertex   4.788311e+01 1.700000e+01 -1.251133e+01
      vertex   4.794656e+01 1.700000e+01 -1.288146e+01
      vertex   4.774752e+01 1.748236e+01 -1.289880e+01
    endloop
  endfacet
  facet normal 9.110510e-01 3.815612e-01 1.561958e-01
    outer loop
      vertex   4.788311e+01 1.700000e+01 -1.251133e+01
      vertex   4.774752e+01 1.748236e+01 -1.289880e+01
      vertex   4.768965e+01 1.748236e+01 -1.256128e+01
    endloop
  endfacet
  facet normal 9.772444e-01 1.300857e-01 1.675444e-01
    outer loop
      vertex   4.768965e+01 1.748236e+01 -1.256128e+01
      vertex   4.774752e+01 1.748236e+01 -1.289880e+01
      vertex   4.762367e+01 1.800000e+01 -1.257831e+01
    endloop
  endfacet
  facet normal 9.797635e-01 1.597794e-01 1.205573e-01
    outer loop
      vertex   4.762367e+01 1.800000e+01 -1.257831e+01
      vertex   4.774752e+01 1.748236e+01 -1.289880e+01
      vertex   4.768711e+01 1.800000e+01 -1.309395e+01
    endloop
  endfacet
  facet normal 9.930779e-01 1.173899e-01 3.996522e-03
    outer loop
      vertex   4.768711e+01 1.800000e+01 -1.309395e+01
      vertex   4.774752e+01 1.748236e+01 -1.289880e+01
      vertex   4.774890e+01 1.748236e+01 -1.324124e+01
    endloop
  endfacet
  facet normal 9.739960e-01 1.614729e-01 -1.589286e-01
    outer loop
      vertex   4.768711e+01 1.800000e+01 -1.309395e+01
      vertex   4.774890e+01 1.748236e+01 -1.324124e+01
      vertex   4.769375e+01 1.748236e+01 -1.357922e+01
    endloop
  endfacet
  facet normal 9.122786e-01 3.815612e-01 -1.488580e-01
    outer loop
      vertex   4.769375e+01 1.748236e+01 -1.357922e+01
      vertex   4.774890e+01 1.748236e+01 -1.324124e+01
      vertex   4.794808e+01 1.700000e+01 -1.325698e+01
    endloop
  endfacet
  facet normal 9.122786e-01 3.815612e-01 -1.488580e-01
    outer loop
      vertex   4.769375e+01 1.748236e+01 -1.357922e+01
      vertex   4.794808e+01 1.700000e+01 -1.325698e+01
      vertex   4.788760e+01 1.700000e+01 -1.362761e+01
    endloop
  endfacet
  facet normal 7.839945e-01 6.074435e-01 -1.279257e-01
    outer loop
      vertex   4.788760e+01 1.700000e+01 -1.362761e+01
      vertex   4.794808e+01 1.700000e+01 -1.325698e+01
      vertex   4.826493e+01 1.658579e+01 -1.328202e+01
    endloop
  endfacet
  facet normal 7.839945e-01 6.074435e-01 -1.279257e-01
    outer loop
      vertex   4.788760e+01 1.700000e+01 -1.362761e+01
      vertex   4.826493e+01 1.658579e+01 -1.328202e+01
      vertex   4.819597e+01 1.658579e+01 -1.370459e+01
    endloop
  endfacet
  facet normal 6.021158e-01 7.923407e-01 -9.824825e-02
    outer loop
      vertex   4.819597e+01 1.658579e+01 -1.370459e+01
      vertex   4.826493e+01 1.658579e+01 -1.328202e+01
      vertex   4.867785e+01 1.626795e+01 -1.331465e+01
    endloop
  endfacet
  facet normal 6.021158e-01 7.923407e-01 -9.824825e-02
    outer loop
      vertex   4.819597e+01 1.658579e+01 -1.370459e+01
      vertex   4.867785e+01 1.626795e+01 -1.331465e+01
      vertex   4.859786e+01 1.626795e+01 -1.380491e+01
    endloop
  endfacet
  facet normal 3.787982e-01 9.234130e-01 -6.180914e-02
    outer loop
      vertex   4.859786e+01 1.626795e+01 -1.380491e+01
      vertex   4.867785e+01 1.626795e+01 -1.331465e+01
      vertex   4.915871e+01 1.606815e+01 -1.335265e+01
    endloop
  endfacet
  facet normal 3.787982e-01 9.234130e-01 -6.180914e-02
    outer loop
      vertex   4.859786e+01 1.626795e+01 -1.380491e+01
      vertex   4.915871e+01 1.606815e+01 -1.335265e+01
      vertex   4.906586e+01 1.606815e+01 -1.392174e+01
    endloop
  endfacet
  facet normal 5.981739e-01 1.619334e-01 -7.848347e-01
    outer loop
      vertex   4.668266e+01 1.800000e+01 -1.481296e+01
      vertex   4.709585e+01 1.800000e+01 -1.449804e+01
      vertex   4.696022e+01 1.748236e+01 -1.470822e+01
    endloop
  endfacet
  facet normal 6.738186e-01 1.195110e-01 -7.291677e-01
    outer loop
      vertex   4.696022e+01 1.748236e+01 -1.470822e+01
      vertex   4.709585e+01 1.800000e+01 -1.449804e+01
      vertex   4.721172e+01 1.748236e+01 -1.447581e+01
    endloop
  endfacet
  facet normal 6.273361e-01 3.815612e-01 -6.788670e-01
    outer loop
      vertex   4.696022e+01 1.748236e+01 -1.470822e+01
      vertex   4.721172e+01 1.748236e+01 -1.447581e+01
      vertex   4.735901e+01 1.700000e+01 -1.461082e+01
    endloop
  endfacet
  facet normal 7.307578e-01 3.815612e-01 -5.660425e-01
    outer loop
      vertex   4.735901e+01 1.700000e+01 -1.461082e+01
      vertex   4.721172e+01 1.748236e+01 -1.447581e+01
      vertex   4.758897e+01 1.700000e+01 -1.431393e+01
    endloop
  endfacet
  facet normal 6.279990e-01 6.074435e-01 -4.864459e-01
    outer loop
      vertex   4.735901e+01 1.700000e+01 -1.461082e+01
      vertex   4.758897e+01 1.700000e+01 -1.431393e+01
      vertex   4.785550e+01 1.658579e+01 -1.448710e+01
    endloop
  endfacet
  facet normal 6.996597e-01 6.074435e-01 -3.761498e-01
    outer loop
      vertex   4.785550e+01 1.658579e+01 -1.448710e+01
      vertex   4.758897e+01 1.700000e+01 -1.431393e+01
      vertex   4.805824e+01 1.658579e+01 -1.410999e+01
    endloop
  endfacet
  facet normal 5.373458e-01 7.923407e-01 -2.888869e-01
    outer loop
      vertex   4.785550e+01 1.658579e+01 -1.448710e+01
      vertex   4.805824e+01 1.658579e+01 -1.410999e+01
      vertex   4.843806e+01 1.626795e+01 -1.427525e+01
    endloop
  endfacet
  facet normal 5.776495e-01 7.923407e-01 -1.962580e-01
    outer loop
      vertex   4.843806e+01 1.626795e+01 -1.427525e+01
      vertex   4.805824e+01 1.658579e+01 -1.410999e+01
      vertex   4.859786e+01 1.626795e+01 -1.380491e+01
    endloop
  endfacet
  facet normal 3.634061e-01 9.234130e-01 -1.234682e-01
    outer loop
      vertex   4.843806e+01 1.626795e+01 -1.427525e+01
      vertex   4.859786e+01 1.626795e+01 -1.380491e+01
      vertex   4.906586e+01 1.606815e+01 -1.392174e+01
    endloop
  endfacet
  facet normal 7.817466e-01 1.489818e-01 -6.055383e-01
    outer loop
      vertex   4.709585e+01 1.800000e+01 -1.449804e+01
      vertex   4.741399e+01 1.800000e+01 -1.408733e+01
      vertex   4.721172e+01 1.748236e+01 -1.447581e+01
    endloop
  endfacet
  facet normal 7.817466e-01 1.489818e-01 -6.055383e-01
    outer loop
      vertex   4.721172e+01 1.748236e+01 -1.447581e+01
      vertex   4.741399e+01 1.800000e+01 -1.408733e+01
      vertex   4.742143e+01 1.748236e+01 -1.420508e+01
    endloop
  endfacet
  facet normal 7.307578e-01 3.815612e-01 -5.660425e-01
    outer loop
      vertex   4.721172e+01 1.748236e+01 -1.447581e+01
      vertex   4.742143e+01 1.748236e+01 -1.420508e+01
      vertex   4.758897e+01 1.700000e+01 -1.431393e+01
    endloop
  endfacet
  facet normal 8.141442e-01 3.815612e-01 -4.376988e-01
    outer loop
      vertex   4.758897e+01 1.700000e+01 -1.431393e+01
      vertex   4.742143e+01 1.748236e+01 -1.420508e+01
      vertex   4.776679e+01 1.700000e+01 -1.398318e+01
    endloop
  endfacet
  facet normal 6.996597e-01 6.074435e-01 -3.761498e-01
    outer loop
      vertex   4.758897e+01 1.700000e+01 -1.431393e+01
      vertex   4.776679e+01 1.700000e+01 -1.398318e+01
      vertex   4.805824e+01 1.658579e+01 -1.410999e+01
    endloop
  endfacet
  facet normal 7.521378e-01 6.074435e-01 -2.555409e-01
    outer loop
      vertex   4.805824e+01 1.658579e+01 -1.410999e+01
      vertex   4.776679e+01 1.700000e+01 -1.398318e+01
      vertex   4.819597e+01 1.658579e+01 -1.370459e+01
    endloop
  endfacet
  facet normal 5.776495e-01 7.923407e-01 -1.962580e-01
    outer loop
      vertex   4.805824e+01 1.658579e+01 -1.410999e+01
      vertex   4.819597e+01 1.658579e+01 -1.370459e+01
      vertex   4.859786e+01 1.626795e+01 -1.380491e+01
    endloop
  endfacet
  facet normal 8.744683e-01 1.195110e-01 -4.701301e-01
    outer loop
      vertex   4.742143e+01 1.748236e+01 -1.420508e+01
      vertex   4.741399e+01 1.800000e+01 -1.408733e+01
      vertex   4.758359e+01 1.748236e+01 -1.390346e+01
    endloop
  endfacet
  facet normal 9.094564e-01 1.619334e-01 -3.829707e-01
    outer loop
      vertex   4.758359e+01 1.748236e+01 -1.390346e+01
      vertex   4.741399e+01 1.800000e+01 -1.408733e+01
      vertex   4.761561e+01 1.800000e+01 -1.360852e+01
    endloop
  endfacet
  facet normal 9.395664e-01 1.237472e-01 -3.192203e-01
    outer loop
      vertex   4.758359e+01 1.748236e+01 -1.390346e+01
      vertex   4.761561e+01 1.800000e+01 -1.360852e+01
      vertex   4.769375e+01 1.748236e+01 -1.357922e+01
    endloop
  endfacet
  facet normal 9.806856e-01 1.403123e-01 -1.362650e-01
    outer loop
      vertex   4.769375e+01 1.748236e+01 -1.357922e+01
      vertex   4.761561e+01 1.800000e+01 -1.360852e+01
      vertex   4.768711e+01 1.800000e+01 -1.309395e+01
    endloop
  endfacet
  facet normal 1.210270e-01 9.908687e-01 -5.942842e-02
    outer loop
      vertex   4.943756e+01 1.600000e+01 -1.446922e+01
      vertex   4.908096e+01 1.600000e+01 -1.519544e+01
      vertex   4.888036e+01 1.606815e+01 -1.446770e+01
    endloop
  endfacet
  facet normal 1.141744e-01 9.915626e-01 -6.138226e-02
    outer loop
      vertex   4.888036e+01 1.606815e+01 -1.446770e+01
      vertex   4.908096e+01 1.600000e+01 -1.519544e+01
      vertex   4.860732e+01 1.606815e+01 -1.497557e+01
    endloop
  endfacet
  facet normal 3.380506e-01 9.234130e-01 -1.817422e-01
    outer loop
      vertex   4.888036e+01 1.606815e+01 -1.446770e+01
      vertex   4.860732e+01 1.606815e+01 -1.497557e+01
      vertex   4.820284e+01 1.626795e+01 -1.471277e+01
    endloop
  endfacet
  facet normal 3.034267e-01 9.234130e-01 -2.350333e-01
    outer loop
      vertex   4.820284e+01 1.626795e+01 -1.471277e+01
      vertex   4.860732e+01 1.606815e+01 -1.497557e+01
      vertex   4.789865e+01 1.626795e+01 -1.510548e+01
    endloop
  endfacet
  facet normal 4.823097e-01 7.923407e-01 -3.735955e-01
    outer loop
      vertex   4.820284e+01 1.626795e+01 -1.471277e+01
      vertex   4.789865e+01 1.626795e+01 -1.510548e+01
      vertex   4.759331e+01 1.658579e+01 -1.482559e+01
    endloop
  endfacet
  facet normal 4.140500e-01 7.923407e-01 -4.480611e-01
    outer loop
      vertex   4.759331e+01 1.658579e+01 -1.482559e+01
      vertex   4.789865e+01 1.626795e+01 -1.510548e+01
      vertex   4.727885e+01 1.658579e+01 -1.511617e+01
    endloop
  endfacet
  facet normal 5.391204e-01 6.074435e-01 -5.834051e-01
    outer loop
      vertex   4.759331e+01 1.658579e+01 -1.482559e+01
      vertex   4.727885e+01 1.658579e+01 -1.511617e+01
      vertex   4.708321e+01 1.700000e+01 -1.486568e+01
    endloop
  endfacet
  facet normal 4.354608e-01 6.074435e-01 -6.643691e-01
    outer loop
      vertex   4.708321e+01 1.700000e+01 -1.486568e+01
      vertex   4.727885e+01 1.658579e+01 -1.511617e+01
      vertex   4.676913e+01 1.700000e+01 -1.507154e+01
    endloop
  endfacet
  facet normal 5.067148e-01 3.815612e-01 -7.730790e-01
    outer loop
      vertex   4.708321e+01 1.700000e+01 -1.486568e+01
      vertex   4.676913e+01 1.700000e+01 -1.507154e+01
      vertex   4.667382e+01 1.748236e+01 -1.489594e+01
    endloop
  endfacet
  facet normal 3.722008e-01 3.815612e-01 -8.460955e-01
    outer loop
      vertex   4.667382e+01 1.748236e+01 -1.489594e+01
      vertex   4.676913e+01 1.700000e+01 -1.507154e+01
      vertex   4.636036e+01 1.748236e+01 -1.503383e+01
    endloop
  endfacet
  facet normal 1.048933e-01 9.911588e-01 -8.125001e-02
    outer loop
      vertex   4.908096e+01 1.600000e+01 -1.519544e+01
      vertex   4.858552e+01 1.600000e+01 -1.583505e+01
      vertex   4.860732e+01 1.606815e+01 -1.497557e+01
    endloop
  endfacet
  facet normal 1.048933e-01 9.911588e-01 -8.125001e-02
    outer loop
      vertex   4.860732e+01 1.606815e+01 -1.497557e+01
      vertex   4.858552e+01 1.600000e+01 -1.583505e+01
      vertex   4.825422e+01 1.606815e+01 -1.543142e+01
    endloop
  endfacet
  facet normal 3.034267e-01 9.234130e-01 -2.350333e-01
    outer loop
      vertex   4.860732e+01 1.606815e+01 -1.497557e+01
      vertex   4.825422e+01 1.606815e+01 -1.543142e+01
      vertex   4.789865e+01 1.626795e+01 -1.510548e+01
    endloop
  endfacet
  facet normal 2.604838e-01 9.234130e-01 -2.818805e-01
    outer loop
      vertex   4.789865e+01 1.626795e+01 -1.510548e+01
      vertex   4.825422e+01 1.606815e+01 -1.543142e+01
      vertex   4.753382e+01 1.626795e+01 -1.544261e+01
    endloop
  endfacet
  facet normal 4.140500e-01 7.923407e-01 -4.480611e-01
    outer loop
      vertex   4.789865e+01 1.626795e+01 -1.510548e+01
      vertex   4.753382e+01 1.626795e+01 -1.544261e+01
      vertex   4.727885e+01 1.658579e+01 -1.511617e+01
    endloop
  endfacet
  facet normal 3.344384e-01 7.923407e-01 -5.102423e-01
    outer loop
      vertex   4.727885e+01 1.658579e+01 -1.511617e+01
      vertex   4.753382e+01 1.626795e+01 -1.544261e+01
      vertex   4.692076e+01 1.658579e+01 -1.535088e+01
    endloop
  endfacet
  facet normal 4.354608e-01 6.074435e-01 -6.643691e-01
    outer loop
      vertex   4.727885e+01 1.658579e+01 -1.511617e+01
      vertex   4.692076e+01 1.658579e+01 -1.535088e+01
      vertex   4.676913e+01 1.700000e+01 -1.507154e+01
    endloop
  endfacet
  facet normal 3.198622e-01 6.074435e-01 -7.271180e-01
    outer loop
      vertex   4.676913e+01 1.700000e+01 -1.507154e+01
      vertex   4.692076e+01 1.658579e+01 -1.535088e+01
      vertex   4.642539e+01 1.700000e+01 -1.522275e+01
    endloop
  endfacet
  facet normal 3.722008e-01 3.815612e-01 -8.460955e-01
    outer loop
      vertex   4.676913e+01 1.700000e+01 -1.507154e+01
      vertex   4.642539e+01 1.700000e+01 -1.522275e+01
      vertex   4.636036e+01 1.748236e+01 -1.503383e+01
    endloop
  endfacet
  facet normal 2.274823e-01 3.815612e-01 -8.959145e-01
    outer loop
      vertex   4.636036e+01 1.748236e+01 -1.503383e+01
      vertex   4.642539e+01 1.700000e+01 -1.522275e+01
      vertex   4.602845e+01 1.748236e+01 -1.511811e+01
    endloop
  endfacet
  facet normal 8.797673e-02 9.915626e-01 -9.520335e-02
    outer loop
      vertex   4.825422e+01 1.606815e+01 -1.543142e+01
      vertex   4.858552e+01 1.600000e+01 -1.583505e+01
      vertex   4.783074e+01 1.606815e+01 -1.582276e+01
    endloop
  endfacet
  facet normal 8.779807e-02 9.908687e-01 -1.023268e-01
    outer loop
      vertex   4.783074e+01 1.606815e+01 -1.582276e+01
      vertex   4.858552e+01 1.600000e+01 -1.583505e+01
      vertex   4.797151e+01 1.600000e+01 -1.636188e+01
    endloop
  endfacet
  facet normal 7.016332e-02 9.917753e-01 -1.070460e-01
    outer loop
      vertex   4.783074e+01 1.606815e+01 -1.582276e+01
      vertex   4.797151e+01 1.600000e+01 -1.636188e+01
      vertex   4.734849e+01 1.606815e+01 -1.613885e+01
    endloop
  endfacet
  facet normal 6.586900e-02 9.907399e-01 -1.187256e-01
    outer loop
      vertex   4.734849e+01 1.606815e+01 -1.613885e+01
      vertex   4.797151e+01 1.600000e+01 -1.636188e+01
      vertex   4.726405e+01 1.600000e+01 -1.675438e+01
    endloop
  endfacet
  facet normal 5.140763e-02 9.918169e-01 -1.168610e-01
    outer loop
      vertex   4.734849e+01 1.606815e+01 -1.613885e+01
      vertex   4.726405e+01 1.600000e+01 -1.675438e+01
      vertex   4.682069e+01 1.606815e+01 -1.637103e+01
    endloop
  endfacet
  facet normal 4.053655e-02 9.907831e-01 -1.292502e-01
    outer loop
      vertex   4.682069e+01 1.606815e+01 -1.637103e+01
      vertex   4.726405e+01 1.600000e+01 -1.675438e+01
      vertex   4.649208e+01 1.600000e+01 -1.699649e+01
    endloop
  endfacet
  facet normal 3.165881e-02 9.916912e-01 -1.246848e-01
    outer loop
      vertex   4.682069e+01 1.606815e+01 -1.637103e+01
      vertex   4.649208e+01 1.600000e+01 -1.699649e+01
      vertex   4.626181e+01 1.606815e+01 -1.651294e+01
    endloop
  endfacet
  facet normal 1.354151e-02 9.909948e-01 -1.332141e-01
    outer loop
      vertex   4.626181e+01 1.606815e+01 -1.651294e+01
      vertex   4.649208e+01 1.600000e+01 -1.699649e+01
      vertex   4.568718e+01 1.600000e+01 -1.707831e+01
    endloop
  endfacet
  facet normal -8.779807e-02 9.908687e-01 -1.023268e-01
    outer loop
      vertex   4.340284e+01 1.600000e+01 -1.636188e+01
      vertex   4.278883e+01 1.600000e+01 -1.583505e+01
      vertex   4.354361e+01 1.606815e+01 -1.582276e+01
    endloop
  endfacet
  facet normal -8.797673e-02 9.915626e-01 -9.520335e-02
    outer loop
      vertex   4.354361e+01 1.606815e+01 -1.582276e+01
      vertex   4.278883e+01 1.600000e+01 -1.583505e+01
      vertex   4.312013e+01 1.606815e+01 -1.543142e+01
    endloop
  endfacet
  facet normal -2.604838e-01 9.234130e-01 -2.818805e-01
    outer loop
      vertex   4.354361e+01 1.606815e+01 -1.582276e+01
      vertex   4.312013e+01 1.606815e+01 -1.543142e+01
      vertex   4.347570e+01 1.626795e+01 -1.510548e+01
    endloop
  endfacet
  facet normal -3.034267e-01 9.234130e-01 -2.350333e-01
    outer loop
      vertex   4.347570e+01 1.626795e+01 -1.510548e+01
      vertex   4.312013e+01 1.606815e+01 -1.543142e+01
      vertex   4.317151e+01 1.626795e+01 -1.471277e+01
    endloop
  endfacet
  facet normal -4.823097e-01 7.923407e-01 -3.735955e-01
    outer loop
      vertex   4.347570e+01 1.626795e+01 -1.510548e+01
      vertex   4.317151e+01 1.626795e+01 -1.471277e+01
      vertex   4.351885e+01 1.658579e+01 -1.448710e+01
    endloop
  endfacet
  facet normal -5.373458e-01 7.923407e-01 -2.888869e-01
    outer loop
      vertex   4.351885e+01 1.658579e+01 -1.448710e+01
      vertex   4.317151e+01 1.626795e+01 -1.471277e+01
      vertex   4.331611e+01 1.658579e+01 -1.410999e+01
    endloop
  endfacet
  facet normal -6.996597e-01 6.074435e-01 -3.761498e-01
    outer loop
      vertex   4.351885e+01 1.658579e+01 -1.448710e+01
      vertex   4.331611e+01 1.658579e+01 -1.410999e+01
      vertex   4.360756e+01 1.700000e+01 -1.398318e+01
    endloop
  endfacet
  facet normal -7.521378e-01 6.074435e-01 -2.555409e-01
    outer loop
      vertex   4.360756e+01 1.700000e+01 -1.398318e+01
      vertex   4.331611e+01 1.658579e+01 -1.410999e+01
      vertex   4.348675e+01 1.700000e+01 -1.362761e+01
    endloop
  endfacet
  facet normal -8.752092e-01 3.815612e-01 -2.973547e-01
    outer loop
      vertex   4.360756e+01 1.700000e+01 -1.398318e+01
      vertex   4.348675e+01 1.700000e+01 -1.362761e+01
      vertex   4.368060e+01 1.748236e+01 -1.357922e+01
    endloop
  endfacet
  facet normal -9.122786e-01 3.815612e-01 -1.488580e-01
    outer loop
      vertex   4.368060e+01 1.748236e+01 -1.357922e+01
      vertex   4.348675e+01 1.700000e+01 -1.362761e+01
      vertex   4.362545e+01 1.748236e+01 -1.324124e+01
    endloop
  endfacet
  facet normal -1.048933e-01 9.911588e-01 -8.125001e-02
    outer loop
      vertex   4.278883e+01 1.600000e+01 -1.583505e+01
      vertex   4.229339e+01 1.600000e+01 -1.519544e+01
      vertex   4.312013e+01 1.606815e+01 -1.543142e+01
    endloop
  endfacet
  facet normal -1.048933e-01 9.911588e-01 -8.125001e-02
    outer loop
      vertex   4.312013e+01 1.606815e+01 -1.543142e+01
      vertex   4.229339e+01 1.600000e+01 -1.519544e+01
      vertex   4.276703e+01 1.606815e+01 -1.497557e+01
    endloop
  endfacet
  facet normal -3.034267e-01 9.234130e-01 -2.350333e-01
    outer loop
      vertex   4.312013e+01 1.606815e+01 -1.543142e+01
      vertex   4.276703e+01 1.606815e+01 -1.497557e+01
      vertex   4.317151e+01 1.626795e+01 -1.471277e+01
    endloop
  endfacet
  facet normal -3.380506e-01 9.234130e-01 -1.817422e-01
    outer loop
      vertex   4.317151e+01 1.626795e+01 -1.471277e+01
      vertex   4.276703e+01 1.606815e+01 -1.497557e+01
      vertex   4.293629e+01 1.626795e+01 -1.427525e+01
    endloop
  endfacet
  facet normal -5.373458e-01 7.923407e-01 -2.888869e-01
    outer loop
      vertex   4.317151e+01 1.626795e+01 -1.471277e+01
      vertex   4.293629e+01 1.626795e+01 -1.427525e+01
      vertex   4.331611e+01 1.658579e+01 -1.410999e+01
    endloop
  endfacet
  facet normal -5.776495e-01 7.923407e-01 -1.962580e-01
    outer loop
      vertex   4.331611e+01 1.658579e+01 -1.410999e+01
      vertex   4.293629e+01 1.626795e+01 -1.427525e+01
      vertex   4.317838e+01 1.658579e+01 -1.370459e+01
    endloop
  endfacet
  facet normal -7.521378e-01 6.074435e-01 -2.555409e-01
    outer loop
      vertex   4.331611e+01 1.658579e+01 -1.410999e+01
      vertex   4.317838e+01 1.658579e+01 -1.370459e+01
      vertex   4.348675e+01 1.700000e+01 -1.362761e+01
    endloop
  endfacet
  facet normal -7.839945e-01 6.074435e-01 -1.279257e-01
    outer loop
      vertex   4.348675e+01 1.700000e+01 -1.362761e+01
      vertex   4.317838e+01 1.658579e+01 -1.370459e+01
      vertex   4.342627e+01 1.700000e+01 -1.325698e+01
    endloop
  endfacet
  facet normal -9.122786e-01 3.815612e-01 -1.488580e-01
    outer loop
      vertex   4.348675e+01 1.700000e+01 -1.362761e+01
      vertex   4.342627e+01 1.700000e+01 -1.325698e+01
      vertex   4.362545e+01 1.748236e+01 -1.324124e+01
    endloop
  endfacet
  facet normal -9.243361e-01 3.815612e-01 3.719879e-03
    outer loop
      vertex   4.362545e+01 1.748236e+01 -1.324124e+01
      vertex   4.342627e+01 1.700000e+01 -1.325698e+01
      vertex   4.362683e+01 1.748236e+01 -1.289880e+01
    endloop
  endfacet
  facet normal -1.141744e-01 9.915626e-01 -6.138226e-02
    outer loop
      vertex   4.276703e+01 1.606815e+01 -1.497557e+01
      vertex   4.229339e+01 1.600000e+01 -1.519544e+01
      vertex   4.249399e+01 1.606815e+01 -1.446770e+01
    endloop
  endfacet
  facet normal -1.210270e-01 9.908687e-01 -5.942842e-02
    outer loop
      vertex   4.249399e+01 1.606815e+01 -1.446770e+01
      vertex   4.229339e+01 1.600000e+01 -1.519544e+01
      vertex   4.193679e+01 1.600000e+01 -1.446922e+01
    endloop
  endfacet
  facet normal -1.211877e-01 9.917753e-01 -4.117384e-02
    outer loop
      vertex   4.249399e+01 1.606815e+01 -1.446770e+01
      vertex   4.193679e+01 1.600000e+01 -1.446922e+01
      vertex   4.230849e+01 1.606815e+01 -1.392174e+01
    endloop
  endfacet
  facet normal -1.314228e-01 9.907399e-01 -3.409599e-02
    outer loop
      vertex   4.230849e+01 1.606815e+01 -1.392174e+01
      vertex   4.193679e+01 1.600000e+01 -1.446922e+01
      vertex   4.173362e+01 1.600000e+01 -1.368610e+01
    endloop
  endfacet
  facet normal -1.260021e-01 9.918169e-01 -2.055997e-02
    outer loop
      vertex   4.230849e+01 1.606815e+01 -1.392174e+01
      vertex   4.173362e+01 1.600000e+01 -1.368610e+01
      vertex   4.221564e+01 1.606815e+01 -1.335265e+01
    endloop
  endfacet
  facet normal -1.352801e-01 9.907831e-01 -6.936807e-03
    outer loop
      vertex   4.221564e+01 1.606815e+01 -1.335265e+01
      vertex   4.173362e+01 1.600000e+01 -1.368610e+01
      vertex   4.169219e+01 1.600000e+01 -1.287811e+01
    endloop
  endfacet
  facet normal -1.286403e-01 9.916912e-01 5.176972e-04
    outer loop
      vertex   4.221564e+01 1.606815e+01 -1.335265e+01
      vertex   4.169219e+01 1.600000e+01 -1.287811e+01
      vertex   4.221796e+01 1.606815e+01 -1.277604e+01
    endloop
  endfacet
  facet normal -9.243361e-01 3.815612e-01 3.719879e-03
    outer loop
      vertex   4.362683e+01 1.748236e+01 -1.289880e+01
      vertex   4.342627e+01 1.700000e+01 -1.325698e+01
      vertex   4.342779e+01 1.700000e+01 -1.288146e+01
    endloop
  endfacet
  facet normal -7.943564e-01 6.074435e-01 3.196792e-03
    outer loop
      vertex   4.342779e+01 1.700000e+01 -1.288146e+01
      vertex   4.342627e+01 1.700000e+01 -1.325698e+01
      vertex   4.310943e+01 1.658579e+01 -1.328202e+01
    endloop
  endfacet
  facet normal -7.943564e-01 6.074435e-01 3.196792e-03
    outer loop
      vertex   4.342779e+01 1.700000e+01 -1.288146e+01
      vertex   4.310943e+01 1.658579e+01 -1.328202e+01
      vertex   4.311115e+01 1.658579e+01 -1.285387e+01
    endloop
  endfacet
  facet normal -6.100739e-01 7.923407e-01 2.455169e-03
    outer loop
      vertex   4.311115e+01 1.658579e+01 -1.285387e+01
      vertex   4.310943e+01 1.658579e+01 -1.328202e+01
      vertex   4.269650e+01 1.626795e+01 -1.331465e+01
    endloop
  endfacet
  facet normal -6.100739e-01 7.923407e-01 2.455169e-03
    outer loop
      vertex   4.311115e+01 1.658579e+01 -1.285387e+01
      vertex   4.269650e+01 1.626795e+01 -1.331465e+01
      vertex   4.269850e+01 1.626795e+01 -1.281791e+01
    endloop
  endfacet
  facet normal -3.838047e-01 9.234130e-01 1.544576e-03
    outer loop
      vertex   4.269850e+01 1.626795e+01 -1.281791e+01
      vertex   4.269650e+01 1.626795e+01 -1.331465e+01
      vertex   4.221564e+01 1.606815e+01 -1.335265e+01
    endloop
  endfacet
  facet normal -3.838047e-01 9.234130e-01 1.544576e-03
    outer loop
      vertex   4.269850e+01 1.626795e+01 -1.281791e+01
      vertex   4.221564e+01 1.606815e+01 -1.335265e+01
      vertex   4.221796e+01 1.606815e+01 -1.277604e+01
    endloop
  endfacet
  facet normal -7.839945e-01 6.074435e-01 -1.279257e-01
    outer loop
      vertex   4.342627e+01 1.700000e+01 -1.325698e+01
      vertex   4.317838e+01 1.658579e+01 -1.370459e+01
      vertex   4.310943e+01 1.658579e+01 -1.328202e+01
    endloop
  endfacet
  facet normal -6.021158e-01 7.923407e-01 -9.824825e-02
    outer loop
      vertex   4.310943e+01 1.658579e+01 -1.328202e+01
      vertex   4.317838e+01 1.658579e+01 -1.370459e+01
      vertex   4.277650e+01 1.626795e+01 -1.380491e+01
    endloop
  endfacet
  facet normal -6.021158e-01 7.923407e-01 -9.824825e-02
    outer loop
      vertex   4.310943e+01 1.658579e+01 -1.328202e+01
      vertex   4.277650e+01 1.626795e+01 -1.380491e+01
      vertex   4.269650e+01 1.626795e+01 -1.331465e+01
    endloop
  endfacet
  facet normal -3.787982e-01 9.234130e-01 -6.180914e-02
    outer loop
      vertex   4.269650e+01 1.626795e+01 -1.331465e+01
      vertex   4.277650e+01 1.626795e+01 -1.380491e+01
      vertex   4.230849e+01 1.606815e+01 -1.392174e+01
    endloop
  endfacet
  facet normal -3.787982e-01 9.234130e-01 -6.180914e-02
    outer loop
      vertex   4.269650e+01 1.626795e+01 -1.331465e+01
      vertex   4.230849e+01 1.606815e+01 -1.392174e+01
      vertex   4.221564e+01 1.606815e+01 -1.335265e+01
    endloop
  endfacet
  facet normal -5.776495e-01 7.923407e-01 -1.962580e-01
    outer loop
      vertex   4.277650e+01 1.626795e+01 -1.380491e+01
      vertex   4.317838e+01 1.658579e+01 -1.370459e+01
      vertex   4.293629e+01 1.626795e+01 -1.427525e+01
    endloop
  endfacet
  facet normal -3.634061e-01 9.234130e-01 -1.234682e-01
    outer loop
      vertex   4.230849e+01 1.606815e+01 -1.392174e+01
      vertex   4.277650e+01 1.626795e+01 -1.380491e+01
      vertex   4.249399e+01 1.606815e+01 -1.446770e+01
    endloop
  endfacet
  facet normal -3.634061e-01 9.234130e-01 -1.234682e-01
    outer loop
      vertex   4.249399e+01 1.606815e+01 -1.446770e+01
      vertex   4.277650e+01 1.626795e+01 -1.380491e+01
      vertex   4.293629e+01 1.626795e+01 -1.427525e+01
    endloop
  endfacet
  facet normal -3.380506e-01 9.234130e-01 -1.817422e-01
    outer loop
      vertex   4.249399e+01 1.606815e+01 -1.446770e+01
      vertex   4.293629e+01 1.626795e+01 -1.427525e+01
      vertex   4.276703e+01 1.606815e+01 -1.497557e+01
    endloop
  endfacet
  facet normal -6.273361e-01 3.815612e-01 -6.788670e-01
    outer loop
      vertex   4.416263e+01 1.748236e+01 -1.447581e+01
      vertex   4.441413e+01 1.748236e+01 -1.470822e+01
      vertex   4.429114e+01 1.700000e+01 -1.486568e+01
    endloop
  endfacet
  facet normal -5.067148e-01 3.815612e-01 -7.730790e-01
    outer loop
      vertex   4.429114e+01 1.700000e+01 -1.486568e+01
      vertex   4.441413e+01 1.748236e+01 -1.470822e+01
      vertex   4.460522e+01 1.700000e+01 -1.507154e+01
    endloop
  endfacet
  facet normal -4.354608e-01 6.074435e-01 -6.643691e-01
    outer loop
      vertex   4.429114e+01 1.700000e+01 -1.486568e+01
      vertex   4.460522e+01 1.700000e+01 -1.507154e+01
      vertex   4.445359e+01 1.658579e+01 -1.535088e+01
    endloop
  endfacet
  facet normal -3.198622e-01 6.074435e-01 -7.271180e-01
    outer loop
      vertex   4.445359e+01 1.658579e+01 -1.535088e+01
      vertex   4.460522e+01 1.700000e+01 -1.507154e+01
      vertex   4.484550e+01 1.658579e+01 -1.552328e+01
    endloop
  endfacet
  facet normal -2.456574e-01 7.923407e-01 -5.584341e-01
    outer loop
      vertex   4.445359e+01 1.658579e+01 -1.535088e+01
      vertex   4.484550e+01 1.658579e+01 -1.552328e+01
      vertex   4.471067e+01 1.626795e+01 -1.591494e+01
    endloop
  endfacet
  facet normal -1.501413e-01 7.923407e-01 -5.913153e-01
    outer loop
      vertex   4.471067e+01 1.626795e+01 -1.591494e+01
      vertex   4.484550e+01 1.658579e+01 -1.552328e+01
      vertex   4.519214e+01 1.626795e+01 -1.603719e+01
    endloop
  endfacet
  facet normal -9.445565e-02 9.234130e-01 -3.720034e-01
    outer loop
      vertex   4.471067e+01 1.626795e+01 -1.591494e+01
      vertex   4.519214e+01 1.626795e+01 -1.603719e+01
      vertex   4.511254e+01 1.606815e+01 -1.651294e+01
    endloop
  endfacet
  facet normal -3.177561e-02 9.234130e-01 -3.824902e-01
    outer loop
      vertex   4.511254e+01 1.606815e+01 -1.651294e+01
      vertex   4.519214e+01 1.626795e+01 -1.603719e+01
      vertex   4.568718e+01 1.606815e+01 -1.656068e+01
    endloop
  endfacet
  facet normal -5.067148e-01 3.815612e-01 -7.730790e-01
    outer loop
      vertex   4.441413e+01 1.748236e+01 -1.470822e+01
      vertex   4.470053e+01 1.748236e+01 -1.489594e+01
      vertex   4.460522e+01 1.700000e+01 -1.507154e+01
    endloop
  endfacet
  facet normal -3.722008e-01 3.815612e-01 -8.460955e-01
    outer loop
      vertex   4.460522e+01 1.700000e+01 -1.507154e+01
      vertex   4.470053e+01 1.748236e+01 -1.489594e+01
      vertex   4.494896e+01 1.700000e+01 -1.522275e+01
    endloop
  endfacet
  facet normal -3.198622e-01 6.074435e-01 -7.271180e-01
    outer loop
      vertex   4.460522e+01 1.700000e+01 -1.507154e+01
      vertex   4.494896e+01 1.700000e+01 -1.522275e+01
      vertex   4.484550e+01 1.658579e+01 -1.552328e+01
    endloop
  endfacet
  facet normal -1.954938e-01 6.074435e-01 -7.699315e-01
    outer loop
      vertex   4.484550e+01 1.658579e+01 -1.552328e+01
      vertex   4.494896e+01 1.700000e+01 -1.522275e+01
      vertex   4.526049e+01 1.658579e+01 -1.562865e+01
    endloop
  endfacet
  facet normal -1.501413e-01 7.923407e-01 -5.913153e-01
    outer loop
      vertex   4.484550e+01 1.658579e+01 -1.552328e+01
      vertex   4.526049e+01 1.658579e+01 -1.562865e+01
      vertex   4.519214e+01 1.626795e+01 -1.603719e+01
    endloop
  endfacet
  facet normal -5.050869e-02 7.923407e-01 -6.079844e-01
    outer loop
      vertex   4.519214e+01 1.626795e+01 -1.603719e+01
      vertex   4.526049e+01 1.658579e+01 -1.562865e+01
      vertex   4.568718e+01 1.626795e+01 -1.607831e+01
    endloop
  endfacet
  facet normal -3.177561e-02 9.234130e-01 -3.824902e-01
    outer loop
      vertex   4.519214e+01 1.626795e+01 -1.603719e+01
      vertex   4.568718e+01 1.626795e+01 -1.607831e+01
      vertex   4.568718e+01 1.606815e+01 -1.656068e+01
    endloop
  endfacet
  facet normal -2.274823e-01 3.815612e-01 -8.959145e-01
    outer loop
      vertex   4.501399e+01 1.748236e+01 -1.503383e+01
      vertex   4.531294e+01 1.700000e+01 -1.531517e+01
      vertex   4.494896e+01 1.700000e+01 -1.522275e+01
    endloop
  endfacet
  facet normal -1.954938e-01 6.074435e-01 -7.699315e-01
    outer loop
      vertex   4.494896e+01 1.700000e+01 -1.522275e+01
      vertex   4.531294e+01 1.700000e+01 -1.531517e+01
      vertex   4.526049e+01 1.658579e+01 -1.562865e+01
    endloop
  endfacet
  facet normal -5.050869e-02 7.923407e-01 -6.079844e-01
    outer loop
      vertex   4.568718e+01 1.626795e+01 -1.607831e+01
      vertex   4.526049e+01 1.658579e+01 -1.562865e+01
      vertex   4.568718e+01 1.658579e+01 -1.566410e+01
    endloop
  endfacet
  facet normal -6.576564e-02 6.074435e-01 -7.916358e-01
    outer loop
      vertex   4.568718e+01 1.658579e+01 -1.566410e+01
      vertex   4.526049e+01 1.658579e+01 -1.562865e+01
      vertex   4.531294e+01 1.700000e+01 -1.531517e+01
    endloop
  endfacet
  facet normal -3.722008e-01 3.815612e-01 -8.460955e-01
    outer loop
      vertex   4.470053e+01 1.748236e+01 -1.489594e+01
      vertex   4.501399e+01 1.748236e+01 -1.503383e+01
      vertex   4.494896e+01 1.700000e+01 -1.522275e+01
    endloop
  endfacet
  facet normal 2.274823e-01 3.815612e-01 -8.959145e-01
    outer loop
      vertex   4.602845e+01 1.748236e+01 -1.511811e+01
      vertex   4.642539e+01 1.700000e+01 -1.522275e+01
      vertex   4.606142e+01 1.700000e+01 -1.531517e+01
    endloop
  endfacet
  facet normal 1.954938e-01 6.074435e-01 -7.699315e-01
    outer loop
      vertex   4.606142e+01 1.700000e+01 -1.531517e+01
      vertex   4.642539e+01 1.700000e+01 -1.522275e+01
      vertex   4.652885e+01 1.658579e+01 -1.552328e+01
    endloop
  endfacet
  facet normal 1.954938e-01 6.074435e-01 -7.699315e-01
    outer loop
      vertex   4.606142e+01 1.700000e+01 -1.531517e+01
      vertex   4.652885e+01 1.658579e+01 -1.552328e+01
      vertex   4.611386e+01 1.658579e+01 -1.562865e+01
    endloop
  endfacet
  facet normal 1.501413e-01 7.923407e-01 -5.913153e-01
    outer loop
      vertex   4.611386e+01 1.658579e+01 -1.562865e+01
      vertex   4.652885e+01 1.658579e+01 -1.552328e+01
      vertex   4.666368e+01 1.626795e+01 -1.591494e+01
    endloop
  endfacet
  facet normal 1.501413e-01 7.923407e-01 -5.913153e-01
    outer loop
      vertex   4.611386e+01 1.658579e+01 -1.562865e+01
      vertex   4.666368e+01 1.626795e+01 -1.591494e+01
      vertex   4.618221e+01 1.626795e+01 -1.603719e+01
    endloop
  endfacet
  facet normal 9.445565e-02 9.234130e-01 -3.720034e-01
    outer loop
      vertex   4.618221e+01 1.626795e+01 -1.603719e+01
      vertex   4.666368e+01 1.626795e+01 -1.591494e+01
      vertex   4.682069e+01 1.606815e+01 -1.637103e+01
    endloop
  endfacet
  facet normal 9.445565e-02 9.234130e-01 -3.720034e-01
    outer loop
      vertex   4.618221e+01 1.626795e+01 -1.603719e+01
      vertex   4.682069e+01 1.606815e+01 -1.637103e+01
      vertex   4.626181e+01 1.606815e+01 -1.651294e+01
    endloop
  endfacet
  facet normal 3.198622e-01 6.074435e-01 -7.271180e-01
    outer loop
      vertex   4.642539e+01 1.700000e+01 -1.522275e+01
      vertex   4.692076e+01 1.658579e+01 -1.535088e+01
      vertex   4.652885e+01 1.658579e+01 -1.552328e+01
    endloop
  endfacet
  facet normal 2.456574e-01 7.923407e-01 -5.584341e-01
    outer loop
      vertex   4.652885e+01 1.658579e+01 -1.552328e+01
      vertex   4.692076e+01 1.658579e+01 -1.535088e+01
      vertex   4.711837e+01 1.626795e+01 -1.571492e+01
    endloop
  endfacet
  facet normal 2.456574e-01 7.923407e-01 -5.584341e-01
    outer loop
      vertex   4.652885e+01 1.658579e+01 -1.552328e+01
      vertex   4.711837e+01 1.626795e+01 -1.571492e+01
      vertex   4.666368e+01 1.626795e+01 -1.591494e+01
    endloop
  endfacet
  facet normal 1.545460e-01 9.234130e-01 -3.513175e-01
    outer loop
      vertex   4.666368e+01 1.626795e+01 -1.591494e+01
      vertex   4.711837e+01 1.626795e+01 -1.571492e+01
      vertex   4.734849e+01 1.606815e+01 -1.613885e+01
    endloop
  endfacet
  facet normal 1.545460e-01 9.234130e-01 -3.513175e-01
    outer loop
      vertex   4.666368e+01 1.626795e+01 -1.591494e+01
      vertex   4.734849e+01 1.606815e+01 -1.613885e+01
      vertex   4.682069e+01 1.606815e+01 -1.637103e+01
    endloop
  endfacet
  facet normal 3.344384e-01 7.923407e-01 -5.102423e-01
    outer loop
      vertex   4.711837e+01 1.626795e+01 -1.571492e+01
      vertex   4.692076e+01 1.658579e+01 -1.535088e+01
      vertex   4.753382e+01 1.626795e+01 -1.544261e+01
    endloop
  endfacet
  facet normal 2.103991e-01 9.234130e-01 -3.209994e-01
    outer loop
      vertex   4.734849e+01 1.606815e+01 -1.613885e+01
      vertex   4.711837e+01 1.626795e+01 -1.571492e+01
      vertex   4.783074e+01 1.606815e+01 -1.582276e+01
    endloop
  endfacet
  facet normal 2.103991e-01 9.234130e-01 -3.209994e-01
    outer loop
      vertex   4.783074e+01 1.606815e+01 -1.582276e+01
      vertex   4.711837e+01 1.626795e+01 -1.571492e+01
      vertex   4.753382e+01 1.626795e+01 -1.544261e+01
    endloop
  endfacet
  facet normal 2.604838e-01 9.234130e-01 -2.818805e-01
    outer loop
      vertex   4.783074e+01 1.606815e+01 -1.582276e+01
      vertex   4.753382e+01 1.626795e+01 -1.544261e+01
      vertex   4.825422e+01 1.606815e+01 -1.543142e+01
    endloop
  endfacet
  facet normal 8.141442e-01 3.815612e-01 -4.376988e-01
    outer loop
      vertex   4.742143e+01 1.748236e+01 -1.420508e+01
      vertex   4.758359e+01 1.748236e+01 -1.390346e+01
      vertex   4.776679e+01 1.700000e+01 -1.398318e+01
    endloop
  endfacet
  facet normal 8.752092e-01 3.815612e-01 -2.973547e-01
    outer loop
      vertex   4.776679e+01 1.700000e+01 -1.398318e+01
      vertex   4.758359e+01 1.748236e+01 -1.390346e+01
      vertex   4.788760e+01 1.700000e+01 -1.362761e+01
    endloop
  endfacet
  facet normal 7.521378e-01 6.074435e-01 -2.555409e-01
    outer loop
      vertex   4.776679e+01 1.700000e+01 -1.398318e+01
      vertex   4.788760e+01 1.700000e+01 -1.362761e+01
      vertex   4.819597e+01 1.658579e+01 -1.370459e+01
    endloop
  endfacet
  facet normal 8.752092e-01 3.815612e-01 -2.973547e-01
    outer loop
      vertex   4.769375e+01 1.748236e+01 -1.357922e+01
      vertex   4.788760e+01 1.700000e+01 -1.362761e+01
      vertex   4.758359e+01 1.748236e+01 -1.390346e+01
    endloop
  endfacet
  facet normal 9.243361e-01 3.815612e-01 3.719879e-03
    outer loop
      vertex   4.794808e+01 1.700000e+01 -1.325698e+01
      vertex   4.774890e+01 1.748236e+01 -1.324124e+01
      vertex   4.794656e+01 1.700000e+01 -1.288146e+01
    endloop
  endfacet
  facet normal 9.243361e-01 3.815612e-01 3.719879e-03
    outer loop
      vertex   4.794656e+01 1.700000e+01 -1.288146e+01
      vertex   4.774890e+01 1.748236e+01 -1.324124e+01
      vertex   4.774752e+01 1.748236e+01 -1.289880e+01
    endloop
  endfacet
  facet normal 7.943564e-01 6.074435e-01 3.196792e-03
    outer loop
      vertex   4.826493e+01 1.658579e+01 -1.328202e+01
      vertex   4.794808e+01 1.700000e+01 -1.325698e+01
      vertex   4.826320e+01 1.658579e+01 -1.285387e+01
    endloop
  endfacet
  facet normal 7.943564e-01 6.074435e-01 3.196792e-03
    outer loop
      vertex   4.826320e+01 1.658579e+01 -1.285387e+01
      vertex   4.794808e+01 1.700000e+01 -1.325698e+01
      vertex   4.794656e+01 1.700000e+01 -1.288146e+01
    endloop
  endfacet
  facet normal 6.100739e-01 7.923407e-01 2.455169e-03
    outer loop
      vertex   4.867785e+01 1.626795e+01 -1.331465e+01
      vertex   4.826493e+01 1.658579e+01 -1.328202e+01
      vertex   4.867585e+01 1.626795e+01 -1.281791e+01
    endloop
  endfacet
  facet normal 6.100739e-01 7.923407e-01 2.455169e-03
    outer loop
      vertex   4.867585e+01 1.626795e+01 -1.281791e+01
      vertex   4.826493e+01 1.658579e+01 -1.328202e+01
      vertex   4.826320e+01 1.658579e+01 -1.285387e+01
    endloop
  endfacet
  facet normal 3.838047e-01 9.234130e-01 1.544576e-03
    outer loop
      vertex   4.915871e+01 1.606815e+01 -1.335265e+01
      vertex   4.867785e+01 1.626795e+01 -1.331465e+01
      vertex   4.915639e+01 1.606815e+01 -1.277604e+01
    endloop
  endfacet
  facet normal 3.838047e-01 9.234130e-01 1.544576e-03
    outer loop
      vertex   4.915639e+01 1.606815e+01 -1.277604e+01
      vertex   4.867785e+01 1.626795e+01 -1.331465e+01
      vertex   4.867585e+01 1.626795e+01 -1.281791e+01
    endloop
  endfacet
  facet normal 7.463608e-18 9.991598e-01 4.098292e-02
    outer loop
      vertex   4.956016e+01 1.600000e+01 -1.207831e+01
      vertex   4.946055e+01 1.599329e+01 -1.191470e+01
      vertex   5.931419e+01 1.600000e+01 -1.207831e+01
    endloop
  endfacet
  facet normal 6.420243e-06 9.991439e-01 4.136892e-02
    outer loop
      vertex   5.931419e+01 1.600000e+01 -1.207831e+01
      vertex   4.946055e+01 1.599329e+01 -1.191470e+01
      vertex   5.941386e+01 1.599323e+01 -1.191486e+01
    endloop
  endfacet
  facet normal 7.673444e-06 9.926088e-01 1.213583e-01
    outer loop
      vertex   5.941386e+01 1.599323e+01 -1.191486e+01
      vertex   4.946055e+01 1.599329e+01 -1.191470e+01
      vertex   4.933416e+01 1.597399e+01 -1.175682e+01
    endloop
  endfacet
  facet normal 1.098794e-05 9.925833e-01 1.215666e-01
    outer loop
      vertex   5.941386e+01 1.599323e+01 -1.191486e+01
      vertex   4.933416e+01 1.597399e+01 -1.175682e+01
      vertex   5.954026e+01 1.597390e+01 -1.175707e+01
    endloop
  endfacet
  facet normal 1.297603e-05 9.777647e-01 2.097048e-01
    outer loop
      vertex   5.954026e+01 1.597390e+01 -1.175707e+01
      vertex   4.933416e+01 1.597399e+01 -1.175682e+01
      vertex   5.443718e+01 1.593185e+01 -1.156068e+01
    endloop
  endfacet
  facet normal 9.558800e-04 9.724596e-01 2.330697e-01
    outer loop
      vertex   5.954026e+01 1.597390e+01 -1.175707e+01
      vertex   5.443718e+01 1.593185e+01 -1.156068e+01
      vertex   5.986495e+01 1.590345e+01 -1.146443e+01
    endloop
  endfacet
  facet normal -1.791754e-03 9.271646e-01 3.746500e-01
    outer loop
      vertex   5.986495e+01 1.590345e+01 -1.146443e+01
      vertex   5.443718e+01 1.593185e+01 -1.156068e+01
      vertex   6.027052e+01 1.580115e+01 -1.120931e+01
    endloop
  endfacet
  facet normal -2.349238e-03 9.238770e-01 3.826824e-01
    outer loop
      vertex   6.027052e+01 1.580115e+01 -1.120931e+01
      vertex   5.443718e+01 1.593185e+01 -1.156068e+01
      vertex   5.443718e+01 1.573205e+01 -1.107831e+01
    endloop
  endfacet
  facet normal 6.223762e-04 8.728051e-01 4.880685e-01
    outer loop
      vertex   6.027052e+01 1.580115e+01 -1.120931e+01
      vertex   5.443718e+01 1.573205e+01 -1.107831e+01
      vertex   6.074509e+01 1.568048e+01 -1.099414e+01
    endloop
  endfacet
  facet normal -1.241604e-03 8.085694e-01 5.883995e-01
    outer loop
      vertex   6.074509e+01 1.568048e+01 -1.099414e+01
      vertex   5.443718e+01 1.573205e+01 -1.107831e+01
      vertex   6.127927e+01 1.555492e+01 -1.082047e+01
    endloop
  endfacet
  facet normal -2.402837e-03 7.933511e-01 6.087597e-01
    outer loop
      vertex   6.127927e+01 1.555492e+01 -1.082047e+01
      vertex   5.443718e+01 1.573205e+01 -1.107831e+01
      vertex   5.443718e+01 1.541421e+01 -1.066410e+01
    endloop
  endfacet
  facet normal -2.456233e-04 7.486699e-01 6.629429e-01
    outer loop
      vertex   6.127927e+01 1.555492e+01 -1.082047e+01
      vertex   5.443718e+01 1.541421e+01 -1.066410e+01
      vertex   6.186861e+01 1.543962e+01 -1.069004e+01
    endloop
  endfacet
  facet normal 9.843874e-05 7.001460e-01 7.139997e-01
    outer loop
      vertex   6.186861e+01 1.543962e+01 -1.069004e+01
      vertex   5.443718e+01 1.541421e+01 -1.066410e+01
      vertex   6.250957e+01 1.535514e+01 -1.060729e+01
    endloop
  endfacet
  facet normal -2.077784e-04 6.782940e-01 7.347906e-01
    outer loop
      vertex   6.250957e+01 1.535514e+01 -1.060729e+01
      vertex   5.443718e+01 1.541421e+01 -1.066410e+01
      vertex   6.318732e+01 1.532460e+01 -1.057890e+01
    endloop
  endfacet
  facet normal -1.490085e-03 6.087608e-01 7.933525e-01
    outer loop
      vertex   6.318732e+01 1.532460e+01 -1.057890e+01
      vertex   5.443718e+01 1.541421e+01 -1.066410e+01
      vertex   5.443718e+01 1.500000e+01 -1.034626e+01
    endloop
  endfacet
  facet normal 0.000000e+00 5.825351e-01 8.128056e-01
    outer loop
      vertex   6.318732e+01 1.532460e+01 -1.057890e+01
      vertex   5.443718e+01 1.500000e+01 -1.034626e+01
      vertex   6.593718e+01 1.500000e+01 -1.034626e+01
    endloop
  endfacet
  facet normal 0.000000e+00 3.826834e-01 9.238795e-01
    outer loop
      vertex   6.593718e+01 1.500000e+01 -1.034626e+01
      vertex   5.443718e+01 1.500000e+01 -1.034626e+01
      vertex   6.593718e+01 1.451764e+01 -1.014646e+01
    endloop
  endfacet
  facet normal -1.433034e-16 3.826834e-01 9.238795e-01
    outer loop
      vertex   6.593718e+01 1.500000e+01 -1.034626e+01
      vertex   6.593718e+01 1.451764e+01 -1.014646e+01
      vertex   7.743718e+01 1.451764e+01 -1.014646e+01
    endloop
  endfacet
  facet normal -1.531443e-16 1.305262e-01 9.914449e-01
    outer loop
      vertex   7.743718e+01 1.451764e+01 -1.014646e+01
      vertex   6.593718e+01 1.451764e+01 -1.014646e+01
      vertex   7.743718e+01 1.400000e+01 -1.007831e+01
    endloop
  endfacet
  facet normal 0.000000e+00 1.305262e-01 9.914449e-01
    outer loop
      vertex   7.743718e+01 1.400000e+01 -1.007831e+01
      vertex   6.593718e+01 1.451764e+01 -1.014646e+01
      vertex   5.443718e+01 1.451764e+01 -1.014646e+01
    endloop
  endfacet
  facet normal 0.000000e+00 1.305262e-01 9.914449e-01
    outer loop
      vertex   7.743718e+01 1.400000e+01 -1.007831e+01
      vertex   5.443718e+01 1.451764e+01 -1.014646e+01
      vertex   3.143718e+01 1.400000e+01 -1.007831e+01
    endloop
  endfacet
  facet normal 0.000000e+00 1.305262e-01 9.914449e-01
    outer loop
      vertex   3.143718e+01 1.400000e+01 -1.007831e+01
      vertex   5.443718e+01 1.451764e+01 -1.014646e+01
      vertex   4.293718e+01 1.451764e+01 -1.014646e+01
    endloop
  endfacet
  facet normal 1.525488e-16 1.305262e-01 9.914449e-01
    outer loop
      vertex   3.143718e+01 1.400000e+01 -1.007831e+01
      vertex   4.293718e+01 1.451764e+01 -1.014646e+01
      vertex   3.143718e+01 1.451764e+01 -1.014646e+01
    endloop
  endfacet
  facet normal 1.427078e-16 3.826834e-01 9.238795e-01
    outer loop
      vertex   3.143718e+01 1.451764e+01 -1.014646e+01
      vertex   4.293718e+01 1.451764e+01 -1.014646e+01
      vertex   3.143718e+01 1.500000e+01 -1.034626e+01
    endloop
  endfacet
  facet normal -0.000000e+00 3.826834e-01 9.238795e-01
    outer loop
      vertex   3.143718e+01 1.500000e+01 -1.034626e+01
      vertex   4.293718e+01 1.451764e+01 -1.014646e+01
      vertex   4.293718e+01 1.500000e+01 -1.034626e+01
    endloop
  endfacet
  facet normal -0.000000e+00 6.087614e-01 7.933533e-01
    outer loop
      vertex   3.143718e+01 1.500000e+01 -1.034626e+01
      vertex   4.293718e+01 1.500000e+01 -1.034626e+01
      vertex   3.143718e+01 1.541421e+01 -1.066410e+01
    endloop
  endfacet
  facet normal 9.403283e-17 6.087614e-01 7.933533e-01
    outer loop
      vertex   3.143718e+01 1.541421e+01 -1.066410e+01
      vertex   4.293718e+01 1.500000e+01 -1.034626e+01
      vertex   4.293718e+01 1.541421e+01 -1.066410e+01
    endloop
  endfacet
  facet normal 1.148221e-16 7.433498e-01 6.689029e-01
    outer loop
      vertex   3.143718e+01 1.541421e+01 -1.066410e+01
      vertex   4.293718e+01 1.541421e+01 -1.066410e+01
      vertex   4.377927e+01 1.555492e+01 -1.082047e+01
    endloop
  endfacet
  facet normal -1.193862e-03 7.465375e-01 6.653422e-01
    outer loop
      vertex   4.377927e+01 1.555492e+01 -1.082047e+01
      vertex   4.293718e+01 1.541421e+01 -1.066410e+01
      vertex   4.436861e+01 1.543962e+01 -1.069004e+01
    endloop
  endfacet
  facet normal 4.611917e-04 7.015486e-01 7.126215e-01
    outer loop
      vertex   4.436861e+01 1.543962e+01 -1.069004e+01
      vertex   4.293718e+01 1.541421e+01 -1.066410e+01
      vertex   4.500957e+01 1.535514e+01 -1.060729e+01
    endloop
  endfacet
  facet normal -1.890527e-03 6.579400e-01 7.530680e-01
    outer loop
      vertex   4.500957e+01 1.535514e+01 -1.060729e+01
      vertex   4.293718e+01 1.541421e+01 -1.066410e+01
      vertex   4.568732e+01 1.532460e+01 -1.057890e+01
    endloop
  endfacet
  facet normal -4.740953e-03 6.087546e-01 7.933444e-01
    outer loop
      vertex   4.568732e+01 1.532460e+01 -1.057890e+01
      vertex   4.293718e+01 1.541421e+01 -1.066410e+01
      vertex   4.293718e+01 1.500000e+01 -1.034626e+01
    endloop
  endfacet
  facet normal 0.000000e+00 5.825351e-01 8.128055e-01
    outer loop
      vertex   4.568732e+01 1.532460e+01 -1.057890e+01
      vertex   4.293718e+01 1.500000e+01 -1.034626e+01
      vertex   5.443718e+01 1.500000e+01 -1.034626e+01
    endloop
  endfacet
  facet normal 0.000000e+00 3.826834e-01 9.238795e-01
    outer loop
      vertex   5.443718e+01 1.500000e+01 -1.034626e+01
      vertex   4.293718e+01 1.500000e+01 -1.034626e+01
      vertex   5.443718e+01 1.451764e+01 -1.014646e+01
    endloop
  endfacet
  facet normal 0.000000e+00 3.826834e-01 9.238795e-01
    outer loop
      vertex   5.443718e+01 1.500000e+01 -1.034626e+01
      vertex   5.443718e+01 1.451764e+01 -1.014646e+01
      vertex   6.593718e+01 1.451764e+01 -1.014646e+01
    endloop
  endfacet
  facet normal -9.470620e-04 9.723518e-01 2.335188e-01
    outer loop
      vertex   4.933416e+01 1.597399e+01 -1.175682e+01
      vertex   4.900933e+01 1.590344e+01 -1.146440e+01
      vertex   5.443718e+01 1.593185e+01 -1.156068e+01
    endloop
  endfacet
  facet normal 1.782487e-03 9.273732e-01 3.741333e-01
    outer loop
      vertex   5.443718e+01 1.593185e+01 -1.156068e+01
      vertex   4.900933e+01 1.590344e+01 -1.146440e+01
      vertex   4.860282e+01 1.580122e+01 -1.120909e+01
    endloop
  endfacet
  facet normal 2.375948e-03 9.238769e-01 3.826824e-01
    outer loop
      vertex   5.443718e+01 1.593185e+01 -1.156068e+01
      vertex   4.860282e+01 1.580122e+01 -1.120909e+01
      vertex   5.443718e+01 1.573205e+01 -1.107831e+01
    endloop
  endfacet
  facet normal -5.983892e-04 8.726766e-01 4.882982e-01
    outer loop
      vertex   5.443718e+01 1.573205e+01 -1.107831e+01
      vertex   4.860282e+01 1.580122e+01 -1.120909e+01
      vertex   4.812852e+01 1.568056e+01 -1.099402e+01
    endloop
  endfacet
  facet normal 1.272545e-03 8.081895e-01 5.889211e-01
    outer loop
      vertex   5.443718e+01 1.573205e+01 -1.107831e+01
      vertex   4.812852e+01 1.568056e+01 -1.099402e+01
      vertex   4.759512e+01 1.555495e+01 -1.082049e+01
    endloop
  endfacet
  facet normal 2.404187e-03 7.933510e-01 6.087597e-01
    outer loop
      vertex   5.443718e+01 1.573205e+01 -1.107831e+01
      vertex   4.759512e+01 1.555495e+01 -1.082049e+01
      vertex   5.443718e+01 1.541421e+01 -1.066410e+01
    endloop
  endfacet
  facet normal 2.455998e-04 7.486473e-01 6.629685e-01
    outer loop
      vertex   5.443718e+01 1.541421e+01 -1.066410e+01
      vertex   4.759512e+01 1.555495e+01 -1.082049e+01
      vertex   4.700562e+01 1.543961e+01 -1.069003e+01
    endloop
  endfacet
  facet normal -1.015397e-04 6.996525e-01 7.144833e-01
    outer loop
      vertex   5.443718e+01 1.541421e+01 -1.066410e+01
      vertex   4.700562e+01 1.543961e+01 -1.069003e+01
      vertex   4.636485e+01 1.535497e+01 -1.060723e+01
    endloop
  endfacet
  facet normal 1.738919e-04 6.800544e-01 7.331616e-01
    outer loop
      vertex   4.636485e+01 1.535497e+01 -1.060723e+01
      vertex   4.568732e+01 1.532460e+01 -1.057890e+01
      vertex   5.443718e+01 1.541421e+01 -1.066410e+01
    endloop
  endfacet
  facet normal 1.490131e-03 6.087608e-01 7.933525e-01
    outer loop
      vertex   5.443718e+01 1.541421e+01 -1.066410e+01
      vertex   4.568732e+01 1.532460e+01 -1.057890e+01
      vertex   5.443718e+01 1.500000e+01 -1.034626e+01
    endloop
  endfacet
  facet normal -1.332064e-03 7.933526e-01 6.087609e-01
    outer loop
      vertex   3.143718e+01 1.541421e+01 -1.066410e+01
      vertex   4.377927e+01 1.555492e+01 -1.082047e+01
      vertex   3.143718e+01 1.573205e+01 -1.107831e+01
    endloop
  endfacet
  facet normal -6.510097e-04 8.094352e-01 5.872089e-01
    outer loop
      vertex   3.143718e+01 1.573205e+01 -1.107831e+01
      vertex   4.377927e+01 1.555492e+01 -1.082047e+01
      vertex   4.324509e+01 1.568048e+01 -1.099414e+01
    endloop
  endfacet
  facet normal -0.000000e+00 8.527043e-01 5.223940e-01
    outer loop
      vertex   3.143718e+01 1.573205e+01 -1.107831e+01
      vertex   4.324509e+01 1.568048e+01 -1.099414e+01
      vertex   4.293718e+01 1.573205e+01 -1.107831e+01
    endloop
  endfacet
  facet normal 3.214875e-02 9.003478e-01 4.339819e-01
    outer loop
      vertex   4.293718e+01 1.573205e+01 -1.107831e+01
      vertex   4.324509e+01 1.568048e+01 -1.099414e+01
      vertex   4.277052e+01 1.580115e+01 -1.120931e+01
    endloop
  endfacet
  facet normal 0.000000e+00 8.845071e-01 4.665267e-01
    outer loop
      vertex   4.293718e+01 1.573205e+01 -1.107831e+01
      vertex   4.277052e+01 1.580115e+01 -1.120931e+01
      vertex   3.143718e+01 1.573205e+01 -1.107831e+01
    endloop
  endfacet
  facet normal -1.209169e-03 9.238789e-01 3.826832e-01
    outer loop
      vertex   3.143718e+01 1.573205e+01 -1.107831e+01
      vertex   4.277052e+01 1.580115e+01 -1.120931e+01
      vertex   3.143718e+01 1.593185e+01 -1.156068e+01
    endloop
  endfacet
  facet normal -8.776271e-04 9.276702e-01 3.733995e-01
    outer loop
      vertex   3.143718e+01 1.593185e+01 -1.156068e+01
      vertex   4.277052e+01 1.580115e+01 -1.120931e+01
      vertex   4.236495e+01 1.590345e+01 -1.146443e+01
    endloop
  endfacet
  facet normal 4.699740e-04 9.723376e-01 2.335795e-01
    outer loop
      vertex   3.143718e+01 1.593185e+01 -1.156068e+01
      vertex   4.236495e+01 1.590345e+01 -1.146443e+01
      vertex   4.204026e+01 1.597390e+01 -1.175707e+01
    endloop
  endfacet
  facet normal -1.514556e-03 9.914437e-01 1.305260e-01
    outer loop
      vertex   3.143718e+01 1.593185e+01 -1.156068e+01
      vertex   4.204026e+01 1.597390e+01 -1.175707e+01
      vertex   3.143718e+01 1.600000e+01 -1.207831e+01
    endloop
  endfacet
  facet normal -1.271263e-03 9.924580e-01 1.225783e-01
    outer loop
      vertex   3.143718e+01 1.600000e+01 -1.207831e+01
      vertex   4.204026e+01 1.597390e+01 -1.175707e+01
      vertex   4.191386e+01 1.599323e+01 -1.191486e+01
    endloop
  endfacet
  facet normal -7.082274e-18 9.991438e-01 4.137281e-02
    outer loop
      vertex   3.143718e+01 1.600000e+01 -1.207831e+01
      vertex   4.191386e+01 1.599323e+01 -1.191486e+01
      vertex   4.181419e+01 1.600000e+01 -1.207831e+01
    endloop
  endfacet
  facet normal 0.000000e+00 3.826834e-01 9.238795e-01
    outer loop
      vertex   7.743718e+01 1.451764e+01 -1.014646e+01
      vertex   7.743718e+01 1.500000e+01 -1.034626e+01
      vertex   6.593718e+01 1.500000e+01 -1.034626e+01
    endloop
  endfacet
  facet normal -0.000000e+00 6.087614e-01 7.933533e-01
    outer loop
      vertex   6.593718e+01 1.500000e+01 -1.034626e+01
      vertex   7.743718e+01 1.500000e+01 -1.034626e+01
      vertex   6.593718e+01 1.541421e+01 -1.066410e+01
    endloop
  endfacet
  facet normal 4.741457e-03 6.087546e-01 7.933444e-01
    outer loop
      vertex   6.593718e+01 1.500000e+01 -1.034626e+01
      vertex   6.593718e+01 1.541421e+01 -1.066410e+01
      vertex   6.318732e+01 1.532460e+01 -1.057890e+01
    endloop
  endfacet
  facet normal 1.597581e-03 6.628397e-01 7.487596e-01
    outer loop
      vertex   6.318732e+01 1.532460e+01 -1.057890e+01
      vertex   6.593718e+01 1.541421e+01 -1.066410e+01
      vertex   6.386485e+01 1.535497e+01 -1.060723e+01
    endloop
  endfacet
  facet normal -4.757840e-04 7.010981e-01 7.130647e-01
    outer loop
      vertex   6.386485e+01 1.535497e+01 -1.060723e+01
      vertex   6.593718e+01 1.541421e+01 -1.066410e+01
      vertex   6.450562e+01 1.543961e+01 -1.069003e+01
    endloop
  endfacet
  facet normal 1.193702e-03 7.465151e-01 6.653674e-01
    outer loop
      vertex   6.450562e+01 1.543961e+01 -1.069003e+01
      vertex   6.593718e+01 1.541421e+01 -1.066410e+01
      vertex   6.509512e+01 1.555495e+01 -1.082049e+01
    endloop
  endfacet
  facet normal -1.147159e-16 7.433283e-01 6.689268e-01
    outer loop
      vertex   6.509512e+01 1.555495e+01 -1.082049e+01
      vertex   6.593718e+01 1.541421e+01 -1.066410e+01
      vertex   7.743718e+01 1.541421e+01 -1.066410e+01
    endloop
  endfacet
  facet normal 1.332810e-03 7.933526e-01 6.087609e-01
    outer loop
      vertex   6.509512e+01 1.555495e+01 -1.082049e+01
      vertex   7.743718e+01 1.541421e+01 -1.066410e+01
      vertex   7.743718e+01 1.573205e+01 -1.107831e+01
    endloop
  endfacet
  facet normal -9.245379e-17 6.087614e-01 7.933533e-01
    outer loop
      vertex   7.743718e+01 1.500000e+01 -1.034626e+01
      vertex   7.743718e+01 1.541421e+01 -1.066410e+01
      vertex   6.593718e+01 1.541421e+01 -1.066410e+01
    endloop
  endfacet
  facet normal 1.223020e-03 9.238788e-01 3.826831e-01
    outer loop
      vertex   7.743718e+01 1.593185e+01 -1.156068e+01
      vertex   6.610282e+01 1.580122e+01 -1.120909e+01
      vertex   7.743718e+01 1.573205e+01 -1.107831e+01
    endloop
  endfacet
  facet normal 0.000000e+00 8.839570e-01 4.675682e-01
    outer loop
      vertex   7.743718e+01 1.573205e+01 -1.107831e+01
      vertex   6.610282e+01 1.580122e+01 -1.120909e+01
      vertex   6.593718e+01 1.573205e+01 -1.107831e+01
    endloop
  endfacet
  facet normal 0.000000e+00 8.533786e-01 5.212916e-01
    outer loop
      vertex   7.743718e+01 1.573205e+01 -1.107831e+01
      vertex   6.593718e+01 1.573205e+01 -1.107831e+01
      vertex   6.562852e+01 1.568056e+01 -1.099402e+01
    endloop
  endfacet
  facet normal -3.075203e-02 8.991142e-01 4.366325e-01
    outer loop
      vertex   6.562852e+01 1.568056e+01 -1.099402e+01
      vertex   6.593718e+01 1.573205e+01 -1.107831e+01
      vertex   6.610282e+01 1.580122e+01 -1.120909e+01
    endloop
  endfacet
  facet normal 1.525339e-03 9.914437e-01 1.305260e-01
    outer loop
      vertex   7.743718e+01 1.600000e+01 -1.207831e+01
      vertex   6.683416e+01 1.597399e+01 -1.175682e+01
      vertex   7.743718e+01 1.593185e+01 -1.156068e+01
    endloop
  endfacet
  facet normal -4.656352e-04 9.722306e-01 2.340243e-01
    outer loop
      vertex   7.743718e+01 1.593185e+01 -1.156068e+01
      vertex   6.683416e+01 1.597399e+01 -1.175682e+01
      vertex   6.650933e+01 1.590344e+01 -1.146440e+01
    endloop
  endfacet
  facet normal 8.730684e-04 9.278764e-01 3.728868e-01
    outer loop
      vertex   7.743718e+01 1.593185e+01 -1.156068e+01
      vertex   6.650933e+01 1.590344e+01 -1.146440e+01
      vertex   6.610282e+01 1.580122e+01 -1.120909e+01
    endloop
  endfacet
  facet normal 7.015531e-18 9.991598e-01 4.098292e-02
    outer loop
      vertex   6.706016e+01 1.600000e+01 -1.207831e+01
      vertex   6.696055e+01 1.599329e+01 -1.191470e+01
      vertex   7.743718e+01 1.600000e+01 -1.207831e+01
    endloop
  endfacet
  facet normal 1.275115e-03 9.924852e-01 1.223578e-01
    outer loop
      vertex   7.743718e+01 1.600000e+01 -1.207831e+01
      vertex   6.696055e+01 1.599329e+01 -1.191470e+01
      vertex   6.683416e+01 1.597399e+01 -1.175682e+01
    endloop
  endfacet
  facet normal 6.672782e-04 8.090767e-01 5.877027e-01
    outer loop
      vertex   6.562852e+01 1.568056e+01 -1.099402e+01
      vertex   6.509512e+01 1.555495e+01 -1.082049e+01
      vertex   7.743718e+01 1.573205e+01 -1.107831e+01
    endloop
  endfacet
  facet normal 0.000000e+00 3.826834e-01 9.238795e-01
    outer loop
      vertex   5.443718e+01 1.451764e+01 -1.014646e+01
      vertex   4.293718e+01 1.500000e+01 -1.034626e+01
      vertex   4.293718e+01 1.451764e+01 -1.014646e+01
    endloop
  endfacet
  facet normal -6.699713e-01 6.946963e-01 2.617929e-01
    outer loop
      vertex   4.375068e+01 1.800000e+01 -1.257831e+01
      vertex   4.380052e+01 1.798646e+01 -1.241486e+01
      vertex   4.392471e+01 1.800000e+01 -1.213294e+01
    endloop
  endfacet
  facet normal -9.102234e-01 1.243030e-01 3.950217e-01
    outer loop
      vertex   4.392471e+01 1.800000e+01 -1.213294e+01
      vertex   4.380052e+01 1.798646e+01 -1.241486e+01
      vertex   4.386372e+01 1.794781e+01 -1.225707e+01
    endloop
  endfacet
  facet normal -8.851616e-01 -6.216919e-02 4.611116e-01
    outer loop
      vertex   4.392471e+01 1.800000e+01 -1.213294e+01
      vertex   4.386372e+01 1.794781e+01 -1.225707e+01
      vertex   4.402606e+01 1.780690e+01 -1.196443e+01
    endloop
  endfacet
  facet normal -8.162954e-01 7.175425e-02 5.731606e-01
    outer loop
      vertex   4.392471e+01 1.800000e+01 -1.213294e+01
      vertex   4.402606e+01 1.780690e+01 -1.196443e+01
      vertex   4.419949e+01 1.800000e+01 -1.174160e+01
    endloop
  endfacet
  facet normal -7.858322e-01 -7.796320e-03 6.183906e-01
    outer loop
      vertex   4.419949e+01 1.800000e+01 -1.174160e+01
      vertex   4.402606e+01 1.780690e+01 -1.196443e+01
      vertex   4.422885e+01 1.760229e+01 -1.170931e+01
    endloop
  endfacet
  facet normal -6.652608e-01 1.150603e-02 7.465224e-01
    outer loop
      vertex   4.419949e+01 1.800000e+01 -1.174160e+01
      vertex   4.422885e+01 1.760229e+01 -1.170931e+01
      vertex   4.446613e+01 1.736097e+01 -1.149414e+01
    endloop
  endfacet
  facet normal -6.585212e-01 1.658625e-02 7.523794e-01
    outer loop
      vertex   4.419949e+01 1.800000e+01 -1.174160e+01
      vertex   4.446613e+01 1.736097e+01 -1.149414e+01
      vertex   4.455930e+01 1.800000e+01 -1.142668e+01
    endloop
  endfacet
  facet normal -5.503104e-01 -7.905503e-03 8.349227e-01
    outer loop
      vertex   4.455930e+01 1.800000e+01 -1.142668e+01
      vertex   4.446613e+01 1.736097e+01 -1.149414e+01
      vertex   4.473322e+01 1.710985e+01 -1.132047e+01
    endloop
  endfacet
  facet normal -4.611141e-01 1.575911e-02 8.872009e-01
    outer loop
      vertex   4.455930e+01 1.800000e+01 -1.142668e+01
      vertex   4.473322e+01 1.710985e+01 -1.132047e+01
      vertex   4.498359e+01 1.800000e+01 -1.120616e+01
    endloop
  endfacet
  facet normal -4.066877e-01 -2.934368e-03 9.135626e-01
    outer loop
      vertex   4.498359e+01 1.800000e+01 -1.120616e+01
      vertex   4.473322e+01 1.710985e+01 -1.132047e+01
      vertex   4.502789e+01 1.687923e+01 -1.119004e+01
    endloop
  endfacet
  facet normal -2.890268e-01 2.346204e-03 9.573181e-01
    outer loop
      vertex   4.498359e+01 1.800000e+01 -1.120616e+01
      vertex   4.502789e+01 1.687923e+01 -1.119004e+01
      vertex   4.518507e+01 1.678422e+01 -1.114235e+01
    endloop
  endfacet
  facet normal -2.373538e-01 1.164608e-02 9.713535e-01
    outer loop
      vertex   4.498359e+01 1.800000e+01 -1.120616e+01
      vertex   4.518507e+01 1.678422e+01 -1.114235e+01
      vertex   4.544809e+01 1.800000e+01 -1.109266e+01
    endloop
  endfacet
  facet normal -2.077541e-01 4.963851e-03 9.781685e-01
    outer loop
      vertex   4.544809e+01 1.800000e+01 -1.109266e+01
      vertex   4.518507e+01 1.678422e+01 -1.114235e+01
      vertex   4.534837e+01 1.671029e+01 -1.110729e+01
    endloop
  endfacet
  facet normal -1.256988e-01 -1.538305e-03 9.920673e-01
    outer loop
      vertex   4.544809e+01 1.800000e+01 -1.109266e+01
      vertex   4.534837e+01 1.671029e+01 -1.110729e+01
      vertex   4.551657e+01 1.666476e+01 -1.108605e+01
    endloop
  endfacet
  facet normal -4.157571e-02 2.811130e-03 9.991314e-01
    outer loop
      vertex   4.551657e+01 1.666476e+01 -1.108605e+01
      vertex   4.568725e+01 1.664920e+01 -1.107890e+01
      vertex   4.544809e+01 1.800000e+01 -1.109266e+01
    endloop
  endfacet
  facet normal -0.000000e+00 1.018034e-02 9.999482e-01
    outer loop
      vertex   4.544809e+01 1.800000e+01 -1.109266e+01
      vertex   4.568725e+01 1.664920e+01 -1.107890e+01
      vertex   4.592626e+01 1.800000e+01 -1.109266e+01
    endloop
  endfacet
  facet normal 4.092036e-02 2.931774e-03 9.991581e-01
    outer loop
      vertex   4.592626e+01 1.800000e+01 -1.109266e+01
      vertex   4.568725e+01 1.664920e+01 -1.107890e+01
      vertex   4.585789e+01 1.666409e+01 -1.108594e+01
    endloop
  endfacet
  facet normal 1.260494e-01 -1.460607e-03 9.920229e-01
    outer loop
      vertex   4.592626e+01 1.800000e+01 -1.109266e+01
      vertex   4.585789e+01 1.666409e+01 -1.108594e+01
      vertex   4.602601e+01 1.670993e+01 -1.110723e+01
    endloop
  endfacet
  facet normal 2.080233e-01 5.035128e-03 9.781109e-01
    outer loop
      vertex   4.602601e+01 1.670993e+01 -1.110723e+01
      vertex   4.618921e+01 1.678415e+01 -1.114232e+01
      vertex   4.592626e+01 1.800000e+01 -1.109266e+01
    endloop
  endfacet
  facet normal 2.373538e-01 1.165443e-02 9.713534e-01
    outer loop
      vertex   4.592626e+01 1.800000e+01 -1.109266e+01
      vertex   4.618921e+01 1.678415e+01 -1.114232e+01
      vertex   4.639076e+01 1.800000e+01 -1.120616e+01
    endloop
  endfacet
  facet normal 2.891092e-01 2.336615e-03 9.572933e-01
    outer loop
      vertex   4.639076e+01 1.800000e+01 -1.120616e+01
      vertex   4.618921e+01 1.678415e+01 -1.114232e+01
      vertex   4.634640e+01 1.687922e+01 -1.119003e+01
    endloop
  endfacet
  facet normal 4.066815e-01 -2.946498e-03 9.135652e-01
    outer loop
      vertex   4.639076e+01 1.800000e+01 -1.120616e+01
      vertex   4.634640e+01 1.687922e+01 -1.119003e+01
      vertex   4.664115e+01 1.710990e+01 -1.132049e+01
    endloop
  endfacet
  facet normal 4.611142e-01 1.575187e-02 8.872010e-01
    outer loop
      vertex   4.639076e+01 1.800000e+01 -1.120616e+01
      vertex   4.664115e+01 1.710990e+01 -1.132049e+01
      vertex   4.681505e+01 1.800000e+01 -1.142668e+01
    endloop
  endfacet
  facet normal 5.506272e-01 -7.997953e-03 8.347130e-01
    outer loop
      vertex   4.681505e+01 1.800000e+01 -1.142668e+01
      vertex   4.664115e+01 1.710990e+01 -1.132049e+01
      vertex   4.690785e+01 1.736111e+01 -1.149402e+01
    endloop
  endfacet
  facet normal 6.620284e-01 1.718815e-02 7.492816e-01
    outer loop
      vertex   4.681505e+01 1.800000e+01 -1.142668e+01
      vertex   4.690785e+01 1.736111e+01 -1.149402e+01
      vertex   4.714500e+01 1.760245e+01 -1.170909e+01
    endloop
  endfacet
  facet normal 6.585637e-01 1.207750e-02 7.524280e-01
    outer loop
      vertex   4.681505e+01 1.800000e+01 -1.142668e+01
      vertex   4.714500e+01 1.760245e+01 -1.170909e+01
      vertex   4.717486e+01 1.800000e+01 -1.174160e+01
    endloop
  endfacet
  facet normal 7.855954e-01 -8.403331e-03 6.186834e-01
    outer loop
      vertex   4.717486e+01 1.800000e+01 -1.174160e+01
      vertex   4.714500e+01 1.760245e+01 -1.170909e+01
      vertex   4.734825e+01 1.780689e+01 -1.196440e+01
    endloop
  endfacet
  facet normal 8.162997e-01 7.168224e-02 5.731636e-01
    outer loop
      vertex   4.717486e+01 1.800000e+01 -1.174160e+01
      vertex   4.734825e+01 1.780689e+01 -1.196440e+01
      vertex   4.744964e+01 1.800000e+01 -1.213294e+01
    endloop
  endfacet
  facet normal 8.848566e-01 -6.151584e-02 4.617841e-01
    outer loop
      vertex   4.744964e+01 1.800000e+01 -1.213294e+01
      vertex   4.734825e+01 1.780689e+01 -1.196440e+01
      vertex   4.751067e+01 1.794798e+01 -1.225682e+01
    endloop
  endfacet
  facet normal 9.098682e-01 1.265600e-01 3.951234e-01
    outer loop
      vertex   4.744964e+01 1.800000e+01 -1.213294e+01
      vertex   4.751067e+01 1.794798e+01 -1.225682e+01
      vertex   4.757386e+01 1.798658e+01 -1.241470e+01
    endloop
  endfacet
  facet normal 6.651209e-01 7.000482e-01 2.598976e-01
    outer loop
      vertex   4.757386e+01 1.798658e+01 -1.241470e+01
      vertex   4.762367e+01 1.800000e+01 -1.257831e+01
      vertex   4.744964e+01 1.800000e+01 -1.213294e+01
    endloop
  endfacet
  facet normal -9.523647e-01 7.206360e-02 2.963246e-01
    outer loop
      vertex   6.130052e+01 1.798646e+01 -1.241486e+01
      vertex   6.125068e+01 1.800000e+01 -1.257831e+01
      vertex   6.128601e+01 1.767657e+01 -1.238613e+01
    endloop
  endfacet
  facet normal -9.137092e-01 1.291537e-01 3.852982e-01
    outer loop
      vertex   6.128601e+01 1.767657e+01 -1.238613e+01
      vertex   6.125068e+01 1.800000e+01 -1.257831e+01
      vertex   6.118470e+01 1.748236e+01 -1.256128e+01
    endloop
  endfacet
  facet normal -9.311867e-01 2.326193e-01 2.806770e-01
    outer loop
      vertex   6.128601e+01 1.767657e+01 -1.238613e+01
      vertex   6.118470e+01 1.748236e+01 -1.256128e+01
      vertex   6.121175e+01 1.738272e+01 -1.238894e+01
    endloop
  endfacet
  facet normal -8.608488e-01 3.701671e-01 3.491642e-01
    outer loop
      vertex   6.121175e+01 1.738272e+01 -1.238894e+01
      vertex   6.118470e+01 1.748236e+01 -1.256128e+01
      vertex   6.109698e+01 1.710257e+01 -1.237490e+01
    endloop
  endfacet
  facet normal -8.273254e-01 3.605212e-01 4.307634e-01
    outer loop
      vertex   6.121175e+01 1.738272e+01 -1.238894e+01
      vertex   6.109698e+01 1.710257e+01 -1.237490e+01
      vertex   6.128390e+01 1.734740e+01 -1.222082e+01
    endloop
  endfacet
  facet normal -8.277083e-01 3.621278e-01 4.286752e-01
    outer loop
      vertex   6.128390e+01 1.734740e+01 -1.222082e+01
      vertex   6.109698e+01 1.710257e+01 -1.237490e+01
      vertex   6.116819e+01 1.707944e+01 -1.221788e+01
    endloop
  endfacet
  facet normal -7.336302e-01 3.233588e-01 5.976837e-01
    outer loop
      vertex   6.128390e+01 1.734740e+01 -1.222082e+01
      vertex   6.116819e+01 1.707944e+01 -1.221788e+01
      vertex   6.149069e+01 1.719653e+01 -1.188537e+01
    endloop
  endfacet
  facet normal -7.322733e-01 3.379995e-01 5.912124e-01
    outer loop
      vertex   6.149069e+01 1.719653e+01 -1.188537e+01
      vertex   6.116819e+01 1.707944e+01 -1.221788e+01
      vertex   6.137755e+01 1.696068e+01 -1.189066e+01
    endloop
  endfacet
  facet normal -5.944235e-01 2.681246e-01 7.581358e-01
    outer loop
      vertex   6.149069e+01 1.719653e+01 -1.188537e+01
      vertex   6.137755e+01 1.696068e+01 -1.189066e+01
      vertex   6.178324e+01 1.696759e+01 -1.157502e+01
    endloop
  endfacet
  facet normal -5.900019e-01 2.942326e-01 7.518809e-01
    outer loop
      vertex   6.178324e+01 1.696759e+01 -1.157502e+01
      vertex   6.137755e+01 1.696068e+01 -1.189066e+01
      vertex   6.168241e+01 1.676565e+01 -1.157511e+01
    endloop
  endfacet
  facet normal -4.440991e-01 2.213312e-01 8.682099e-01
    outer loop
      vertex   6.178324e+01 1.696759e+01 -1.157502e+01
      vertex   6.168241e+01 1.676565e+01 -1.157511e+01
      vertex   6.215689e+01 1.670712e+01 -1.131750e+01
    endloop
  endfacet
  facet normal -4.377130e-01 2.513486e-01 8.632677e-01
    outer loop
      vertex   6.215689e+01 1.670712e+01 -1.131750e+01
      vertex   6.168241e+01 1.676565e+01 -1.157511e+01
      vertex   6.207895e+01 1.653492e+01 -1.130688e+01
    endloop
  endfacet
  facet normal -2.835197e-01 1.863354e-01 9.406890e-01
    outer loop
      vertex   6.215689e+01 1.670712e+01 -1.131750e+01
      vertex   6.207895e+01 1.653492e+01 -1.130688e+01
      vertex   6.260256e+01 1.647784e+01 -1.113776e+01
    endloop
  endfacet
  facet normal -2.793855e-01 2.118789e-01 9.365101e-01
    outer loop
      vertex   6.260256e+01 1.647784e+01 -1.113776e+01
      vertex   6.207895e+01 1.653492e+01 -1.130688e+01
      vertex   6.255726e+01 1.632709e+01 -1.111716e+01
    endloop
  endfacet
  facet normal -1.537137e-01 1.789386e-01 9.717783e-01
    outer loop
      vertex   6.260256e+01 1.647784e+01 -1.113776e+01
      vertex   6.255726e+01 1.632709e+01 -1.111716e+01
      vertex   6.285260e+01 1.640064e+01 -1.108399e+01
    endloop
  endfacet
  facet normal -1.558720e-01 1.885839e-01 9.696082e-01
    outer loop
      vertex   6.285260e+01 1.640064e+01 -1.108399e+01
      vertex   6.255726e+01 1.632709e+01 -1.111716e+01
      vertex   6.282629e+01 1.625662e+01 -1.106021e+01
    endloop
  endfacet
  facet normal -6.716742e-02 1.744874e-01 9.823659e-01
    outer loop
      vertex   6.285260e+01 1.640064e+01 -1.108399e+01
      vertex   6.282629e+01 1.625662e+01 -1.106021e+01
      vertex   6.311068e+01 1.636581e+01 -1.106016e+01
    endloop
  endfacet
  facet normal -6.874491e-02 1.785966e-01 9.815179e-01
    outer loop
      vertex   6.311068e+01 1.636581e+01 -1.106016e+01
      vertex   6.282629e+01 1.625662e+01 -1.106021e+01
      vertex   6.310464e+01 1.622475e+01 -1.103491e+01
    endloop
  endfacet
  facet normal 1.710513e-02 1.754293e-01 9.843434e-01
    outer loop
      vertex   6.311068e+01 1.636581e+01 -1.106016e+01
      vertex   6.310464e+01 1.622475e+01 -1.103491e+01
      vertex   6.337105e+01 1.637439e+01 -1.106621e+01
    endloop
  endfacet
  facet normal 1.762470e-02 1.745356e-01 9.844931e-01
    outer loop
      vertex   6.337105e+01 1.637439e+01 -1.106621e+01
      vertex   6.310464e+01 1.622475e+01 -1.103491e+01
      vertex   6.338555e+01 1.623259e+01 -1.104133e+01
    endloop
  endfacet
  facet normal 1.013027e-01 1.819642e-01 9.780730e-01
    outer loop
      vertex   6.337105e+01 1.637439e+01 -1.106621e+01
      vertex   6.338555e+01 1.623259e+01 -1.104133e+01
      vertex   6.362570e+01 1.642734e+01 -1.110244e+01
    endloop
  endfacet
  facet normal 1.059164e-01 1.764392e-01 9.785964e-01
    outer loop
      vertex   6.362570e+01 1.642734e+01 -1.110244e+01
      vertex   6.338555e+01 1.623259e+01 -1.104133e+01
      vertex   6.366008e+01 1.628104e+01 -1.107978e+01
    endloop
  endfacet
  facet normal 2.241731e-01 2.003802e-01 9.537265e-01
    outer loop
      vertex   6.362570e+01 1.642734e+01 -1.110244e+01
      vertex   6.366008e+01 1.628104e+01 -1.107978e+01
      vertex   6.409312e+01 1.663278e+01 -1.125547e+01
    endloop
  endfacet
  facet normal 2.400474e-01 1.808559e-01 9.537654e-01
    outer loop
      vertex   6.409312e+01 1.663278e+01 -1.125547e+01
      vertex   6.366008e+01 1.628104e+01 -1.107978e+01
      vertex   6.416240e+01 1.646791e+01 -1.124164e+01
    endloop
  endfacet
  facet normal 3.765950e-01 2.334323e-01 8.964851e-01
    outer loop
      vertex   6.409312e+01 1.663278e+01 -1.125547e+01
      vertex   6.416240e+01 1.646791e+01 -1.124164e+01
      vertex   6.446851e+01 1.687715e+01 -1.147679e+01
    endloop
  endfacet
  facet normal 3.996326e-01 2.133387e-01 8.915045e-01
    outer loop
      vertex   6.446851e+01 1.687715e+01 -1.147679e+01
      vertex   6.416240e+01 1.646791e+01 -1.124164e+01
      vertex   6.456255e+01 1.668649e+01 -1.147332e+01
    endloop
  endfacet
  facet normal 5.224542e-01 2.723978e-01 8.079858e-01
    outer loop
      vertex   6.446851e+01 1.687715e+01 -1.147679e+01
      vertex   6.456255e+01 1.668649e+01 -1.147332e+01
      vertex   6.477385e+01 1.711016e+01 -1.175279e+01
    endloop
  endfacet
  facet normal 5.456800e-01 2.544996e-01 7.984130e-01
    outer loop
      vertex   6.477385e+01 1.711016e+01 -1.175279e+01
      vertex   6.456255e+01 1.668649e+01 -1.147332e+01
      vertex   6.488338e+01 1.688865e+01 -1.175703e+01
    endloop
  endfacet
  facet normal 6.420151e-01 3.039454e-01 7.038706e-01
    outer loop
      vertex   6.477385e+01 1.711016e+01 -1.175279e+01
      vertex   6.488338e+01 1.688865e+01 -1.175703e+01
      vertex   6.493022e+01 1.723318e+01 -1.194853e+01
    endloop
  endfacet
  facet normal 6.570375e-01 2.960289e-01 6.933026e-01
    outer loop
      vertex   6.493022e+01 1.723318e+01 -1.194853e+01
      vertex   6.488338e+01 1.688865e+01 -1.175703e+01
      vertex   6.504464e+01 1.699093e+01 -1.195353e+01
    endloop
  endfacet
  facet normal 7.291352e-01 3.320384e-01 5.984249e-01
    outer loop
      vertex   6.493022e+01 1.723318e+01 -1.194853e+01
      vertex   6.504464e+01 1.699093e+01 -1.195353e+01
      vertex   6.505502e+01 1.732474e+01 -1.215139e+01
    endloop
  endfacet
  facet normal 7.391791e-01 3.262628e-01 5.892086e-01
    outer loop
      vertex   6.505502e+01 1.732474e+01 -1.215139e+01
      vertex   6.504464e+01 1.699093e+01 -1.195353e+01
      vertex   6.517085e+01 1.706281e+01 -1.215167e+01
    endloop
  endfacet
  facet normal 8.082004e-01 3.569105e-01 4.684303e-01
    outer loop
      vertex   6.505502e+01 1.732474e+01 -1.215139e+01
      vertex   6.517085e+01 1.706281e+01 -1.215167e+01
      vertex   6.514943e+01 1.737799e+01 -1.235486e+01
    endloop
  endfacet
  facet normal 8.116036e-01 3.545115e-01 4.643503e-01
    outer loop
      vertex   6.514943e+01 1.737799e+01 -1.235486e+01
      vertex   6.517085e+01 1.706281e+01 -1.215167e+01
      vertex   6.526445e+01 1.709999e+01 -1.234365e+01
    endloop
  endfacet
  facet normal 8.589661e-01 3.696711e-01 3.542886e-01
    outer loop
      vertex   6.514943e+01 1.737799e+01 -1.235486e+01
      vertex   6.526445e+01 1.709999e+01 -1.234365e+01
      vertex   6.518965e+01 1.748236e+01 -1.256128e+01
    endloop
  endfacet
  facet normal 8.468831e-01 3.783479e-01 3.736868e-01
    outer loop
      vertex   6.518965e+01 1.748236e+01 -1.256128e+01
      vertex   6.526445e+01 1.709999e+01 -1.234365e+01
      vertex   6.538311e+01 1.700000e+01 -1.251133e+01
    endloop
  endfacet
  facet normal 8.156033e-01 5.102001e-01 2.729232e-01
    outer loop
      vertex   6.538311e+01 1.700000e+01 -1.251133e+01
      vertex   6.526445e+01 1.709999e+01 -1.234365e+01
      vertex   6.541643e+01 1.684165e+01 -1.231488e+01
    endloop
  endfacet
  facet normal 7.135443e-01 5.996423e-01 3.623310e-01
    outer loop
      vertex   6.538311e+01 1.700000e+01 -1.251133e+01
      vertex   6.541643e+01 1.684165e+01 -1.231488e+01
      vertex   6.569085e+01 1.658579e+01 -1.243187e+01
    endloop
  endfacet
  facet normal 7.158355e-01 6.325255e-01 2.957889e-01
    outer loop
      vertex   6.569085e+01 1.658579e+01 -1.243187e+01
      vertex   6.541643e+01 1.684165e+01 -1.231488e+01
      vertex   6.561234e+01 1.659727e+01 -1.226642e+01
    endloop
  endfacet
  facet normal 6.257174e-01 7.403980e-01 2.455373e-01
    outer loop
      vertex   6.569085e+01 1.658579e+01 -1.243187e+01
      vertex   6.561234e+01 1.659727e+01 -1.226642e+01
      vertex   6.580550e+01 1.641567e+01 -1.221105e+01
    endloop
  endfacet
  facet normal 5.540048e-01 7.178294e-01 4.216630e-01
    outer loop
      vertex   6.580550e+01 1.641567e+01 -1.221105e+01
      vertex   6.561234e+01 1.659727e+01 -1.226642e+01
      vertex   6.567919e+01 1.640565e+01 -1.202805e+01
    endloop
  endfacet
  facet normal 4.824602e-01 7.909754e-01 3.762845e-01
    outer loop
      vertex   6.580550e+01 1.641567e+01 -1.221105e+01
      vertex   6.567919e+01 1.640565e+01 -1.202805e+01
      vertex   6.587358e+01 1.625274e+01 -1.195584e+01
    endloop
  endfacet
  facet normal 4.009975e-01 7.548378e-01 5.190577e-01
    outer loop
      vertex   6.587358e+01 1.625274e+01 -1.195584e+01
      vertex   6.567919e+01 1.640565e+01 -1.202805e+01
      vertex   6.568481e+01 1.621873e+01 -1.176056e+01
    endloop
  endfacet
  facet normal 3.410171e-01 8.133935e-01 4.712731e-01
    outer loop
      vertex   6.587358e+01 1.625274e+01 -1.195584e+01
      vertex   6.568481e+01 1.621873e+01 -1.176056e+01
      vertex   6.586767e+01 1.608998e+01 -1.167066e+01
    endloop
  endfacet
  facet normal 2.587600e-01 7.724581e-01 5.799584e-01
    outer loop
      vertex   6.586767e+01 1.608998e+01 -1.167066e+01
      vertex   6.568481e+01 1.621873e+01 -1.176056e+01
      vertex   6.560951e+01 1.603103e+01 -1.147696e+01
    endloop
  endfacet
  facet normal 2.142376e-01 8.176483e-01 5.343721e-01
    outer loop
      vertex   6.586767e+01 1.608998e+01 -1.167066e+01
      vertex   6.560951e+01 1.603103e+01 -1.147696e+01
      vertex   6.577209e+01 1.592056e+01 -1.137311e+01
    endloop
  endfacet
  facet normal 1.258516e-01 7.715026e-01 6.236547e-01
    outer loop
      vertex   6.577209e+01 1.592056e+01 -1.137311e+01
      vertex   6.560951e+01 1.603103e+01 -1.147696e+01
      vertex   6.524395e+01 1.579071e+01 -1.110590e+01
    endloop
  endfacet
  facet normal 7.635846e-02 8.291188e-01 5.538334e-01
    outer loop
      vertex   6.577209e+01 1.592056e+01 -1.137311e+01
      vertex   6.524395e+01 1.579071e+01 -1.110590e+01
      vertex   6.562852e+01 1.568056e+01 -1.099402e+01
    endloop
  endfacet
  facet normal 3.053781e-02 7.627413e-01 6.459823e-01
    outer loop
      vertex   6.562852e+01 1.568056e+01 -1.099402e+01
      vertex   6.524395e+01 1.579071e+01 -1.110590e+01
      vertex   6.509512e+01 1.555495e+01 -1.082049e+01
    endloop
  endfacet
  facet normal 4.830006e-02 7.575657e-01 6.509695e-01
    outer loop
      vertex   6.509512e+01 1.555495e+01 -1.082049e+01
      vertex   6.524395e+01 1.579071e+01 -1.110590e+01
      vertex   6.462535e+01 1.564857e+01 -1.089459e+01
    endloop
  endfacet
  facet normal 2.418924e-02 6.922262e-01 7.212751e-01
    outer loop
      vertex   6.509512e+01 1.555495e+01 -1.082049e+01
      vertex   6.462535e+01 1.564857e+01 -1.089459e+01
      vertex   6.450562e+01 1.543961e+01 -1.069003e+01
    endloop
  endfacet
  facet normal 2.667898e-02 6.914460e-01 7.219353e-01
    outer loop
      vertex   6.450562e+01 1.543961e+01 -1.069003e+01
      vertex   6.462535e+01 1.564857e+01 -1.089459e+01
      vertex   6.387825e+01 1.552609e+01 -1.074967e+01
    endloop
  endfacet
  facet normal 1.496632e-02 6.389838e-01 7.690746e-01
    outer loop
      vertex   6.450562e+01 1.543961e+01 -1.069003e+01
      vertex   6.387825e+01 1.552609e+01 -1.074967e+01
      vertex   6.386485e+01 1.535497e+01 -1.060723e+01
    endloop
  endfacet
  facet normal 1.482256e-02 6.389918e-01 7.690707e-01
    outer loop
      vertex   6.386485e+01 1.535497e+01 -1.060723e+01
      vertex   6.387825e+01 1.552609e+01 -1.074967e+01
      vertex   6.347646e+01 1.549423e+01 -1.071546e+01
    endloop
  endfacet
  facet normal 4.858132e-03 6.220183e-01 7.829876e-01
    outer loop
      vertex   6.386485e+01 1.535497e+01 -1.060723e+01
      vertex   6.347646e+01 1.549423e+01 -1.071546e+01
      vertex   6.318732e+01 1.532460e+01 -1.057890e+01
    endloop
  endfacet
  facet normal 3.076464e-03 6.238733e-01 7.815194e-01
    outer loop
      vertex   6.318732e+01 1.532460e+01 -1.057890e+01
      vertex   6.347646e+01 1.549423e+01 -1.071546e+01
      vertex   6.306684e+01 1.548909e+01 -1.070973e+01
    endloop
  endfacet
  facet normal -1.174574e-02 6.171707e-01 7.867416e-01
    outer loop
      vertex   6.318732e+01 1.532460e+01 -1.057890e+01
      vertex   6.306684e+01 1.548909e+01 -1.070973e+01
      vertex   6.266036e+01 1.551004e+01 -1.073224e+01
    endloop
  endfacet
  facet normal -1.748531e-02 5.544651e-01 8.320232e-01
    outer loop
      vertex   6.266036e+01 1.551004e+01 -1.073224e+01
      vertex   6.306684e+01 1.548909e+01 -1.070973e+01
      vertex   6.307314e+01 1.559643e+01 -1.078113e+01
    endloop
  endfacet
  facet normal -1.992480e-02 5.628811e-01 8.262977e-01
    outer loop
      vertex   6.266036e+01 1.551004e+01 -1.073224e+01
      vertex   6.307314e+01 1.559643e+01 -1.078113e+01
      vertex   6.268808e+01 1.561821e+01 -1.080526e+01
    endloop
  endfacet
  facet normal -2.596818e-02 4.997676e-01 8.657702e-01
    outer loop
      vertex   6.268808e+01 1.561821e+01 -1.080526e+01
      vertex   6.307314e+01 1.559643e+01 -1.078113e+01
      vertex   6.307937e+01 1.570815e+01 -1.084544e+01
    endloop
  endfacet
  facet normal -2.793949e-02 5.065514e-01 8.617570e-01
    outer loop
      vertex   6.268808e+01 1.561821e+01 -1.080526e+01
      vertex   6.307937e+01 1.570815e+01 -1.084544e+01
      vertex   6.271548e+01 1.573116e+01 -1.087076e+01
    endloop
  endfacet
  facet normal -3.432877e-02 4.430413e-01 8.958437e-01
    outer loop
      vertex   6.271548e+01 1.573116e+01 -1.087076e+01
      vertex   6.307937e+01 1.570815e+01 -1.084544e+01
      vertex   6.308550e+01 1.582377e+01 -1.090239e+01
    endloop
  endfacet
  facet normal -3.579521e-02 4.480320e-01 8.933007e-01
    outer loop
      vertex   6.271548e+01 1.573116e+01 -1.087076e+01
      vertex   6.308550e+01 1.582377e+01 -1.090239e+01
      vertex   6.274243e+01 1.584838e+01 -1.092848e+01
    endloop
  endfacet
  facet normal -4.254840e-02 3.844790e-01 9.221527e-01
    outer loop
      vertex   6.274243e+01 1.584838e+01 -1.092848e+01
      vertex   6.308550e+01 1.582377e+01 -1.090239e+01
      vertex   6.309151e+01 1.594283e+01 -1.095175e+01
    endloop
  endfacet
  facet normal -4.346403e-02 3.875371e-01 9.208289e-01
    outer loop
      vertex   6.274243e+01 1.584838e+01 -1.092848e+01
      vertex   6.309151e+01 1.594283e+01 -1.095175e+01
      vertex   6.276882e+01 1.596936e+01 -1.097814e+01
    endloop
  endfacet
  facet normal -5.118785e-02 3.189957e-01 9.463728e-01
    outer loop
      vertex   6.276882e+01 1.596936e+01 -1.097814e+01
      vertex   6.309151e+01 1.594283e+01 -1.095175e+01
      vertex   6.309836e+01 1.608588e+01 -1.099960e+01
    endloop
  endfacet
  facet normal -5.149396e-02 3.198079e-01 9.460821e-01
    outer loop
      vertex   6.276882e+01 1.596936e+01 -1.097814e+01
      vertex   6.309836e+01 1.608588e+01 -1.099960e+01
      vertex   6.279882e+01 1.611500e+01 -1.102574e+01
    endloop
  endfacet
  facet normal -6.022188e-02 2.485793e-01 9.667376e-01
    outer loop
      vertex   6.279882e+01 1.611500e+01 -1.102574e+01
      vertex   6.309836e+01 1.608588e+01 -1.099960e+01
      vertex   6.310464e+01 1.622475e+01 -1.103491e+01
    endloop
  endfacet
  facet normal -5.961880e-02 2.469371e-01 9.671958e-01
    outer loop
      vertex   6.279882e+01 1.611500e+01 -1.102574e+01
      vertex   6.310464e+01 1.622475e+01 -1.103491e+01
      vertex   6.282629e+01 1.625662e+01 -1.106021e+01
    endloop
  endfacet
  facet normal -8.474493e-01 3.784329e-01 3.723148e-01
    outer loop
      vertex   6.118470e+01 1.748236e+01 -1.256128e+01
      vertex   6.099124e+01 1.700000e+01 -1.251133e+01
      vertex   6.109698e+01 1.710257e+01 -1.237490e+01
    endloop
  endfacet
  facet normal -8.213483e-01 5.118577e-01 2.517712e-01
    outer loop
      vertex   6.109698e+01 1.710257e+01 -1.237490e+01
      vertex   6.099124e+01 1.700000e+01 -1.251133e+01
      vertex   6.094428e+01 1.684251e+01 -1.234434e+01
    endloop
  endfacet
  facet normal -7.610197e-01 4.959852e-01 4.181479e-01
    outer loop
      vertex   6.109698e+01 1.710257e+01 -1.237490e+01
      vertex   6.094428e+01 1.684251e+01 -1.234434e+01
      vertex   6.116819e+01 1.707944e+01 -1.221788e+01
    endloop
  endfacet
  facet normal -7.601112e-01 4.913646e-01 4.251962e-01
    outer loop
      vertex   6.116819e+01 1.707944e+01 -1.221788e+01
      vertex   6.094428e+01 1.684251e+01 -1.234434e+01
      vertex   6.101961e+01 1.682926e+01 -1.219436e+01
    endloop
  endfacet
  facet normal -6.677482e-01 4.521275e-01 5.913485e-01
    outer loop
      vertex   6.116819e+01 1.707944e+01 -1.221788e+01
      vertex   6.101961e+01 1.682926e+01 -1.219436e+01
      vertex   6.137755e+01 1.696068e+01 -1.189066e+01
    endloop
  endfacet
  facet normal -6.678426e-01 4.514690e-01 5.917448e-01
    outer loop
      vertex   6.137755e+01 1.696068e+01 -1.189066e+01
      vertex   6.101961e+01 1.682926e+01 -1.219436e+01
      vertex   6.124248e+01 1.673734e+01 -1.187271e+01
    endloop
  endfacet
  facet normal -5.342323e-01 3.836479e-01 7.532664e-01
    outer loop
      vertex   6.137755e+01 1.696068e+01 -1.189066e+01
      vertex   6.124248e+01 1.673734e+01 -1.187271e+01
      vertex   6.168241e+01 1.676565e+01 -1.157511e+01
    endloop
  endfacet
  facet normal -5.327335e-01 3.914484e-01 7.503087e-01
    outer loop
      vertex   6.168241e+01 1.676565e+01 -1.157511e+01
      vertex   6.124248e+01 1.673734e+01 -1.187271e+01
      vertex   6.156895e+01 1.657162e+01 -1.155445e+01
    endloop
  endfacet
  facet normal -3.945171e-01 3.223554e-01 8.604901e-01
    outer loop
      vertex   6.168241e+01 1.676565e+01 -1.157511e+01
      vertex   6.156895e+01 1.657162e+01 -1.155445e+01
      vertex   6.207895e+01 1.653492e+01 -1.130688e+01
    endloop
  endfacet
  facet normal -3.920700e-01 3.339731e-01 8.571716e-01
    outer loop
      vertex   6.207895e+01 1.653492e+01 -1.130688e+01
      vertex   6.156895e+01 1.657162e+01 -1.155445e+01
      vertex   6.199488e+01 1.636741e+01 -1.128006e+01
    endloop
  endfacet
  facet normal -2.494239e-01 2.738569e-01 9.288650e-01
    outer loop
      vertex   6.207895e+01 1.653492e+01 -1.130688e+01
      vertex   6.199488e+01 1.636741e+01 -1.128006e+01
      vertex   6.255726e+01 1.632709e+01 -1.111716e+01
    endloop
  endfacet
  facet normal -2.478863e-01 2.842883e-01 9.261385e-01
    outer loop
      vertex   6.255726e+01 1.632709e+01 -1.111716e+01
      vertex   6.199488e+01 1.636741e+01 -1.128006e+01
      vertex   6.250966e+01 1.617923e+01 -1.108452e+01
    endloop
  endfacet
  facet normal -1.358483e-01 2.551027e-01 9.573233e-01
    outer loop
      vertex   6.255726e+01 1.632709e+01 -1.111716e+01
      vertex   6.250966e+01 1.617923e+01 -1.108452e+01
      vertex   6.282629e+01 1.625662e+01 -1.106021e+01
    endloop
  endfacet
  facet normal -1.367546e-01 2.591969e-01 9.560937e-01
    outer loop
      vertex   6.282629e+01 1.625662e+01 -1.106021e+01
      vertex   6.250966e+01 1.617923e+01 -1.108452e+01
      vertex   6.279882e+01 1.611500e+01 -1.102574e+01
    endloop
  endfacet
  facet normal -7.124807e-01 5.993459e-01 3.649051e-01
    outer loop
      vertex   6.099124e+01 1.700000e+01 -1.251133e+01
      vertex   6.068350e+01 1.658579e+01 -1.243187e+01
      vertex   6.094428e+01 1.684251e+01 -1.234434e+01
    endloop
  endfacet
  facet normal -7.195269e-01 6.352281e-01 2.806532e-01
    outer loop
      vertex   6.094428e+01 1.684251e+01 -1.234434e+01
      vertex   6.068350e+01 1.658579e+01 -1.243187e+01
      vertex   6.074663e+01 1.659691e+01 -1.229519e+01
    endloop
  endfacet
  facet normal -6.757304e-01 6.227520e-01 3.944215e-01
    outer loop
      vertex   6.094428e+01 1.684251e+01 -1.234434e+01
      vertex   6.074663e+01 1.659691e+01 -1.229519e+01
      vertex   6.101961e+01 1.682926e+01 -1.219436e+01
    endloop
  endfacet
  facet normal -6.739094e-01 6.124637e-01 4.132000e-01
    outer loop
      vertex   6.101961e+01 1.682926e+01 -1.219436e+01
      vertex   6.074663e+01 1.659691e+01 -1.229519e+01
      vertex   6.083135e+01 1.659086e+01 -1.214805e+01
    endloop
  endfacet
  facet normal -5.868591e-01 5.743252e-01 5.707425e-01
    outer loop
      vertex   6.101961e+01 1.682926e+01 -1.219436e+01
      vertex   6.083135e+01 1.659086e+01 -1.214805e+01
      vertex   6.124248e+01 1.673734e+01 -1.187271e+01
    endloop
  endfacet
  facet normal -5.895357e-01 5.594094e-01 5.826738e-01
    outer loop
      vertex   6.124248e+01 1.673734e+01 -1.187271e+01
      vertex   6.083135e+01 1.659086e+01 -1.214805e+01
      vertex   6.107922e+01 1.651988e+01 -1.182912e+01
    endloop
  endfacet
  facet normal -4.641116e-01 4.956054e-01 7.341497e-01
    outer loop
      vertex   6.124248e+01 1.673734e+01 -1.187271e+01
      vertex   6.107922e+01 1.651988e+01 -1.182912e+01
      vertex   6.156895e+01 1.657162e+01 -1.155445e+01
    endloop
  endfacet
  facet normal -4.661125e-01 4.854860e-01 7.396232e-01
    outer loop
      vertex   6.156895e+01 1.657162e+01 -1.155445e+01
      vertex   6.107922e+01 1.651988e+01 -1.182912e+01
      vertex   6.143749e+01 1.637863e+01 -1.151062e+01
    endloop
  endfacet
  facet normal -3.392502e-01 4.220294e-01 8.407143e-01
    outer loop
      vertex   6.156895e+01 1.657162e+01 -1.155445e+01
      vertex   6.143749e+01 1.637863e+01 -1.151062e+01
      vertex   6.199488e+01 1.636741e+01 -1.128006e+01
    endloop
  endfacet
  facet normal -3.405741e-01 4.151853e-01 8.435820e-01
    outer loop
      vertex   6.199488e+01 1.636741e+01 -1.128006e+01
      vertex   6.143749e+01 1.637863e+01 -1.151062e+01
      vertex   6.190060e+01 1.619779e+01 -1.123465e+01
    endloop
  endfacet
  facet normal -2.127628e-01 3.613486e-01 9.078321e-01
    outer loop
      vertex   6.199488e+01 1.636741e+01 -1.128006e+01
      vertex   6.190060e+01 1.619779e+01 -1.123465e+01
      vertex   6.250966e+01 1.617923e+01 -1.108452e+01
    endloop
  endfacet
  facet normal -2.133392e-01 3.565798e-01 9.095808e-01
    outer loop
      vertex   6.250966e+01 1.617923e+01 -1.108452e+01
      vertex   6.190060e+01 1.619779e+01 -1.123465e+01
      vertex   6.245739e+01 1.602772e+01 -1.103738e+01
    endloop
  endfacet
  facet normal -1.166514e-01 3.315103e-01 9.362123e-01
    outer loop
      vertex   6.250966e+01 1.617923e+01 -1.108452e+01
      vertex   6.245739e+01 1.602772e+01 -1.103738e+01
      vertex   6.279882e+01 1.611500e+01 -1.102574e+01
    endloop
  endfacet
  facet normal -1.163120e-01 3.301113e-01 9.367487e-01
    outer loop
      vertex   6.279882e+01 1.611500e+01 -1.102574e+01
      vertex   6.245739e+01 1.602772e+01 -1.103738e+01
      vertex   6.276882e+01 1.596936e+01 -1.097814e+01
    endloop
  endfacet
  facet normal -6.281935e-01 7.433902e-01 2.296605e-01
    outer loop
      vertex   6.074663e+01 1.659691e+01 -1.229519e+01
      vertex   6.068350e+01 1.658579e+01 -1.243187e+01
      vertex   6.055128e+01 1.641484e+01 -1.224021e+01
    endloop
  endfacet
  facet normal -5.334504e-01 7.798422e-01 3.275314e-01
    outer loop
      vertex   6.055128e+01 1.641484e+01 -1.224021e+01
      vertex   6.068350e+01 1.658579e+01 -1.243187e+01
      vertex   6.028244e+01 1.626795e+01 -1.232831e+01
    endloop
  endfacet
  facet normal -5.213463e-01 8.262956e-01 2.131515e-01
    outer loop
      vertex   6.055128e+01 1.641484e+01 -1.224021e+01
      vertex   6.028244e+01 1.626795e+01 -1.232831e+01
      vertex   6.033548e+01 1.626172e+01 -1.217441e+01
    endloop
  endfacet
  facet normal -4.096699e-01 8.948113e-01 1.774351e-01
    outer loop
      vertex   6.033548e+01 1.626172e+01 -1.217441e+01
      vertex   6.028244e+01 1.626795e+01 -1.232831e+01
      vertex   6.010327e+01 1.614045e+01 -1.209901e+01
    endloop
  endfacet
  facet normal -3.693986e-01 8.845168e-01 2.849116e-01
    outer loop
      vertex   6.033548e+01 1.626172e+01 -1.217441e+01
      vertex   6.010327e+01 1.614045e+01 -1.209901e+01
      vertex   6.044657e+01 1.625864e+01 -1.202082e+01
    endloop
  endfacet
  facet normal -3.735873e-01 8.669862e-01 3.297991e-01
    outer loop
      vertex   6.044657e+01 1.625864e+01 -1.202082e+01
      vertex   6.010327e+01 1.614045e+01 -1.209901e+01
      vertex   6.023135e+01 1.613394e+01 -1.193680e+01
    endloop
  endfacet
  facet normal -3.105677e-01 8.381354e-01 4.484158e-01
    outer loop
      vertex   6.044657e+01 1.625864e+01 -1.202082e+01
      vertex   6.023135e+01 1.613394e+01 -1.193680e+01
      vertex   6.075901e+01 1.620190e+01 -1.169838e+01
    endloop
  endfacet
  facet normal -3.302687e-01 7.984974e-01 5.033135e-01
    outer loop
      vertex   6.075901e+01 1.620190e+01 -1.169838e+01
      vertex   6.023135e+01 1.613394e+01 -1.193680e+01
      vertex   6.058407e+01 1.607279e+01 -1.160834e+01
    endloop
  endfacet
  facet normal -2.393740e-01 7.523444e-01 6.137410e-01
    outer loop
      vertex   6.075901e+01 1.620190e+01 -1.169838e+01
      vertex   6.058407e+01 1.607279e+01 -1.160834e+01
      vertex   6.118960e+01 1.608331e+01 -1.138507e+01
    endloop
  endfacet
  facet normal -2.562044e-01 7.047024e-01 6.616296e-01
    outer loop
      vertex   6.118960e+01 1.608331e+01 -1.138507e+01
      vertex   6.058407e+01 1.607279e+01 -1.160834e+01
      vertex   6.105735e+01 1.595510e+01 -1.129972e+01
    endloop
  endfacet
  facet normal -1.718546e-01 6.625593e-01 7.290276e-01
    outer loop
      vertex   6.118960e+01 1.608331e+01 -1.138507e+01
      vertex   6.105735e+01 1.595510e+01 -1.129972e+01
      vertex   6.172844e+01 1.592867e+01 -1.111751e+01
    endloop
  endfacet
  facet normal -1.844215e-01 6.131431e-01 7.681434e-01
    outer loop
      vertex   6.172844e+01 1.592867e+01 -1.111751e+01
      vertex   6.105735e+01 1.595510e+01 -1.129972e+01
      vertex   6.163843e+01 1.580593e+01 -1.104114e+01
    endloop
  endfacet
  facet normal -1.070074e-01 5.806200e-01 8.071120e-01
    outer loop
      vertex   6.172844e+01 1.592867e+01 -1.111751e+01
      vertex   6.163843e+01 1.580593e+01 -1.104114e+01
      vertex   6.236402e+01 1.578165e+01 -1.092748e+01
    endloop
  endfacet
  facet normal -1.126997e-01 5.392025e-01 8.346014e-01
    outer loop
      vertex   6.236402e+01 1.578165e+01 -1.092748e+01
      vertex   6.163843e+01 1.580593e+01 -1.104114e+01
      vertex   6.231592e+01 1.566597e+01 -1.085923e+01
    endloop
  endfacet
  facet normal -6.133003e-02 5.259308e-01 8.483133e-01
    outer loop
      vertex   6.236402e+01 1.578165e+01 -1.092748e+01
      vertex   6.231592e+01 1.566597e+01 -1.085923e+01
      vertex   6.271548e+01 1.573116e+01 -1.087076e+01
    endloop
  endfacet
  facet normal -5.870537e-02 5.114370e-01 8.573131e-01
    outer loop
      vertex   6.271548e+01 1.573116e+01 -1.087076e+01
      vertex   6.231592e+01 1.566597e+01 -1.085923e+01
      vertex   6.268808e+01 1.561821e+01 -1.080526e+01
    endloop
  endfacet
  facet normal -3.245097e-01 9.113680e-01 2.531833e-01
    outer loop
      vertex   6.028244e+01 1.626795e+01 -1.232831e+01
      vertex   5.981539e+01 1.606815e+01 -1.220772e+01
      vertex   6.010327e+01 1.614045e+01 -1.209901e+01
    endloop
  endfacet
  facet normal -2.898698e-01 9.471108e-01 1.376833e-01
    outer loop
      vertex   6.010327e+01 1.614045e+01 -1.209901e+01
      vertex   5.981539e+01 1.606815e+01 -1.220772e+01
      vertex   5.985883e+01 1.605348e+01 -1.201535e+01
    endloop
  endfacet
  facet normal -2.526145e-01 9.380597e-01 2.371286e-01
    outer loop
      vertex   6.010327e+01 1.614045e+01 -1.209901e+01
      vertex   5.985883e+01 1.605348e+01 -1.201535e+01
      vertex   6.023135e+01 1.613394e+01 -1.193680e+01
    endloop
  endfacet
  facet normal -2.600717e-01 9.210314e-01 2.899379e-01
    outer loop
      vertex   6.023135e+01 1.613394e+01 -1.193680e+01
      vertex   5.985883e+01 1.605348e+01 -1.201535e+01
      vertex   6.000568e+01 1.604005e+01 -1.184096e+01
    endloop
  endfacet
  facet normal -2.076318e-01 8.971103e-01 3.899770e-01
    outer loop
      vertex   6.023135e+01 1.613394e+01 -1.193680e+01
      vertex   6.000568e+01 1.604005e+01 -1.184096e+01
      vertex   6.058407e+01 1.607279e+01 -1.160834e+01
    endloop
  endfacet
  facet normal -2.344499e-01 8.550143e-01 4.625839e-01
    outer loop
      vertex   6.058407e+01 1.607279e+01 -1.160834e+01
      vertex   6.000568e+01 1.604005e+01 -1.184096e+01
      vertex   6.040240e+01 1.596619e+01 -1.150338e+01
    endloop
  endfacet
  facet normal -1.586927e-01 8.167067e-01 5.548034e-01
    outer loop
      vertex   6.058407e+01 1.607279e+01 -1.160834e+01
      vertex   6.040240e+01 1.596619e+01 -1.150338e+01
      vertex   6.105735e+01 1.595510e+01 -1.129972e+01
    endloop
  endfacet
  facet normal -1.806028e-01 7.616848e-01 6.222692e-01
    outer loop
      vertex   6.105735e+01 1.595510e+01 -1.129972e+01
      vertex   6.040240e+01 1.596619e+01 -1.150338e+01
      vertex   6.092136e+01 1.584172e+01 -1.120041e+01
    endloop
  endfacet
  facet normal -1.137345e-01 7.283153e-01 6.757376e-01
    outer loop
      vertex   6.105735e+01 1.595510e+01 -1.129972e+01
      vertex   6.092136e+01 1.584172e+01 -1.120041e+01
      vertex   6.163843e+01 1.580593e+01 -1.104114e+01
    endloop
  endfacet
  facet normal -1.292808e-01 6.685861e-01 7.323108e-01
    outer loop
      vertex   6.163843e+01 1.580593e+01 -1.104114e+01
      vertex   6.092136e+01 1.584172e+01 -1.120041e+01
      vertex   6.154667e+01 1.569229e+01 -1.095359e+01
    endloop
  endfacet
  facet normal -7.135571e-02 6.442686e-01 7.614633e-01
    outer loop
      vertex   6.163843e+01 1.580593e+01 -1.104114e+01
      vertex   6.154667e+01 1.569229e+01 -1.095359e+01
      vertex   6.231592e+01 1.566597e+01 -1.085923e+01
    endloop
  endfacet
  facet normal -7.799516e-02 5.931266e-01 8.013224e-01
    outer loop
      vertex   6.231592e+01 1.566597e+01 -1.085923e+01
      vertex   6.154667e+01 1.569229e+01 -1.095359e+01
      vertex   6.226720e+01 1.555598e+01 -1.078257e+01
    endloop
  endfacet
  facet normal -4.263170e-02 5.839679e-01 8.106565e-01
    outer loop
      vertex   6.231592e+01 1.566597e+01 -1.085923e+01
      vertex   6.226720e+01 1.555598e+01 -1.078257e+01
      vertex   6.268808e+01 1.561821e+01 -1.080526e+01
    endloop
  endfacet
  facet normal -3.927566e-02 5.659531e-01 8.235014e-01
    outer loop
      vertex   6.268808e+01 1.561821e+01 -1.080526e+01
      vertex   6.226720e+01 1.555598e+01 -1.078257e+01
      vertex   6.266036e+01 1.551004e+01 -1.073224e+01
    endloop
  endfacet
  facet normal -1.086677e-01 9.890386e-01 9.996939e-02
    outer loop
      vertex   5.981539e+01 1.606815e+01 -1.220772e+01
      vertex   5.931419e+01 1.600000e+01 -1.207831e+01
      vertex   5.985883e+01 1.605348e+01 -1.201535e+01
    endloop
  endfacet
  facet normal -1.094695e-01 9.881418e-01 1.076673e-01
    outer loop
      vertex   5.985883e+01 1.605348e+01 -1.201535e+01
      vertex   5.931419e+01 1.600000e+01 -1.207831e+01
      vertex   5.941386e+01 1.599323e+01 -1.191486e+01
    endloop
  endfacet
  facet normal -8.917234e-02 9.774999e-01 1.911602e-01
    outer loop
      vertex   5.985883e+01 1.605348e+01 -1.201535e+01
      vertex   5.941386e+01 1.599323e+01 -1.191486e+01
      vertex   5.954026e+01 1.597390e+01 -1.175707e+01
    endloop
  endfacet
  facet normal -1.090872e-01 9.798487e-01 1.673214e-01
    outer loop
      vertex   5.985883e+01 1.605348e+01 -1.201535e+01
      vertex   5.954026e+01 1.597390e+01 -1.175707e+01
      vertex   6.000568e+01 1.604005e+01 -1.184096e+01
    endloop
  endfacet
  facet normal -7.783307e-02 9.461747e-01 3.141584e-01
    outer loop
      vertex   6.000568e+01 1.604005e+01 -1.184096e+01
      vertex   5.954026e+01 1.597390e+01 -1.175707e+01
      vertex   5.986495e+01 1.590345e+01 -1.146443e+01
    endloop
  endfacet
  facet normal -8.798708e-02 9.464988e-01 3.104808e-01
    outer loop
      vertex   6.000568e+01 1.604005e+01 -1.184096e+01
      vertex   5.986495e+01 1.590345e+01 -1.146443e+01
      vertex   6.040240e+01 1.596619e+01 -1.150338e+01
    endloop
  endfacet
  facet normal -6.940689e-02 8.829051e-01 4.643935e-01
    outer loop
      vertex   6.040240e+01 1.596619e+01 -1.150338e+01
      vertex   5.986495e+01 1.590345e+01 -1.146443e+01
      vertex   6.027052e+01 1.580115e+01 -1.120931e+01
    endloop
  endfacet
  facet normal -6.137372e-02 8.818969e-01 4.674303e-01
    outer loop
      vertex   6.040240e+01 1.596619e+01 -1.150338e+01
      vertex   6.027052e+01 1.580115e+01 -1.120931e+01
      vertex   6.092136e+01 1.584172e+01 -1.120041e+01
    endloop
  endfacet
  facet normal -5.848681e-02 8.101493e-01 5.832988e-01
    outer loop
      vertex   6.092136e+01 1.584172e+01 -1.120041e+01
      vertex   6.027052e+01 1.580115e+01 -1.120931e+01
      vertex   6.074509e+01 1.568048e+01 -1.099414e+01
    endloop
  endfacet
  facet normal -1.183891e-02 7.926873e-01 6.095135e-01
    outer loop
      vertex   6.092136e+01 1.584172e+01 -1.120041e+01
      vertex   6.074509e+01 1.568048e+01 -1.099414e+01
      vertex   6.127927e+01 1.555492e+01 -1.082047e+01
    endloop
  endfacet
  facet normal -7.159365e-02 7.624985e-01 6.430167e-01
    outer loop
      vertex   6.092136e+01 1.584172e+01 -1.120041e+01
      vertex   6.127927e+01 1.555492e+01 -1.082047e+01
      vertex   6.154667e+01 1.569229e+01 -1.095359e+01
    endloop
  endfacet
  facet normal -1.612963e-02 7.118422e-01 7.021541e-01
    outer loop
      vertex   6.154667e+01 1.569229e+01 -1.095359e+01
      vertex   6.127927e+01 1.555492e+01 -1.082047e+01
      vertex   6.186861e+01 1.543962e+01 -1.069004e+01
    endloop
  endfacet
  facet normal -3.772544e-02 6.979172e-01 7.151842e-01
    outer loop
      vertex   6.154667e+01 1.569229e+01 -1.095359e+01
      vertex   6.186861e+01 1.543962e+01 -1.069004e+01
      vertex   6.226720e+01 1.555598e+01 -1.078257e+01
    endloop
  endfacet
  facet normal -1.273931e-02 6.487080e-01 7.609308e-01
    outer loop
      vertex   6.226720e+01 1.555598e+01 -1.078257e+01
      vertex   6.186861e+01 1.543962e+01 -1.069004e+01
      vertex   6.250957e+01 1.535514e+01 -1.060729e+01
    endloop
  endfacet
  facet normal -2.323204e-02 6.412933e-01 7.669440e-01
    outer loop
      vertex   6.226720e+01 1.555598e+01 -1.078257e+01
      vertex   6.250957e+01 1.535514e+01 -1.060729e+01
      vertex   6.266036e+01 1.551004e+01 -1.073224e+01
    endloop
  endfacet
  facet normal -4.112839e-03 6.302765e-01 7.763598e-01
    outer loop
      vertex   6.266036e+01 1.551004e+01 -1.073224e+01
      vertex   6.250957e+01 1.535514e+01 -1.060729e+01
      vertex   6.318732e+01 1.532460e+01 -1.057890e+01
    endloop
  endfacet
  facet normal 3.308246e-02 8.387357e-01 5.435329e-01
    outer loop
      vertex   6.562852e+01 1.568056e+01 -1.099402e+01
      vertex   6.610282e+01 1.580122e+01 -1.120909e+01
      vertex   6.577209e+01 1.592056e+01 -1.137311e+01
    endloop
  endfacet
  facet normal 9.969603e-02 8.894171e-01 4.460918e-01
    outer loop
      vertex   6.577209e+01 1.592056e+01 -1.137311e+01
      vertex   6.610282e+01 1.580122e+01 -1.120909e+01
      vertex   6.605792e+01 1.598529e+01 -1.156604e+01
    endloop
  endfacet
  facet normal 1.678216e-01 8.325362e-01 5.279389e-01
    outer loop
      vertex   6.577209e+01 1.592056e+01 -1.137311e+01
      vertex   6.605792e+01 1.598529e+01 -1.156604e+01
      vertex   6.586767e+01 1.608998e+01 -1.167066e+01
    endloop
  endfacet
  facet normal 2.457057e-01 8.712059e-01 4.250047e-01
    outer loop
      vertex   6.586767e+01 1.608998e+01 -1.167066e+01
      vertex   6.605792e+01 1.598529e+01 -1.156604e+01
      vertex   6.608099e+01 1.612676e+01 -1.186937e+01
    endloop
  endfacet
  facet normal 3.022574e-01 8.251810e-01 4.771969e-01
    outer loop
      vertex   6.586767e+01 1.608998e+01 -1.167066e+01
      vertex   6.608099e+01 1.612676e+01 -1.186937e+01
      vertex   6.587358e+01 1.625274e+01 -1.195584e+01
    endloop
  endfacet
  facet normal 3.814665e-01 8.602532e-01 3.383011e-01
    outer loop
      vertex   6.587358e+01 1.625274e+01 -1.195584e+01
      vertex   6.608099e+01 1.612676e+01 -1.186937e+01
      vertex   6.601853e+01 1.626243e+01 -1.214394e+01
    endloop
  endfacet
  facet normal 4.532898e-01 8.012206e-01 3.906071e-01
    outer loop
      vertex   6.587358e+01 1.625274e+01 -1.195584e+01
      vertex   6.601853e+01 1.626243e+01 -1.214394e+01
      vertex   6.580550e+01 1.641567e+01 -1.221105e+01
    endloop
  endfacet
  facet normal 5.190642e-01 8.228650e-01 2.312261e-01
    outer loop
      vertex   6.580550e+01 1.641567e+01 -1.221105e+01
      vertex   6.601853e+01 1.626243e+01 -1.214394e+01
      vertex   6.609191e+01 1.626795e+01 -1.232831e+01
    endloop
  endfacet
  facet normal 5.349838e-01 7.804683e-01 3.235144e-01
    outer loop
      vertex   6.580550e+01 1.641567e+01 -1.221105e+01
      vertex   6.609191e+01 1.626795e+01 -1.232831e+01
      vertex   6.569085e+01 1.658579e+01 -1.243187e+01
    endloop
  endfacet
  facet normal 5.973856e-02 8.902457e-01 4.515461e-01
    outer loop
      vertex   6.610282e+01 1.580122e+01 -1.120909e+01
      vertex   6.650933e+01 1.590344e+01 -1.146440e+01
      vertex   6.605792e+01 1.598529e+01 -1.156604e+01
    endloop
  endfacet
  facet normal 9.826061e-02 9.416712e-01 3.218698e-01
    outer loop
      vertex   6.605792e+01 1.598529e+01 -1.156604e+01
      vertex   6.650933e+01 1.590344e+01 -1.146440e+01
      vertex   6.629806e+01 1.602994e+01 -1.176999e+01
    endloop
  endfacet
  facet normal 1.982438e-01 8.824320e-01 4.266300e-01
    outer loop
      vertex   6.605792e+01 1.598529e+01 -1.156604e+01
      vertex   6.629806e+01 1.602994e+01 -1.176999e+01
      vertex   6.608099e+01 1.612676e+01 -1.186937e+01
    endloop
  endfacet
  facet normal 2.734070e-01 9.156159e-01 2.947816e-01
    outer loop
      vertex   6.608099e+01 1.612676e+01 -1.186937e+01
      vertex   6.629806e+01 1.602994e+01 -1.176999e+01
      vertex   6.624753e+01 1.614044e+01 -1.206633e+01
    endloop
  endfacet
  facet normal 3.444766e-01 8.704126e-01 3.517354e-01
    outer loop
      vertex   6.608099e+01 1.612676e+01 -1.186937e+01
      vertex   6.624753e+01 1.614044e+01 -1.206633e+01
      vertex   6.601853e+01 1.626243e+01 -1.214394e+01
    endloop
  endfacet
  facet normal 4.106217e-01 8.917629e-01 1.901281e-01
    outer loop
      vertex   6.601853e+01 1.626243e+01 -1.214394e+01
      vertex   6.624753e+01 1.614044e+01 -1.206633e+01
      vertex   6.609191e+01 1.626795e+01 -1.232831e+01
    endloop
  endfacet
  facet normal 9.014804e-02 9.406897e-01 3.270721e-01
    outer loop
      vertex   6.650933e+01 1.590344e+01 -1.146440e+01
      vertex   6.683416e+01 1.597399e+01 -1.175682e+01
      vertex   6.629806e+01 1.602994e+01 -1.176999e+01
    endloop
  endfacet
  facet normal 9.722951e-02 9.766509e-01 1.915709e-01
    outer loop
      vertex   6.629806e+01 1.602994e+01 -1.176999e+01
      vertex   6.683416e+01 1.597399e+01 -1.175682e+01
      vertex   6.648841e+01 1.605210e+01 -1.197957e+01
    endloop
  endfacet
  facet normal 2.288755e-01 9.242451e-01 3.055928e-01
    outer loop
      vertex   6.629806e+01 1.602994e+01 -1.176999e+01
      vertex   6.648841e+01 1.605210e+01 -1.197957e+01
      vertex   6.624753e+01 1.614044e+01 -1.206633e+01
    endloop
  endfacet
  facet normal 2.900396e-01 9.441983e-01 1.560978e-01
    outer loop
      vertex   6.624753e+01 1.614044e+01 -1.206633e+01
      vertex   6.648841e+01 1.605210e+01 -1.197957e+01
      vertex   6.655896e+01 1.606815e+01 -1.220772e+01
    endloop
  endfacet
  facet normal 3.253829e-01 9.117954e-01 2.505097e-01
    outer loop
      vertex   6.624753e+01 1.614044e+01 -1.206633e+01
      vertex   6.655896e+01 1.606815e+01 -1.220772e+01
      vertex   6.609191e+01 1.626795e+01 -1.232831e+01
    endloop
  endfacet
  facet normal 9.477586e-02 9.761711e-01 1.952113e-01
    outer loop
      vertex   6.683416e+01 1.597399e+01 -1.175682e+01
      vertex   6.696055e+01 1.599329e+01 -1.191470e+01
      vertex   6.648841e+01 1.605210e+01 -1.197957e+01
    endloop
  endfacet
  facet normal 1.089698e-01 9.886699e-01 1.032342e-01
    outer loop
      vertex   6.648841e+01 1.605210e+01 -1.197957e+01
      vertex   6.696055e+01 1.599329e+01 -1.191470e+01
      vertex   6.655896e+01 1.606815e+01 -1.220772e+01
    endloop
  endfacet
  facet normal 1.071131e-01 9.886056e-01 1.057625e-01
    outer loop
      vertex   6.696055e+01 1.599329e+01 -1.191470e+01
      vertex   6.706016e+01 1.600000e+01 -1.207831e+01
      vertex   6.655896e+01 1.606815e+01 -1.220772e+01
    endloop
  endfacet
  facet normal 9.256165e-01 2.330517e-01 2.981962e-01
    outer loop
      vertex   6.514943e+01 1.737799e+01 -1.235486e+01
      vertex   6.518965e+01 1.748236e+01 -1.256128e+01
      vertex   6.507393e+01 1.766940e+01 -1.234825e+01
    endloop
  endfacet
  facet normal 9.145204e-01 1.291932e-01 3.833555e-01
    outer loop
      vertex   6.507393e+01 1.766940e+01 -1.234825e+01
      vertex   6.518965e+01 1.748236e+01 -1.256128e+01
      vertex   6.512367e+01 1.800000e+01 -1.257831e+01
    endloop
  endfacet
  facet normal 9.533822e-01 6.207745e-02 2.953114e-01
    outer loop
      vertex   6.507393e+01 1.766940e+01 -1.234825e+01
      vertex   6.512367e+01 1.800000e+01 -1.257831e+01
      vertex   6.507386e+01 1.798658e+01 -1.241470e+01
    endloop
  endfacet
  facet normal 9.182938e-01 8.137209e-02 3.874468e-01
    outer loop
      vertex   6.507386e+01 1.798658e+01 -1.241470e+01
      vertex   6.501067e+01 1.794798e+01 -1.225682e+01
      vertex   6.507393e+01 1.766940e+01 -1.234825e+01
    endloop
  endfacet
  facet normal 8.973852e-01 6.032648e-02 4.371047e-01
    outer loop
      vertex   6.507393e+01 1.766940e+01 -1.234825e+01
      vertex   6.501067e+01 1.794798e+01 -1.225682e+01
      vertex   6.497214e+01 1.759803e+01 -1.212943e+01
    endloop
  endfacet
  facet normal 8.545942e-01 2.214037e-01 4.697331e-01
    outer loop
      vertex   6.507393e+01 1.766940e+01 -1.234825e+01
      vertex   6.497214e+01 1.759803e+01 -1.212943e+01
      vertex   6.505502e+01 1.732474e+01 -1.215139e+01
    endloop
  endfacet
  facet normal 7.938774e-01 1.944379e-01 5.761532e-01
    outer loop
      vertex   6.505502e+01 1.732474e+01 -1.215139e+01
      vertex   6.497214e+01 1.759803e+01 -1.212943e+01
      vertex   6.493022e+01 1.723318e+01 -1.194853e+01
    endloop
  endfacet
  facet normal 8.501011e-01 9.497550e-02 5.179844e-01
    outer loop
      vertex   6.501067e+01 1.794798e+01 -1.225682e+01
      vertex   6.484825e+01 1.780689e+01 -1.196440e+01
      vertex   6.497214e+01 1.759803e+01 -1.212943e+01
    endloop
  endfacet
  facet normal 8.324413e-01 5.839008e-02 5.510282e-01
    outer loop
      vertex   6.497214e+01 1.759803e+01 -1.212943e+01
      vertex   6.484825e+01 1.780689e+01 -1.196440e+01
      vertex   6.484174e+01 1.748457e+01 -1.192040e+01
    endloop
  endfacet
  facet normal 7.759208e-01 2.063963e-01 5.961103e-01
    outer loop
      vertex   6.497214e+01 1.759803e+01 -1.212943e+01
      vertex   6.484174e+01 1.748457e+01 -1.192040e+01
      vertex   6.493022e+01 1.723318e+01 -1.194853e+01
    endloop
  endfacet
  facet normal 7.127615e-01 1.748627e-01 6.792600e-01
    outer loop
      vertex   6.493022e+01 1.723318e+01 -1.194853e+01
      vertex   6.484174e+01 1.748457e+01 -1.192040e+01
      vertex   6.477385e+01 1.711016e+01 -1.175279e+01
    endloop
  endfacet
  facet normal 7.502538e-01 7.450722e-02 6.569383e-01
    outer loop
      vertex   6.484825e+01 1.780689e+01 -1.196440e+01
      vertex   6.464500e+01 1.760245e+01 -1.170909e+01
      vertex   6.484174e+01 1.748457e+01 -1.192040e+01
    endloop
  endfacet
  facet normal 7.487678e-01 6.766956e-02 6.593691e-01
    outer loop
      vertex   6.484174e+01 1.748457e+01 -1.192040e+01
      vertex   6.464500e+01 1.760245e+01 -1.170909e+01
      vertex   6.468370e+01 1.733872e+01 -1.172597e+01
    endloop
  endfacet
  facet normal 6.877910e-01 1.890592e-01 7.008567e-01
    outer loop
      vertex   6.484174e+01 1.748457e+01 -1.192040e+01
      vertex   6.468370e+01 1.733872e+01 -1.172597e+01
      vertex   6.477385e+01 1.711016e+01 -1.175279e+01
    endloop
  endfacet
  facet normal 6.005082e-01 1.445894e-01 7.864374e-01
    outer loop
      vertex   6.477385e+01 1.711016e+01 -1.175279e+01
      vertex   6.468370e+01 1.733872e+01 -1.172597e+01
      vertex   6.446851e+01 1.687715e+01 -1.147679e+01
    endloop
  endfacet
  facet normal 6.450788e-01 4.583796e-02 7.627400e-01
    outer loop
      vertex   6.464500e+01 1.760245e+01 -1.170909e+01
      vertex   6.440785e+01 1.736111e+01 -1.149402e+01
      vertex   6.468370e+01 1.733872e+01 -1.172597e+01
    endloop
  endfacet
  facet normal 6.449018e-01 3.727689e-02 7.633558e-01
    outer loop
      vertex   6.468370e+01 1.733872e+01 -1.172597e+01
      vertex   6.440785e+01 1.736111e+01 -1.149402e+01
      vertex   6.438547e+01 1.707226e+01 -1.146101e+01
    endloop
  endfacet
  facet normal 5.625694e-01 1.740381e-01 8.082242e-01
    outer loop
      vertex   6.468370e+01 1.733872e+01 -1.172597e+01
      vertex   6.438547e+01 1.707226e+01 -1.146101e+01
      vertex   6.446851e+01 1.687715e+01 -1.147679e+01
    endloop
  endfacet
  facet normal 4.461547e-01 1.181076e-01 8.871283e-01
    outer loop
      vertex   6.446851e+01 1.687715e+01 -1.147679e+01
      vertex   6.438547e+01 1.707226e+01 -1.146101e+01
      vertex   6.409312e+01 1.663278e+01 -1.125547e+01
    endloop
  endfacet
  facet normal 5.045244e-01 5.935026e-02 8.613551e-01
    outer loop
      vertex   6.440785e+01 1.736111e+01 -1.149402e+01
      vertex   6.414115e+01 1.710990e+01 -1.132049e+01
      vertex   6.438547e+01 1.707226e+01 -1.146101e+01
    endloop
  endfacet
  facet normal 4.990807e-01 4.648423e-03 8.665431e-01
    outer loop
      vertex   6.438547e+01 1.707226e+01 -1.146101e+01
      vertex   6.414115e+01 1.710990e+01 -1.132049e+01
      vertex   6.402918e+01 1.680035e+01 -1.125434e+01
    endloop
  endfacet
  facet normal 4.081287e-01 1.496888e-01 9.005688e-01
    outer loop
      vertex   6.438547e+01 1.707226e+01 -1.146101e+01
      vertex   6.402918e+01 1.680035e+01 -1.125434e+01
      vertex   6.409312e+01 1.663278e+01 -1.125547e+01
    endloop
  endfacet
  facet normal 2.709329e-01 9.695283e-02 9.577032e-01
    outer loop
      vertex   6.409312e+01 1.663278e+01 -1.125547e+01
      vertex   6.402918e+01 1.680035e+01 -1.125434e+01
      vertex   6.362570e+01 1.642734e+01 -1.110244e+01
    endloop
  endfacet
  facet normal 3.577203e-01 6.960367e-02 9.312312e-01
    outer loop
      vertex   6.414115e+01 1.710990e+01 -1.132049e+01
      vertex   6.384640e+01 1.687922e+01 -1.119003e+01
      vertex   6.402918e+01 1.680035e+01 -1.125434e+01
    endloop
  endfacet
  facet normal 3.204051e-01 -2.959091e-02 9.468183e-01
    outer loop
      vertex   6.402918e+01 1.680035e+01 -1.125434e+01
      vertex   6.384640e+01 1.687922e+01 -1.119003e+01
      vertex   6.359312e+01 1.657535e+01 -1.111381e+01
    endloop
  endfacet
  facet normal 2.439881e-01 1.275831e-01 9.613492e-01
    outer loop
      vertex   6.402918e+01 1.680035e+01 -1.125434e+01
      vertex   6.359312e+01 1.657535e+01 -1.111381e+01
      vertex   6.362570e+01 1.642734e+01 -1.110244e+01
    endloop
  endfacet
  facet normal 1.192527e-01 1.021445e-01 9.875957e-01
    outer loop
      vertex   6.362570e+01 1.642734e+01 -1.110244e+01
      vertex   6.359312e+01 1.657535e+01 -1.111381e+01
      vertex   6.337105e+01 1.637439e+01 -1.106621e+01
    endloop
  endfacet
  facet normal 2.926937e-01 -4.140369e-03 9.561973e-01
    outer loop
      vertex   6.384640e+01 1.687922e+01 -1.119003e+01
      vertex   6.368921e+01 1.678415e+01 -1.114232e+01
      vertex   6.359312e+01 1.657535e+01 -1.111381e+01
    endloop
  endfacet
  facet normal 1.896761e-01 4.661902e-02 9.807393e-01
    outer loop
      vertex   6.359312e+01 1.657535e+01 -1.111381e+01
      vertex   6.368921e+01 1.678415e+01 -1.114232e+01
      vertex   6.352601e+01 1.670993e+01 -1.110723e+01
    endloop
  endfacet
  facet normal 1.343825e-01 1.855861e-02 9.907557e-01
    outer loop
      vertex   6.359312e+01 1.657535e+01 -1.111381e+01
      vertex   6.352601e+01 1.670993e+01 -1.110723e+01
      vertex   6.335724e+01 1.651770e+01 -1.108074e+01
    endloop
  endfacet
  facet normal 1.162568e-01 3.472804e-02 9.926119e-01
    outer loop
      vertex   6.335724e+01 1.651770e+01 -1.108074e+01
      vertex   6.352601e+01 1.670993e+01 -1.110723e+01
      vertex   6.335789e+01 1.666409e+01 -1.108594e+01
    endloop
  endfacet
  facet normal 3.807527e-02 3.529324e-02 9.986514e-01
    outer loop
      vertex   6.335724e+01 1.651770e+01 -1.108074e+01
      vertex   6.335789e+01 1.666409e+01 -1.108594e+01
      vertex   6.318725e+01 1.664920e+01 -1.107890e+01
    endloop
  endfacet
  facet normal 2.240898e-02 1.502842e-02 9.996359e-01
    outer loop
      vertex   6.335724e+01 1.651770e+01 -1.108074e+01
      vertex   6.318725e+01 1.664920e+01 -1.107890e+01
      vertex   6.311643e+01 1.650833e+01 -1.107520e+01
    endloop
  endfacet
  facet normal -3.767486e-02 4.519586e-02 9.982675e-01
    outer loop
      vertex   6.311643e+01 1.650833e+01 -1.107520e+01
      vertex   6.318725e+01 1.664920e+01 -1.107890e+01
      vertex   6.301657e+01 1.666476e+01 -1.108605e+01
    endloop
  endfacet
  facet normal -8.876914e-02 1.242105e-02 9.959748e-01
    outer loop
      vertex   6.311643e+01 1.650833e+01 -1.107520e+01
      vertex   6.301657e+01 1.666476e+01 -1.108605e+01
      vertex   6.287760e+01 1.654626e+01 -1.109696e+01
    endloop
  endfacet
  facet normal -1.139194e-01 4.222692e-02 9.925922e-01
    outer loop
      vertex   6.287760e+01 1.654626e+01 -1.109696e+01
      vertex   6.301657e+01 1.666476e+01 -1.108605e+01
      vertex   6.284837e+01 1.671029e+01 -1.110729e+01
    endloop
  endfacet
  facet normal -1.979251e-01 2.645832e-02 9.798600e-01
    outer loop
      vertex   6.287760e+01 1.654626e+01 -1.109696e+01
      vertex   6.284837e+01 1.671029e+01 -1.110729e+01
      vertex   6.264525e+01 1.663054e+01 -1.114617e+01
    endloop
  endfacet
  facet normal -1.981278e-01 2.700192e-02 9.798042e-01
    outer loop
      vertex   6.264525e+01 1.663054e+01 -1.114617e+01
      vertex   6.284837e+01 1.671029e+01 -1.110729e+01
      vertex   6.268507e+01 1.678422e+01 -1.114235e+01
    endloop
  endfacet
  facet normal -2.651504e-01 4.477978e-02 9.631667e-01
    outer loop
      vertex   6.264525e+01 1.663054e+01 -1.114617e+01
      vertex   6.268507e+01 1.678422e+01 -1.114235e+01
      vertex   6.252789e+01 1.687923e+01 -1.119004e+01
    endloop
  endfacet
  facet normal -3.763872e-01 -1.420492e-02 9.263536e-01
    outer loop
      vertex   6.264525e+01 1.663054e+01 -1.114617e+01
      vertex   6.252789e+01 1.687923e+01 -1.119004e+01
      vertex   6.222800e+01 1.688249e+01 -1.131183e+01
    endloop
  endfacet
  facet normal -3.755242e-01 4.379373e-02 9.257773e-01
    outer loop
      vertex   6.222800e+01 1.688249e+01 -1.131183e+01
      vertex   6.252789e+01 1.687923e+01 -1.119004e+01
      vertex   6.223322e+01 1.710985e+01 -1.132047e+01
    endloop
  endfacet
  facet normal -5.149397e-01 4.434644e-02 8.560785e-01
    outer loop
      vertex   6.222800e+01 1.688249e+01 -1.131183e+01
      vertex   6.223322e+01 1.710985e+01 -1.132047e+01
      vertex   6.196613e+01 1.736097e+01 -1.149414e+01
    endloop
  endfacet
  facet normal -5.519148e-01 1.560413e-02 8.337545e-01
    outer loop
      vertex   6.222800e+01 1.688249e+01 -1.131183e+01
      vertex   6.196613e+01 1.736097e+01 -1.149414e+01
      vertex   6.187016e+01 1.717489e+01 -1.155418e+01
    endloop
  endfacet
  facet normal -6.277518e-01 7.370390e-02 7.749164e-01
    outer loop
      vertex   6.187016e+01 1.717489e+01 -1.155418e+01
      vertex   6.196613e+01 1.736097e+01 -1.149414e+01
      vertex   6.172885e+01 1.760229e+01 -1.170931e+01
    endloop
  endfacet
  facet normal -7.137956e-01 1.810548e-02 7.001200e-01
    outer loop
      vertex   6.187016e+01 1.717489e+01 -1.155418e+01
      vertex   6.172885e+01 1.760229e+01 -1.170931e+01
      vertex   6.157997e+01 1.744085e+01 -1.185693e+01
    endloop
  endfacet
  facet normal -7.460924e-01 8.410555e-02 6.605092e-01
    outer loop
      vertex   6.157997e+01 1.744085e+01 -1.185693e+01
      vertex   6.172885e+01 1.760229e+01 -1.170931e+01
      vertex   6.152606e+01 1.780690e+01 -1.196443e+01
    endloop
  endfacet
  facet normal -8.395361e-01 3.558143e-02 5.421375e-01
    outer loop
      vertex   6.157997e+01 1.744085e+01 -1.185693e+01
      vertex   6.152606e+01 1.780690e+01 -1.196443e+01
      vertex   6.136431e+01 1.762745e+01 -1.220314e+01
    endloop
  endfacet
  facet normal -8.533601e-01 8.501709e-02 5.143430e-01
    outer loop
      vertex   6.136431e+01 1.762745e+01 -1.220314e+01
      vertex   6.152606e+01 1.780690e+01 -1.196443e+01
      vertex   6.136372e+01 1.794781e+01 -1.225707e+01
    endloop
  endfacet
  facet normal -9.106872e-01 6.694785e-02 4.076356e-01
    outer loop
      vertex   6.136431e+01 1.762745e+01 -1.220314e+01
      vertex   6.136372e+01 1.794781e+01 -1.225707e+01
      vertex   6.128601e+01 1.767657e+01 -1.238613e+01
    endloop
  endfacet
  facet normal -9.185902e-01 7.891107e-02 3.872533e-01
    outer loop
      vertex   6.128601e+01 1.767657e+01 -1.238613e+01
      vertex   6.136372e+01 1.794781e+01 -1.225707e+01
      vertex   6.130052e+01 1.798646e+01 -1.241486e+01
    endloop
  endfacet
  facet normal -5.785120e-01 7.303874e-01 3.631228e-01
    outer loop
      vertex   6.083135e+01 1.659086e+01 -1.214805e+01
      vertex   6.074663e+01 1.659691e+01 -1.229519e+01
      vertex   6.055128e+01 1.641484e+01 -1.224021e+01
    endloop
  endfacet
  facet normal -4.785090e-01 8.148864e-01 3.270921e-01
    outer loop
      vertex   6.055128e+01 1.641484e+01 -1.224021e+01
      vertex   6.033548e+01 1.626172e+01 -1.217441e+01
      vertex   6.064773e+01 1.641185e+01 -1.209164e+01
    endloop
  endfacet
  facet normal -4.801801e-01 7.983937e-01 3.633106e-01
    outer loop
      vertex   6.064773e+01 1.641185e+01 -1.209164e+01
      vertex   6.033548e+01 1.626172e+01 -1.217441e+01
      vertex   6.044657e+01 1.625864e+01 -1.202082e+01
    endloop
  endfacet
  facet normal -4.076156e-01 7.653892e-01 4.980251e-01
    outer loop
      vertex   6.064773e+01 1.641185e+01 -1.209164e+01
      vertex   6.044657e+01 1.625864e+01 -1.202082e+01
      vertex   6.092482e+01 1.635163e+01 -1.177231e+01
    endloop
  endfacet
  facet normal -4.210510e-01 7.312403e-01 5.366598e-01
    outer loop
      vertex   6.092482e+01 1.635163e+01 -1.177231e+01
      vertex   6.044657e+01 1.625864e+01 -1.202082e+01
      vertex   6.075901e+01 1.620190e+01 -1.169838e+01
    endloop
  endfacet
  facet normal -3.167222e-01 6.781636e-01 6.631600e-01
    outer loop
      vertex   6.092482e+01 1.635163e+01 -1.177231e+01
      vertex   6.075901e+01 1.620190e+01 -1.169838e+01
      vertex   6.131675e+01 1.622498e+01 -1.145561e+01
    endloop
  endfacet
  facet normal -3.286196e-01 6.405260e-01 6.940718e-01
    outer loop
      vertex   6.131675e+01 1.622498e+01 -1.145561e+01
      vertex   6.075901e+01 1.620190e+01 -1.169838e+01
      vertex   6.118960e+01 1.608331e+01 -1.138507e+01
    endloop
  endfacet
  facet normal -2.283970e-01 5.904228e-01 7.741031e-01
    outer loop
      vertex   6.131675e+01 1.622498e+01 -1.145561e+01
      vertex   6.118960e+01 1.608331e+01 -1.138507e+01
      vertex   6.181604e+01 1.605961e+01 -1.118216e+01
    endloop
  endfacet
  facet normal -2.376723e-01 5.532399e-01 7.983968e-01
    outer loop
      vertex   6.181604e+01 1.605961e+01 -1.118216e+01
      vertex   6.118960e+01 1.608331e+01 -1.138507e+01
      vertex   6.172844e+01 1.592867e+01 -1.111751e+01
    endloop
  endfacet
  facet normal -1.421296e-01 5.130716e-01 8.464967e-01
    outer loop
      vertex   6.181604e+01 1.605961e+01 -1.118216e+01
      vertex   6.172844e+01 1.592867e+01 -1.111751e+01
      vertex   6.241126e+01 1.590244e+01 -1.098696e+01
    endloop
  endfacet
  facet normal -1.465559e-01 4.825566e-01 8.635163e-01
    outer loop
      vertex   6.241126e+01 1.590244e+01 -1.098696e+01
      vertex   6.172844e+01 1.592867e+01 -1.111751e+01
      vertex   6.236402e+01 1.578165e+01 -1.092748e+01
    endloop
  endfacet
  facet normal -7.972379e-02 4.653022e-01 8.815543e-01
    outer loop
      vertex   6.241126e+01 1.590244e+01 -1.098696e+01
      vertex   6.236402e+01 1.578165e+01 -1.092748e+01
      vertex   6.274243e+01 1.584838e+01 -1.092848e+01
    endloop
  endfacet
  facet normal -7.784089e-02 4.547108e-01 8.872310e-01
    outer loop
      vertex   6.274243e+01 1.584838e+01 -1.092848e+01
      vertex   6.236402e+01 1.578165e+01 -1.092748e+01
      vertex   6.271548e+01 1.573116e+01 -1.087076e+01
    endloop
  endfacet
  facet normal -8.750547e-01 2.169856e-01 4.326622e-01
    outer loop
      vertex   6.136431e+01 1.762745e+01 -1.220314e+01
      vertex   6.128601e+01 1.767657e+01 -1.238613e+01
      vertex   6.121175e+01 1.738272e+01 -1.238894e+01
    endloop
  endfacet
  facet normal -8.773351e-01 2.251488e-01 4.237819e-01
    outer loop
      vertex   6.136431e+01 1.762745e+01 -1.220314e+01
      vertex   6.121175e+01 1.738272e+01 -1.238894e+01
      vertex   6.128390e+01 1.734740e+01 -1.222082e+01
    endloop
  endfacet
  facet normal -4.977378e-01 6.801457e-01 5.381996e-01
    outer loop
      vertex   6.107922e+01 1.651988e+01 -1.182912e+01
      vertex   6.083135e+01 1.659086e+01 -1.214805e+01
      vertex   6.064773e+01 1.641185e+01 -1.209164e+01
    endloop
  endfacet
  facet normal -5.785452e-01 7.163439e-01 3.900472e-01
    outer loop
      vertex   6.064773e+01 1.641185e+01 -1.209164e+01
      vertex   6.083135e+01 1.659086e+01 -1.214805e+01
      vertex   6.055128e+01 1.641484e+01 -1.224021e+01
    endloop
  endfacet
  facet normal -5.058962e-01 6.541108e-01 5.623238e-01
    outer loop
      vertex   6.107922e+01 1.651988e+01 -1.182912e+01
      vertex   6.064773e+01 1.641185e+01 -1.209164e+01
      vertex   6.092482e+01 1.635163e+01 -1.177231e+01
    endloop
  endfacet
  facet normal -7.849351e-01 1.881026e-01 5.903341e-01
    outer loop
      vertex   6.157997e+01 1.744085e+01 -1.185693e+01
      vertex   6.136431e+01 1.762745e+01 -1.220314e+01
      vertex   6.128390e+01 1.734740e+01 -1.222082e+01
    endloop
  endfacet
  facet normal -7.836520e-01 2.186750e-01 5.814386e-01
    outer loop
      vertex   6.157997e+01 1.744085e+01 -1.185693e+01
      vertex   6.128390e+01 1.734740e+01 -1.222082e+01
      vertex   6.149069e+01 1.719653e+01 -1.188537e+01
    endloop
  endfacet
  facet normal -3.900015e-01 5.951417e-01 7.026415e-01
    outer loop
      vertex   6.143749e+01 1.637863e+01 -1.151062e+01
      vertex   6.107922e+01 1.651988e+01 -1.182912e+01
      vertex   6.092482e+01 1.635163e+01 -1.177231e+01
    endloop
  endfacet
  facet normal -3.972403e-01 5.697382e-01 7.194432e-01
    outer loop
      vertex   6.143749e+01 1.637863e+01 -1.151062e+01
      vertex   6.092482e+01 1.635163e+01 -1.177231e+01
      vertex   6.131675e+01 1.622498e+01 -1.145561e+01
    endloop
  endfacet
  facet normal -6.454130e-01 1.486285e-01 7.492340e-01
    outer loop
      vertex   6.187016e+01 1.717489e+01 -1.155418e+01
      vertex   6.157997e+01 1.744085e+01 -1.185693e+01
      vertex   6.149069e+01 1.719653e+01 -1.188537e+01
    endloop
  endfacet
  facet normal -6.389026e-01 1.930359e-01 7.446749e-01
    outer loop
      vertex   6.187016e+01 1.717489e+01 -1.155418e+01
      vertex   6.149069e+01 1.719653e+01 -1.188537e+01
      vertex   6.178324e+01 1.696759e+01 -1.157502e+01
    endloop
  endfacet
  facet normal -2.829353e-01 5.125859e-01 8.106807e-01
    outer loop
      vertex   6.190060e+01 1.619779e+01 -1.123465e+01
      vertex   6.143749e+01 1.637863e+01 -1.151062e+01
      vertex   6.131675e+01 1.622498e+01 -1.145561e+01
    endloop
  endfacet
  facet normal -2.886791e-01 4.892435e-01 8.229856e-01
    outer loop
      vertex   6.190060e+01 1.619779e+01 -1.123465e+01
      vertex   6.131675e+01 1.622498e+01 -1.145561e+01
      vertex   6.181604e+01 1.605961e+01 -1.118216e+01
    endloop
  endfacet
  facet normal -4.888667e-01 1.181002e-01 8.643273e-01
    outer loop
      vertex   6.222800e+01 1.688249e+01 -1.131183e+01
      vertex   6.187016e+01 1.717489e+01 -1.155418e+01
      vertex   6.178324e+01 1.696759e+01 -1.157502e+01
    endloop
  endfacet
  facet normal -4.784379e-01 1.661838e-01 8.622529e-01
    outer loop
      vertex   6.222800e+01 1.688249e+01 -1.131183e+01
      vertex   6.178324e+01 1.696759e+01 -1.157502e+01
      vertex   6.215689e+01 1.670712e+01 -1.131750e+01
    endloop
  endfacet
  facet normal -1.765476e-01 4.420666e-01 8.794362e-01
    outer loop
      vertex   6.245739e+01 1.602772e+01 -1.103738e+01
      vertex   6.190060e+01 1.619779e+01 -1.123465e+01
      vertex   6.181604e+01 1.605961e+01 -1.118216e+01
    endloop
  endfacet
  facet normal -1.794030e-01 4.234403e-01 8.879825e-01
    outer loop
      vertex   6.245739e+01 1.602772e+01 -1.103738e+01
      vertex   6.181604e+01 1.605961e+01 -1.118216e+01
      vertex   6.241126e+01 1.590244e+01 -1.098696e+01
    endloop
  endfacet
  facet normal -3.158012e-01 9.759675e-02 9.437926e-01
    outer loop
      vertex   6.264525e+01 1.663054e+01 -1.114617e+01
      vertex   6.222800e+01 1.688249e+01 -1.131183e+01
      vertex   6.215689e+01 1.670712e+01 -1.131750e+01
    endloop
  endfacet
  facet normal -3.085201e-01 1.380944e-01 9.411404e-01
    outer loop
      vertex   6.264525e+01 1.663054e+01 -1.114617e+01
      vertex   6.215689e+01 1.670712e+01 -1.131750e+01
      vertex   6.260256e+01 1.647784e+01 -1.113776e+01
    endloop
  endfacet
  facet normal -9.773741e-02 4.023352e-01 9.102603e-01
    outer loop
      vertex   6.276882e+01 1.596936e+01 -1.097814e+01
      vertex   6.245739e+01 1.602772e+01 -1.103738e+01
      vertex   6.241126e+01 1.590244e+01 -1.098696e+01
    endloop
  endfacet
  facet normal -9.662006e-02 3.959828e-01 9.131605e-01
    outer loop
      vertex   6.276882e+01 1.596936e+01 -1.097814e+01
      vertex   6.241126e+01 1.590244e+01 -1.098696e+01
      vertex   6.274243e+01 1.584838e+01 -1.092848e+01
    endloop
  endfacet
  facet normal -1.706757e-01 1.016992e-01 9.800648e-01
    outer loop
      vertex   6.287760e+01 1.654626e+01 -1.109696e+01
      vertex   6.264525e+01 1.663054e+01 -1.114617e+01
      vertex   6.260256e+01 1.647784e+01 -1.113776e+01
    endloop
  endfacet
  facet normal -1.741312e-01 1.169698e-01 9.777507e-01
    outer loop
      vertex   6.287760e+01 1.654626e+01 -1.109696e+01
      vertex   6.260256e+01 1.647784e+01 -1.113776e+01
      vertex   6.285260e+01 1.640064e+01 -1.108399e+01
    endloop
  endfacet
  facet normal -7.433065e-02 1.011142e-01 9.920942e-01
    outer loop
      vertex   6.311643e+01 1.650833e+01 -1.107520e+01
      vertex   6.287760e+01 1.654626e+01 -1.109696e+01
      vertex   6.285260e+01 1.640064e+01 -1.108399e+01
    endloop
  endfacet
  facet normal -7.699417e-02 1.077129e-01 9.911962e-01
    outer loop
      vertex   6.311643e+01 1.650833e+01 -1.107520e+01
      vertex   6.285260e+01 1.640064e+01 -1.108399e+01
      vertex   6.311068e+01 1.636581e+01 -1.106016e+01
    endloop
  endfacet
  facet normal 5.525420e-03 5.536058e-01 8.327606e-01
    outer loop
      vertex   6.307314e+01 1.559643e+01 -1.078113e+01
      vertex   6.306684e+01 1.548909e+01 -1.070973e+01
      vertex   6.346131e+01 1.560177e+01 -1.078726e+01
    endloop
  endfacet
  facet normal 4.628714e-03 5.557604e-01 8.313296e-01
    outer loop
      vertex   6.346131e+01 1.560177e+01 -1.078726e+01
      vertex   6.306684e+01 1.548909e+01 -1.070973e+01
      vertex   6.347646e+01 1.549423e+01 -1.071546e+01
    endloop
  endfacet
  facet normal 3.134723e-02 5.580936e-01 8.291857e-01
    outer loop
      vertex   6.346131e+01 1.560177e+01 -1.078726e+01
      vertex   6.347646e+01 1.549423e+01 -1.071546e+01
      vertex   6.384171e+01 1.563488e+01 -1.082393e+01
    endloop
  endfacet
  facet normal 2.483581e-02 5.692818e-01 8.217673e-01
    outer loop
      vertex   6.384171e+01 1.563488e+01 -1.082393e+01
      vertex   6.347646e+01 1.549423e+01 -1.071546e+01
      vertex   6.387825e+01 1.552609e+01 -1.074967e+01
    endloop
  endfacet
  facet normal 7.431251e-02 5.791255e-01 8.118444e-01
    outer loop
      vertex   6.384171e+01 1.563488e+01 -1.082393e+01
      vertex   6.387825e+01 1.552609e+01 -1.074967e+01
      vertex   6.454620e+01 1.576131e+01 -1.097860e+01
    endloop
  endfacet
  facet normal 5.044887e-02 6.193197e-01 7.835165e-01
    outer loop
      vertex   6.454620e+01 1.576131e+01 -1.097860e+01
      vertex   6.387825e+01 1.552609e+01 -1.074967e+01
      vertex   6.462535e+01 1.564857e+01 -1.089459e+01
    endloop
  endfacet
  facet normal 1.278283e-01 6.487865e-01 7.501573e-01
    outer loop
      vertex   6.454620e+01 1.576131e+01 -1.097860e+01
      vertex   6.462535e+01 1.564857e+01 -1.089459e+01
      vertex   6.512390e+01 1.590499e+01 -1.120131e+01
    endloop
  endfacet
  facet normal 8.663369e-02 6.905298e-01 7.180970e-01
    outer loop
      vertex   6.512390e+01 1.590499e+01 -1.120131e+01
      vertex   6.462535e+01 1.564857e+01 -1.089459e+01
      vertex   6.524395e+01 1.579071e+01 -1.110590e+01
    endloop
  endfacet
  facet normal 1.802459e-01 7.350398e-01 6.536267e-01
    outer loop
      vertex   6.512390e+01 1.590499e+01 -1.120131e+01
      vertex   6.524395e+01 1.579071e+01 -1.110590e+01
      vertex   6.560951e+01 1.603103e+01 -1.147696e+01
    endloop
  endfacet
  facet normal 7.521126e-03 4.985199e-01 8.668456e-01
    outer loop
      vertex   6.307937e+01 1.570815e+01 -1.084544e+01
      vertex   6.307314e+01 1.559643e+01 -1.078113e+01
      vertex   6.344633e+01 1.571378e+01 -1.085186e+01
    endloop
  endfacet
  facet normal 6.781357e-03 5.002686e-01 8.658437e-01
    outer loop
      vertex   6.344633e+01 1.571378e+01 -1.085186e+01
      vertex   6.307314e+01 1.559643e+01 -1.078113e+01
      vertex   6.346131e+01 1.560177e+01 -1.078726e+01
    endloop
  endfacet
  facet normal 4.343021e-02 5.034810e-01 8.629140e-01
    outer loop
      vertex   6.344633e+01 1.571378e+01 -1.085186e+01
      vertex   6.346131e+01 1.560177e+01 -1.078726e+01
      vertex   6.380562e+01 1.574877e+01 -1.089036e+01
    endloop
  endfacet
  facet normal 3.808408e-02 5.124617e-01 8.578651e-01
    outer loop
      vertex   6.380562e+01 1.574877e+01 -1.089036e+01
      vertex   6.346131e+01 1.560177e+01 -1.078726e+01
      vertex   6.384171e+01 1.563488e+01 -1.082393e+01
    endloop
  endfacet
  facet normal 1.010348e-01 5.249666e-01 8.451048e-01
    outer loop
      vertex   6.380562e+01 1.574877e+01 -1.089036e+01
      vertex   6.384171e+01 1.563488e+01 -1.082393e+01
      vertex   6.446841e+01 1.588192e+01 -1.105231e+01
    endloop
  endfacet
  facet normal 8.136916e-02 5.574133e-01 8.262382e-01
    outer loop
      vertex   6.446841e+01 1.588192e+01 -1.105231e+01
      vertex   6.384171e+01 1.563488e+01 -1.082393e+01
      vertex   6.454620e+01 1.576131e+01 -1.097860e+01
    endloop
  endfacet
  facet normal 1.731439e-01 5.924772e-01 7.867604e-01
    outer loop
      vertex   6.446841e+01 1.588192e+01 -1.105231e+01
      vertex   6.454620e+01 1.576131e+01 -1.097860e+01
      vertex   6.500676e+01 1.603178e+01 -1.128364e+01
    endloop
  endfacet
  facet normal 1.396326e-01 6.267823e-01 7.665811e-01
    outer loop
      vertex   6.500676e+01 1.603178e+01 -1.128364e+01
      vertex   6.454620e+01 1.576131e+01 -1.097860e+01
      vertex   6.512390e+01 1.590499e+01 -1.120131e+01
    endloop
  endfacet
  facet normal 2.443765e-01 6.767356e-01 6.944848e-01
    outer loop
      vertex   6.500676e+01 1.603178e+01 -1.128364e+01
      vertex   6.512390e+01 1.590499e+01 -1.120131e+01
      vertex   6.545229e+01 1.616059e+01 -1.156593e+01
    endloop
  endfacet
  facet normal 2.004784e-01 7.081686e-01 6.769828e-01
    outer loop
      vertex   6.545229e+01 1.616059e+01 -1.156593e+01
      vertex   6.512390e+01 1.590499e+01 -1.120131e+01
      vertex   6.560951e+01 1.603103e+01 -1.147696e+01
    endloop
  endfacet
  facet normal 2.963592e-01 7.583392e-01 5.805970e-01
    outer loop
      vertex   6.545229e+01 1.616059e+01 -1.156593e+01
      vertex   6.560951e+01 1.603103e+01 -1.147696e+01
      vertex   6.568481e+01 1.621873e+01 -1.176056e+01
    endloop
  endfacet
  facet normal 9.465266e-03 4.414134e-01 8.972539e-01
    outer loop
      vertex   6.308550e+01 1.582377e+01 -1.090239e+01
      vertex   6.307937e+01 1.570815e+01 -1.084544e+01
      vertex   6.343158e+01 1.582980e+01 -1.090900e+01
    endloop
  endfacet
  facet normal 8.899559e-03 4.427182e-01 8.966166e-01
    outer loop
      vertex   6.343158e+01 1.582980e+01 -1.090900e+01
      vertex   6.307937e+01 1.570815e+01 -1.084544e+01
      vertex   6.344633e+01 1.571378e+01 -1.085186e+01
    endloop
  endfacet
  facet normal 5.522167e-02 4.467929e-01 8.929315e-01
    outer loop
      vertex   6.343158e+01 1.582980e+01 -1.090900e+01
      vertex   6.344633e+01 1.571378e+01 -1.085186e+01
      vertex   6.377015e+01 1.586721e+01 -1.094866e+01
    endloop
  endfacet
  facet normal 5.119968e-02 4.533456e-01 8.898631e-01
    outer loop
      vertex   6.377015e+01 1.586721e+01 -1.094866e+01
      vertex   6.344633e+01 1.571378e+01 -1.085186e+01
      vertex   6.380562e+01 1.574877e+01 -1.089036e+01
    endloop
  endfacet
  facet normal 1.268910e-01 4.683851e-01 8.743650e-01
    outer loop
      vertex   6.377015e+01 1.586721e+01 -1.094866e+01
      vertex   6.380562e+01 1.574877e+01 -1.089036e+01
      vertex   6.439249e+01 1.600961e+01 -1.111526e+01
    endloop
  endfacet
  facet normal 1.120553e-01 4.921808e-01 8.632506e-01
    outer loop
      vertex   6.439249e+01 1.600961e+01 -1.111526e+01
      vertex   6.380562e+01 1.574877e+01 -1.089036e+01
      vertex   6.446841e+01 1.588192e+01 -1.105231e+01
    endloop
  endfacet
  facet normal 2.166793e-01 5.322686e-01 8.183765e-01
    outer loop
      vertex   6.439249e+01 1.600961e+01 -1.111526e+01
      vertex   6.446841e+01 1.588192e+01 -1.105231e+01
      vertex   6.489360e+01 1.616989e+01 -1.135218e+01
    endloop
  endfacet
  facet normal 1.917057e-01 5.578290e-01 8.075120e-01
    outer loop
      vertex   6.489360e+01 1.616989e+01 -1.135218e+01
      vertex   6.446841e+01 1.588192e+01 -1.105231e+01
      vertex   6.500676e+01 1.603178e+01 -1.128364e+01
    endloop
  endfacet
  facet normal 3.054828e-01 6.122354e-01 7.292791e-01
    outer loop
      vertex   6.489360e+01 1.616989e+01 -1.135218e+01
      vertex   6.500676e+01 1.603178e+01 -1.128364e+01
      vertex   6.530233e+01 1.630756e+01 -1.163897e+01
    endloop
  endfacet
  facet normal 2.728361e-01 6.367722e-01 7.211668e-01
    outer loop
      vertex   6.530233e+01 1.630756e+01 -1.163897e+01
      vertex   6.500676e+01 1.603178e+01 -1.128364e+01
      vertex   6.545229e+01 1.616059e+01 -1.156593e+01
    endloop
  endfacet
  facet normal 3.741599e-01 6.897915e-01 6.198322e-01
    outer loop
      vertex   6.530233e+01 1.630756e+01 -1.163897e+01
      vertex   6.545229e+01 1.616059e+01 -1.156593e+01
      vertex   6.551194e+01 1.636958e+01 -1.183452e+01
    endloop
  endfacet
  facet normal 3.458776e-01 7.017358e-01 6.228447e-01
    outer loop
      vertex   6.551194e+01 1.636958e+01 -1.183452e+01
      vertex   6.545229e+01 1.616059e+01 -1.156593e+01
      vertex   6.568481e+01 1.621873e+01 -1.176056e+01
    endloop
  endfacet
  facet normal 4.306682e-01 7.440046e-01 5.108641e-01
    outer loop
      vertex   6.551194e+01 1.636958e+01 -1.183452e+01
      vertex   6.568481e+01 1.621873e+01 -1.176056e+01
      vertex   6.567919e+01 1.640565e+01 -1.202805e+01
    endloop
  endfacet
  facet normal 1.135149e-02 3.824797e-01 9.238942e-01
    outer loop
      vertex   6.309151e+01 1.594283e+01 -1.095175e+01
      vertex   6.308550e+01 1.582377e+01 -1.090239e+01
      vertex   6.341712e+01 1.594933e+01 -1.095844e+01
    endloop
  endfacet
  facet normal 1.098008e-02 3.833092e-01 9.235548e-01
    outer loop
      vertex   6.341712e+01 1.594933e+01 -1.095844e+01
      vertex   6.308550e+01 1.582377e+01 -1.090239e+01
      vertex   6.343158e+01 1.582980e+01 -1.090900e+01
    endloop
  endfacet
  facet normal 6.666775e-02 3.882230e-01 9.191509e-01
    outer loop
      vertex   6.341712e+01 1.594933e+01 -1.095844e+01
      vertex   6.343158e+01 1.582980e+01 -1.090900e+01
      vertex   6.373546e+01 1.598966e+01 -1.099856e+01
    endloop
  endfacet
  facet normal 6.415406e-02 3.921637e-01 9.176556e-01
    outer loop
      vertex   6.373546e+01 1.598966e+01 -1.099856e+01
      vertex   6.343158e+01 1.582980e+01 -1.090900e+01
      vertex   6.377015e+01 1.586721e+01 -1.094866e+01
    endloop
  endfacet
  facet normal 1.517200e-01 4.095971e-01 8.995617e-01
    outer loop
      vertex   6.373546e+01 1.598966e+01 -1.099856e+01
      vertex   6.377015e+01 1.586721e+01 -1.094866e+01
      vertex   6.431892e+01 1.614354e+01 -1.116704e+01
    endloop
  endfacet
  facet normal 1.424063e-01 4.240084e-01 8.943922e-01
    outer loop
      vertex   6.431892e+01 1.614354e+01 -1.116704e+01
      vertex   6.377015e+01 1.586721e+01 -1.094866e+01
      vertex   6.439249e+01 1.600961e+01 -1.111526e+01
    endloop
  endfacet
  facet normal 2.581353e-01 4.684550e-01 8.449355e-01
    outer loop
      vertex   6.431892e+01 1.614354e+01 -1.116704e+01
      vertex   6.439249e+01 1.600961e+01 -1.111526e+01
      vertex   6.478543e+01 1.631803e+01 -1.140631e+01
    endloop
  endfacet
  facet normal 2.425687e-01 4.842350e-01 8.406407e-01
    outer loop
      vertex   6.478543e+01 1.631803e+01 -1.140631e+01
      vertex   6.439249e+01 1.600961e+01 -1.111526e+01
      vertex   6.489360e+01 1.616989e+01 -1.135218e+01
    endloop
  endfacet
  facet normal 3.630659e-01 5.419852e-01 7.579150e-01
    outer loop
      vertex   6.478543e+01 1.631803e+01 -1.140631e+01
      vertex   6.489360e+01 1.616989e+01 -1.135218e+01
      vertex   6.516149e+01 1.647011e+01 -1.169520e+01
    endloop
  endfacet
  facet normal 3.423606e-01 5.581027e-01 7.558509e-01
    outer loop
      vertex   6.516149e+01 1.647011e+01 -1.169520e+01
      vertex   6.489360e+01 1.616989e+01 -1.135218e+01
      vertex   6.530233e+01 1.630756e+01 -1.163897e+01
    endloop
  endfacet
  facet normal 4.468749e-01 6.126823e-01 6.518614e-01
    outer loop
      vertex   6.516149e+01 1.647011e+01 -1.169520e+01
      vertex   6.530233e+01 1.630756e+01 -1.163897e+01
      vertex   6.535158e+01 1.654029e+01 -1.189147e+01
    endloop
  endfacet
  facet normal 4.283258e-01 6.212766e-01 6.561649e-01
    outer loop
      vertex   6.535158e+01 1.654029e+01 -1.189147e+01
      vertex   6.530233e+01 1.630756e+01 -1.163897e+01
      vertex   6.551194e+01 1.636958e+01 -1.183452e+01
    endloop
  endfacet
  facet normal 5.136709e-01 6.638724e-01 5.435215e-01
    outer loop
      vertex   6.535158e+01 1.654029e+01 -1.189147e+01
      vertex   6.551194e+01 1.636958e+01 -1.183452e+01
      vertex   6.550106e+01 1.658292e+01 -1.208481e+01
    endloop
  endfacet
  facet normal 4.933745e-01 6.724511e-01 5.517165e-01
    outer loop
      vertex   6.550106e+01 1.658292e+01 -1.208481e+01
      vertex   6.551194e+01 1.636958e+01 -1.183452e+01
      vertex   6.567919e+01 1.640565e+01 -1.202805e+01
    endloop
  endfacet
  facet normal 5.751653e-01 7.087707e-01 4.084471e-01
    outer loop
      vertex   6.550106e+01 1.658292e+01 -1.208481e+01
      vertex   6.567919e+01 1.640565e+01 -1.202805e+01
      vertex   6.561234e+01 1.659727e+01 -1.226642e+01
    endloop
  endfacet
  facet normal 1.331634e-02 3.166070e-01 9.484633e-01
    outer loop
      vertex   6.309836e+01 1.608588e+01 -1.099960e+01
      vertex   6.309151e+01 1.594283e+01 -1.095175e+01
      vertex   6.340065e+01 1.609303e+01 -1.100623e+01
    endloop
  endfacet
  facet normal 1.316457e-02 3.168863e-01 9.483722e-01
    outer loop
      vertex   6.340065e+01 1.609303e+01 -1.100623e+01
      vertex   6.309151e+01 1.594283e+01 -1.095175e+01
      vertex   6.341712e+01 1.594933e+01 -1.095844e+01
    endloop
  endfacet
  facet normal 7.854895e-02 3.226732e-01 9.432455e-01
    outer loop
      vertex   6.340065e+01 1.609303e+01 -1.100623e+01
      vertex   6.341712e+01 1.594933e+01 -1.095844e+01
      vertex   6.369607e+01 1.613730e+01 -1.104597e+01
    endloop
  endfacet
  facet normal 7.786175e-02 3.235755e-01 9.429933e-01
    outer loop
      vertex   6.369607e+01 1.613730e+01 -1.104597e+01
      vertex   6.341712e+01 1.594933e+01 -1.095844e+01
      vertex   6.373546e+01 1.598966e+01 -1.099856e+01
    endloop
  endfacet
  facet normal 1.771354e-01 3.434234e-01 9.223250e-01
    outer loop
      vertex   6.369607e+01 1.613730e+01 -1.104597e+01
      vertex   6.373546e+01 1.598966e+01 -1.099856e+01
      vertex   6.423646e+01 1.630708e+01 -1.121297e+01
    endloop
  endfacet
  facet normal 1.746017e-01 3.468758e-01 9.215158e-01
    outer loop
      vertex   6.423646e+01 1.630708e+01 -1.121297e+01
      vertex   6.373546e+01 1.598966e+01 -1.099856e+01
      vertex   6.431892e+01 1.614354e+01 -1.116704e+01
    endloop
  endfacet
  facet normal 3.002170e-01 3.952211e-01 8.681417e-01
    outer loop
      vertex   6.423646e+01 1.630708e+01 -1.121297e+01
      vertex   6.431892e+01 1.614354e+01 -1.116704e+01
      vertex   6.466654e+01 1.650242e+01 -1.145063e+01
    endloop
  endfacet
  facet normal 2.957338e-01 3.993034e-01 8.678124e-01
    outer loop
      vertex   6.466654e+01 1.650242e+01 -1.145063e+01
      vertex   6.431892e+01 1.614354e+01 -1.116704e+01
      vertex   6.478543e+01 1.631803e+01 -1.140631e+01
    endloop
  endfacet
  facet normal 4.208711e-01 4.594113e-01 7.821821e-01
    outer loop
      vertex   6.466654e+01 1.650242e+01 -1.145063e+01
      vertex   6.478543e+01 1.631803e+01 -1.140631e+01
      vertex   6.501061e+01 1.667756e+01 -1.173864e+01
    endloop
  endfacet
  facet normal 4.135532e-01 4.647093e-01 7.829553e-01
    outer loop
      vertex   6.501061e+01 1.667756e+01 -1.173864e+01
      vertex   6.478543e+01 1.631803e+01 -1.140631e+01
      vertex   6.516149e+01 1.647011e+01 -1.169520e+01
    endloop
  endfacet
  facet normal 5.191953e-01 5.196740e-01 6.785095e-01
    outer loop
      vertex   6.501061e+01 1.667756e+01 -1.173864e+01
      vertex   6.516149e+01 1.647011e+01 -1.169520e+01
      vertex   6.518296e+01 1.676214e+01 -1.193530e+01
    endloop
  endfacet
  facet normal 5.110548e-01 5.231501e-01 6.820095e-01
    outer loop
      vertex   6.518296e+01 1.676214e+01 -1.193530e+01
      vertex   6.516149e+01 1.647011e+01 -1.169520e+01
      vertex   6.535158e+01 1.654029e+01 -1.189147e+01
    endloop
  endfacet
  facet normal 5.953409e-01 5.652765e-01 5.709918e-01
    outer loop
      vertex   6.518296e+01 1.676214e+01 -1.193530e+01
      vertex   6.535158e+01 1.654029e+01 -1.189147e+01
      vertex   6.531729e+01 1.681758e+01 -1.213023e+01
    endloop
  endfacet
  facet normal 5.846539e-01 5.696702e-01 5.776293e-01
    outer loop
      vertex   6.531729e+01 1.681758e+01 -1.213023e+01
      vertex   6.535158e+01 1.654029e+01 -1.189147e+01
      vertex   6.550106e+01 1.658292e+01 -1.208481e+01
    endloop
  endfacet
  facet normal 6.655040e-01 6.056211e-01 4.362653e-01
    outer loop
      vertex   6.531729e+01 1.681758e+01 -1.213023e+01
      vertex   6.550106e+01 1.658292e+01 -1.208481e+01
      vertex   6.541643e+01 1.684165e+01 -1.231488e+01
    endloop
  endfacet
  facet normal 6.521321e-01 6.116215e-01 4.479318e-01
    outer loop
      vertex   6.541643e+01 1.684165e+01 -1.231488e+01
      vertex   6.550106e+01 1.658292e+01 -1.208481e+01
      vertex   6.561234e+01 1.659727e+01 -1.226642e+01
    endloop
  endfacet
  facet normal 1.528648e-02 2.457895e-01 9.692027e-01
    outer loop
      vertex   6.310464e+01 1.622475e+01 -1.103491e+01
      vertex   6.309836e+01 1.608588e+01 -1.099960e+01
      vertex   6.338555e+01 1.623259e+01 -1.104133e+01
    endloop
  endfacet
  facet normal 1.545539e-02 2.454803e-01 9.692784e-01
    outer loop
      vertex   6.338555e+01 1.623259e+01 -1.104133e+01
      vertex   6.309836e+01 1.608588e+01 -1.099960e+01
      vertex   6.340065e+01 1.609303e+01 -1.100623e+01
    endloop
  endfacet
  facet normal 9.043898e-02 2.521306e-01 9.634578e-01
    outer loop
      vertex   6.338555e+01 1.623259e+01 -1.104133e+01
      vertex   6.340065e+01 1.609303e+01 -1.100623e+01
      vertex   6.366008e+01 1.628104e+01 -1.107978e+01
    endloop
  endfacet
  facet normal 9.224550e-02 2.498076e-01 9.638916e-01
    outer loop
      vertex   6.366008e+01 1.628104e+01 -1.107978e+01
      vertex   6.340065e+01 1.609303e+01 -1.100623e+01
      vertex   6.369607e+01 1.613730e+01 -1.104597e+01
    endloop
  endfacet
  facet normal 2.020326e-01 2.718834e-01 9.408838e-01
    outer loop
      vertex   6.366008e+01 1.628104e+01 -1.107978e+01
      vertex   6.369607e+01 1.613730e+01 -1.104597e+01
      vertex   6.416240e+01 1.646791e+01 -1.124164e+01
    endloop
  endfacet
  facet normal 2.081990e-01 2.637584e-01 9.418517e-01
    outer loop
      vertex   6.416240e+01 1.646791e+01 -1.124164e+01
      vertex   6.369607e+01 1.613730e+01 -1.104597e+01
      vertex   6.423646e+01 1.630708e+01 -1.121297e+01
    endloop
  endfacet
  facet normal 3.408788e-01 3.148638e-01 8.858117e-01
    outer loop
      vertex   6.416240e+01 1.646791e+01 -1.124164e+01
      vertex   6.423646e+01 1.630708e+01 -1.121297e+01
      vertex   6.456255e+01 1.668649e+01 -1.147332e+01
    endloop
  endfacet
  facet normal 3.498139e-01 3.067480e-01 8.851757e-01
    outer loop
      vertex   6.456255e+01 1.668649e+01 -1.147332e+01
      vertex   6.423646e+01 1.630708e+01 -1.121297e+01
      vertex   6.466654e+01 1.650242e+01 -1.145063e+01
    endloop
  endfacet
  facet normal 4.755351e-01 3.671963e-01 7.993955e-01
    outer loop
      vertex   6.456255e+01 1.668649e+01 -1.147332e+01
      vertex   6.466654e+01 1.650242e+01 -1.145063e+01
      vertex   6.488338e+01 1.688865e+01 -1.175703e+01
    endloop
  endfacet
  facet normal 4.836485e-01 3.610123e-01 7.973420e-01
    outer loop
      vertex   6.488338e+01 1.688865e+01 -1.175703e+01
      vertex   6.466654e+01 1.650242e+01 -1.145063e+01
      vertex   6.501061e+01 1.667756e+01 -1.173864e+01
    endloop
  endfacet
  facet normal 5.861075e-01 4.139825e-01 6.964887e-01
    outer loop
      vertex   6.488338e+01 1.688865e+01 -1.175703e+01
      vertex   6.501061e+01 1.667756e+01 -1.173864e+01
      vertex   6.504464e+01 1.699093e+01 -1.195353e+01
    endloop
  endfacet
  facet normal 5.900311e-01 4.120630e-01 6.943107e-01
    outer loop
      vertex   6.504464e+01 1.699093e+01 -1.195353e+01
      vertex   6.501061e+01 1.667756e+01 -1.173864e+01
      vertex   6.518296e+01 1.676214e+01 -1.193530e+01
    endloop
  endfacet
  facet normal 6.691933e-01 4.516193e-01 5.901019e-01
    outer loop
      vertex   6.504464e+01 1.699093e+01 -1.195353e+01
      vertex   6.518296e+01 1.676214e+01 -1.193530e+01
      vertex   6.517085e+01 1.706281e+01 -1.215167e+01
    endloop
  endfacet
  facet normal 6.696122e-01 4.514097e-01 5.897871e-01
    outer loop
      vertex   6.517085e+01 1.706281e+01 -1.215167e+01
      vertex   6.518296e+01 1.676214e+01 -1.193530e+01
      vertex   6.531729e+01 1.681758e+01 -1.213023e+01
    endloop
  endfacet
  facet normal 7.453574e-01 4.850633e-01 4.573357e-01
    outer loop
      vertex   6.517085e+01 1.706281e+01 -1.215167e+01
      vertex   6.531729e+01 1.681758e+01 -1.213023e+01
      vertex   6.526445e+01 1.709999e+01 -1.234365e+01
    endloop
  endfacet
  facet normal 7.412177e-01 4.874451e-01 4.615124e-01
    outer loop
      vertex   6.526445e+01 1.709999e+01 -1.234365e+01
      vertex   6.531729e+01 1.681758e+01 -1.213023e+01
      vertex   6.541643e+01 1.684165e+01 -1.231488e+01
    endloop
  endfacet
  facet normal 1.881982e-02 1.041805e-01 9.943803e-01
    outer loop
      vertex   6.311643e+01 1.650833e+01 -1.107520e+01
      vertex   6.311068e+01 1.636581e+01 -1.106016e+01
      vertex   6.335724e+01 1.651770e+01 -1.108074e+01
    endloop
  endfacet
  facet normal 1.973971e-02 1.027056e-01 9.945159e-01
    outer loop
      vertex   6.335724e+01 1.651770e+01 -1.108074e+01
      vertex   6.311068e+01 1.636581e+01 -1.106016e+01
      vertex   6.337105e+01 1.637439e+01 -1.106621e+01
    endloop
  endfacet
  facet normal 1.113816e-01 1.108380e-01 9.875774e-01
    outer loop
      vertex   6.335724e+01 1.651770e+01 -1.108074e+01
      vertex   6.337105e+01 1.637439e+01 -1.106621e+01
      vertex   6.359312e+01 1.657535e+01 -1.111381e+01
    endloop
  endfacet
  facet normal 8.636854e-01 2.134150e-01 4.566198e-01
    outer loop
      vertex   6.507393e+01 1.766940e+01 -1.234825e+01
      vertex   6.505502e+01 1.732474e+01 -1.215139e+01
      vertex   6.514943e+01 1.737799e+01 -1.235486e+01
    endloop
  endfacet
  facet normal -1.323694e-01 9.909948e-01 2.019201e-02
    outer loop
      vertex   5.919219e+01 1.600000e+01 -1.287811e+01
      vertex   5.931419e+01 1.600000e+01 -1.207831e+01
      vertex   5.971796e+01 1.606815e+01 -1.277604e+01
    endloop
  endfacet
  facet normal -1.290847e-01 9.913866e-01 2.213103e-02
    outer loop
      vertex   5.971796e+01 1.606815e+01 -1.277604e+01
      vertex   5.931419e+01 1.600000e+01 -1.207831e+01
      vertex   5.981539e+01 1.606815e+01 -1.220772e+01
    endloop
  endfacet
  facet normal -3.782884e-01 9.234130e-01 6.485594e-02
    outer loop
      vertex   5.971796e+01 1.606815e+01 -1.277604e+01
      vertex   5.981539e+01 1.606815e+01 -1.220772e+01
      vertex   6.028244e+01 1.626795e+01 -1.232831e+01
    endloop
  endfacet
  facet normal -3.782884e-01 9.234130e-01 6.485594e-02
    outer loop
      vertex   5.971796e+01 1.606815e+01 -1.277604e+01
      vertex   6.028244e+01 1.626795e+01 -1.232831e+01
      vertex   6.019850e+01 1.626795e+01 -1.281791e+01
    endloop
  endfacet
  facet normal -6.013056e-01 7.923407e-01 1.030913e-01
    outer loop
      vertex   6.019850e+01 1.626795e+01 -1.281791e+01
      vertex   6.028244e+01 1.626795e+01 -1.232831e+01
      vertex   6.068350e+01 1.658579e+01 -1.243187e+01
    endloop
  endfacet
  facet normal -6.013056e-01 7.923407e-01 1.030913e-01
    outer loop
      vertex   6.019850e+01 1.626795e+01 -1.281791e+01
      vertex   6.068350e+01 1.658579e+01 -1.243187e+01
      vertex   6.061115e+01 1.658579e+01 -1.285387e+01
    endloop
  endfacet
  facet normal -7.829395e-01 6.074435e-01 1.342316e-01
    outer loop
      vertex   6.061115e+01 1.658579e+01 -1.285387e+01
      vertex   6.068350e+01 1.658579e+01 -1.243187e+01
      vertex   6.099124e+01 1.700000e+01 -1.251133e+01
    endloop
  endfacet
  facet normal -7.829395e-01 6.074435e-01 1.342316e-01
    outer loop
      vertex   6.061115e+01 1.658579e+01 -1.285387e+01
      vertex   6.099124e+01 1.700000e+01 -1.251133e+01
      vertex   6.092779e+01 1.700000e+01 -1.288146e+01
    endloop
  endfacet
  facet normal -9.110510e-01 3.815612e-01 1.561958e-01
    outer loop
      vertex   6.092779e+01 1.700000e+01 -1.288146e+01
      vertex   6.099124e+01 1.700000e+01 -1.251133e+01
      vertex   6.118470e+01 1.748236e+01 -1.256128e+01
    endloop
  endfacet
  facet normal -9.110510e-01 3.815612e-01 1.561958e-01
    outer loop
      vertex   6.092779e+01 1.700000e+01 -1.288146e+01
      vertex   6.118470e+01 1.748236e+01 -1.256128e+01
      vertex   6.112683e+01 1.748236e+01 -1.289880e+01
    endloop
  endfacet
  facet normal -9.772444e-01 1.300857e-01 1.675444e-01
    outer loop
      vertex   6.112683e+01 1.748236e+01 -1.289880e+01
      vertex   6.118470e+01 1.748236e+01 -1.256128e+01
      vertex   6.125068e+01 1.800000e+01 -1.257831e+01
    endloop
  endfacet
  facet normal -9.797635e-01 1.597794e-01 1.205573e-01
    outer loop
      vertex   6.112683e+01 1.748236e+01 -1.289880e+01
      vertex   6.125068e+01 1.800000e+01 -1.257831e+01
      vertex   6.118724e+01 1.800000e+01 -1.309395e+01
    endloop
  endfacet
  facet normal -9.930779e-01 1.173899e-01 3.996522e-03
    outer loop
      vertex   6.112683e+01 1.748236e+01 -1.289880e+01
      vertex   6.118724e+01 1.800000e+01 -1.309395e+01
      vertex   6.112545e+01 1.748236e+01 -1.324124e+01
    endloop
  endfacet
  facet normal -9.784412e-01 1.554658e-01 -1.359532e-01
    outer loop
      vertex   6.112545e+01 1.748236e+01 -1.324124e+01
      vertex   6.118724e+01 1.800000e+01 -1.309395e+01
      vertex   6.125874e+01 1.800000e+01 -1.360852e+01
    endloop
  endfacet
  facet normal -9.774349e-01 1.385067e-01 -1.594897e-01
    outer loop
      vertex   6.112545e+01 1.748236e+01 -1.324124e+01
      vertex   6.125874e+01 1.800000e+01 -1.360852e+01
      vertex   6.118060e+01 1.748236e+01 -1.357922e+01
    endloop
  endfacet
  facet normal -9.395664e-01 1.237472e-01 -3.192203e-01
    outer loop
      vertex   6.118060e+01 1.748236e+01 -1.357922e+01
      vertex   6.125874e+01 1.800000e+01 -1.360852e+01
      vertex   6.129077e+01 1.748236e+01 -1.390346e+01
    endloop
  endfacet
  facet normal -8.752092e-01 3.815612e-01 -2.973547e-01
    outer loop
      vertex   6.118060e+01 1.748236e+01 -1.357922e+01
      vertex   6.129077e+01 1.748236e+01 -1.390346e+01
      vertex   6.110756e+01 1.700000e+01 -1.398318e+01
    endloop
  endfacet
  facet normal -8.141442e-01 3.815612e-01 -4.376988e-01
    outer loop
      vertex   6.110756e+01 1.700000e+01 -1.398318e+01
      vertex   6.129077e+01 1.748236e+01 -1.390346e+01
      vertex   6.128538e+01 1.700000e+01 -1.431393e+01
    endloop
  endfacet
  facet normal -6.996597e-01 6.074435e-01 -3.761498e-01
    outer loop
      vertex   6.110756e+01 1.700000e+01 -1.398318e+01
      vertex   6.128538e+01 1.700000e+01 -1.431393e+01
      vertex   6.101885e+01 1.658579e+01 -1.448710e+01
    endloop
  endfacet
  facet normal -6.279990e-01 6.074435e-01 -4.864459e-01
    outer loop
      vertex   6.101885e+01 1.658579e+01 -1.448710e+01
      vertex   6.128538e+01 1.700000e+01 -1.431393e+01
      vertex   6.128105e+01 1.658579e+01 -1.482559e+01
    endloop
  endfacet
  facet normal -4.823097e-01 7.923407e-01 -3.735955e-01
    outer loop
      vertex   6.101885e+01 1.658579e+01 -1.448710e+01
      vertex   6.128105e+01 1.658579e+01 -1.482559e+01
      vertex   6.097570e+01 1.626795e+01 -1.510548e+01
    endloop
  endfacet
  facet normal -4.140500e-01 7.923407e-01 -4.480611e-01
    outer loop
      vertex   6.097570e+01 1.626795e+01 -1.510548e+01
      vertex   6.128105e+01 1.658579e+01 -1.482559e+01
      vertex   6.134053e+01 1.626795e+01 -1.544261e+01
    endloop
  endfacet
  facet normal -2.604838e-01 9.234130e-01 -2.818805e-01
    outer loop
      vertex   6.097570e+01 1.626795e+01 -1.510548e+01
      vertex   6.134053e+01 1.626795e+01 -1.544261e+01
      vertex   6.104361e+01 1.606815e+01 -1.582276e+01
    endloop
  endfacet
  facet normal -2.103991e-01 9.234130e-01 -3.209994e-01
    outer loop
      vertex   6.104361e+01 1.606815e+01 -1.582276e+01
      vertex   6.134053e+01 1.626795e+01 -1.544261e+01
      vertex   6.152586e+01 1.606815e+01 -1.613885e+01
    endloop
  endfacet
  facet normal -7.016332e-02 9.917753e-01 -1.070460e-01
    outer loop
      vertex   6.104361e+01 1.606815e+01 -1.582276e+01
      vertex   6.152586e+01 1.606815e+01 -1.613885e+01
      vertex   6.090284e+01 1.600000e+01 -1.636188e+01
    endloop
  endfacet
  facet normal -6.586900e-02 9.907399e-01 -1.187256e-01
    outer loop
      vertex   6.090284e+01 1.600000e+01 -1.636188e+01
      vertex   6.152586e+01 1.606815e+01 -1.613885e+01
      vertex   6.161030e+01 1.600000e+01 -1.675438e+01
    endloop
  endfacet
  facet normal -5.140763e-02 9.918169e-01 -1.168610e-01
    outer loop
      vertex   6.161030e+01 1.600000e+01 -1.675438e+01
      vertex   6.152586e+01 1.606815e+01 -1.613885e+01
      vertex   6.205366e+01 1.606815e+01 -1.637103e+01
    endloop
  endfacet
  facet normal -4.053655e-02 9.907831e-01 -1.292502e-01
    outer loop
      vertex   6.161030e+01 1.600000e+01 -1.675438e+01
      vertex   6.205366e+01 1.606815e+01 -1.637103e+01
      vertex   6.238227e+01 1.600000e+01 -1.699649e+01
    endloop
  endfacet
  facet normal -3.165881e-02 9.916912e-01 -1.246848e-01
    outer loop
      vertex   6.238227e+01 1.600000e+01 -1.699649e+01
      vertex   6.205366e+01 1.606815e+01 -1.637103e+01
      vertex   6.261254e+01 1.606815e+01 -1.651294e+01
    endloop
  endfacet
  facet normal -1.354151e-02 9.909948e-01 -1.332141e-01
    outer loop
      vertex   6.238227e+01 1.600000e+01 -1.699649e+01
      vertex   6.261254e+01 1.606815e+01 -1.651294e+01
      vertex   6.318718e+01 1.600000e+01 -1.707831e+01
    endloop
  endfacet
  facet normal -1.084291e-02 9.913866e-01 -1.305185e-01
    outer loop
      vertex   6.318718e+01 1.600000e+01 -1.707831e+01
      vertex   6.261254e+01 1.606815e+01 -1.651294e+01
      vertex   6.318718e+01 1.606815e+01 -1.656068e+01
    endloop
  endfacet
  facet normal 1.084291e-02 9.913866e-01 -1.305185e-01
    outer loop
      vertex   6.318718e+01 1.600000e+01 -1.707831e+01
      vertex   6.318718e+01 1.606815e+01 -1.656068e+01
      vertex   6.376181e+01 1.606815e+01 -1.651294e+01
    endloop
  endfacet
  facet normal 3.177561e-02 9.234130e-01 -3.824902e-01
    outer loop
      vertex   6.376181e+01 1.606815e+01 -1.651294e+01
      vertex   6.318718e+01 1.606815e+01 -1.656068e+01
      vertex   6.318718e+01 1.626795e+01 -1.607831e+01
    endloop
  endfacet
  facet normal 3.177561e-02 9.234130e-01 -3.824902e-01
    outer loop
      vertex   6.376181e+01 1.606815e+01 -1.651294e+01
      vertex   6.318718e+01 1.626795e+01 -1.607831e+01
      vertex   6.368221e+01 1.626795e+01 -1.603719e+01
    endloop
  endfacet
  facet normal 5.050869e-02 7.923407e-01 -6.079844e-01
    outer loop
      vertex   6.368221e+01 1.626795e+01 -1.603719e+01
      vertex   6.318718e+01 1.626795e+01 -1.607831e+01
      vertex   6.318718e+01 1.658579e+01 -1.566410e+01
    endloop
  endfacet
  facet normal 5.050869e-02 7.923407e-01 -6.079844e-01
    outer loop
      vertex   6.368221e+01 1.626795e+01 -1.603719e+01
      vertex   6.318718e+01 1.658579e+01 -1.566410e+01
      vertex   6.361386e+01 1.658579e+01 -1.562865e+01
    endloop
  endfacet
  facet normal 6.576564e-02 6.074435e-01 -7.916358e-01
    outer loop
      vertex   6.361386e+01 1.658579e+01 -1.562865e+01
      vertex   6.318718e+01 1.658579e+01 -1.566410e+01
      vertex   6.318718e+01 1.700000e+01 -1.534626e+01
    endloop
  endfacet
  facet normal 6.576564e-02 6.074435e-01 -7.916358e-01
    outer loop
      vertex   6.361386e+01 1.658579e+01 -1.562865e+01
      vertex   6.318718e+01 1.700000e+01 -1.534626e+01
      vertex   6.356142e+01 1.700000e+01 -1.531517e+01
    endloop
  endfacet
  facet normal 7.652680e-02 3.815612e-01 -9.211703e-01
    outer loop
      vertex   6.356142e+01 1.700000e+01 -1.531517e+01
      vertex   6.318718e+01 1.700000e+01 -1.534626e+01
      vertex   6.318718e+01 1.748236e+01 -1.514646e+01
    endloop
  endfacet
  facet normal 7.652680e-02 3.815612e-01 -9.211703e-01
    outer loop
      vertex   6.356142e+01 1.700000e+01 -1.531517e+01
      vertex   6.318718e+01 1.748236e+01 -1.514646e+01
      vertex   6.352845e+01 1.748236e+01 -1.511811e+01
    endloop
  endfacet
  facet normal 8.208694e-02 1.300857e-01 -9.880989e-01
    outer loop
      vertex   6.352845e+01 1.748236e+01 -1.511811e+01
      vertex   6.318718e+01 1.748236e+01 -1.514646e+01
      vertex   6.318718e+01 1.800000e+01 -1.507831e+01
    endloop
  endfacet
  facet normal 1.282118e-01 1.597794e-01 -9.787912e-01
    outer loop
      vertex   6.352845e+01 1.748236e+01 -1.511811e+01
      vertex   6.318718e+01 1.800000e+01 -1.507831e+01
      vertex   6.370230e+01 1.800000e+01 -1.501084e+01
    endloop
  endfacet
  facet normal -9.094564e-01 1.619334e-01 -3.829707e-01
    outer loop
      vertex   6.125874e+01 1.800000e+01 -1.360852e+01
      vertex   6.146036e+01 1.800000e+01 -1.408733e+01
      vertex   6.129077e+01 1.748236e+01 -1.390346e+01
    endloop
  endfacet
  facet normal -8.744683e-01 1.195110e-01 -4.701301e-01
    outer loop
      vertex   6.129077e+01 1.748236e+01 -1.390346e+01
      vertex   6.146036e+01 1.800000e+01 -1.408733e+01
      vertex   6.145292e+01 1.748236e+01 -1.420508e+01
    endloop
  endfacet
  facet normal -8.141442e-01 3.815612e-01 -4.376988e-01
    outer loop
      vertex   6.129077e+01 1.748236e+01 -1.390346e+01
      vertex   6.145292e+01 1.748236e+01 -1.420508e+01
      vertex   6.128538e+01 1.700000e+01 -1.431393e+01
    endloop
  endfacet
  facet normal -7.307578e-01 3.815612e-01 -5.660425e-01
    outer loop
      vertex   6.128538e+01 1.700000e+01 -1.431393e+01
      vertex   6.145292e+01 1.748236e+01 -1.420508e+01
      vertex   6.151534e+01 1.700000e+01 -1.461082e+01
    endloop
  endfacet
  facet normal -6.279990e-01 6.074435e-01 -4.864459e-01
    outer loop
      vertex   6.128538e+01 1.700000e+01 -1.431393e+01
      vertex   6.151534e+01 1.700000e+01 -1.461082e+01
      vertex   6.128105e+01 1.658579e+01 -1.482559e+01
    endloop
  endfacet
  facet normal -5.391204e-01 6.074435e-01 -5.834051e-01
    outer loop
      vertex   6.128105e+01 1.658579e+01 -1.482559e+01
      vertex   6.151534e+01 1.700000e+01 -1.461082e+01
      vertex   6.159550e+01 1.658579e+01 -1.511617e+01
    endloop
  endfacet
  facet normal -4.140500e-01 7.923407e-01 -4.480611e-01
    outer loop
      vertex   6.128105e+01 1.658579e+01 -1.482559e+01
      vertex   6.159550e+01 1.658579e+01 -1.511617e+01
      vertex   6.134053e+01 1.626795e+01 -1.544261e+01
    endloop
  endfacet
  facet normal -3.344384e-01 7.923407e-01 -5.102423e-01
    outer loop
      vertex   6.134053e+01 1.626795e+01 -1.544261e+01
      vertex   6.159550e+01 1.658579e+01 -1.511617e+01
      vertex   6.175598e+01 1.626795e+01 -1.571492e+01
    endloop
  endfacet
  facet normal -2.103991e-01 9.234130e-01 -3.209994e-01
    outer loop
      vertex   6.134053e+01 1.626795e+01 -1.544261e+01
      vertex   6.175598e+01 1.626795e+01 -1.571492e+01
      vertex   6.152586e+01 1.606815e+01 -1.613885e+01
    endloop
  endfacet
  facet normal -1.545460e-01 9.234130e-01 -3.513175e-01
    outer loop
      vertex   6.152586e+01 1.606815e+01 -1.613885e+01
      vertex   6.175598e+01 1.626795e+01 -1.571492e+01
      vertex   6.205366e+01 1.606815e+01 -1.637103e+01
    endloop
  endfacet
  facet normal -7.817466e-01 1.489818e-01 -6.055383e-01
    outer loop
      vertex   6.146036e+01 1.800000e+01 -1.408733e+01
      vertex   6.177850e+01 1.800000e+01 -1.449804e+01
      vertex   6.145292e+01 1.748236e+01 -1.420508e+01
    endloop
  endfacet
  facet normal -7.817466e-01 1.489818e-01 -6.055383e-01
    outer loop
      vertex   6.145292e+01 1.748236e+01 -1.420508e+01
      vertex   6.177850e+01 1.800000e+01 -1.449804e+01
      vertex   6.166263e+01 1.748236e+01 -1.447581e+01
    endloop
  endfacet
  facet normal -7.307578e-01 3.815612e-01 -5.660425e-01
    outer loop
      vertex   6.145292e+01 1.748236e+01 -1.420508e+01
      vertex   6.166263e+01 1.748236e+01 -1.447581e+01
      vertex   6.151534e+01 1.700000e+01 -1.461082e+01
    endloop
  endfacet
  facet normal -6.273361e-01 3.815612e-01 -6.788670e-01
    outer loop
      vertex   6.151534e+01 1.700000e+01 -1.461082e+01
      vertex   6.166263e+01 1.748236e+01 -1.447581e+01
      vertex   6.179114e+01 1.700000e+01 -1.486568e+01
    endloop
  endfacet
  facet normal -5.391204e-01 6.074435e-01 -5.834051e-01
    outer loop
      vertex   6.151534e+01 1.700000e+01 -1.461082e+01
      vertex   6.179114e+01 1.700000e+01 -1.486568e+01
      vertex   6.159550e+01 1.658579e+01 -1.511617e+01
    endloop
  endfacet
  facet normal -4.354608e-01 6.074435e-01 -6.643691e-01
    outer loop
      vertex   6.159550e+01 1.658579e+01 -1.511617e+01
      vertex   6.179114e+01 1.700000e+01 -1.486568e+01
      vertex   6.195359e+01 1.658579e+01 -1.535088e+01
    endloop
  endfacet
  facet normal -3.344384e-01 7.923407e-01 -5.102423e-01
    outer loop
      vertex   6.159550e+01 1.658579e+01 -1.511617e+01
      vertex   6.195359e+01 1.658579e+01 -1.535088e+01
      vertex   6.175598e+01 1.626795e+01 -1.571492e+01
    endloop
  endfacet
  facet normal -2.456574e-01 7.923407e-01 -5.584341e-01
    outer loop
      vertex   6.175598e+01 1.626795e+01 -1.571492e+01
      vertex   6.195359e+01 1.658579e+01 -1.535088e+01
      vertex   6.221067e+01 1.626795e+01 -1.591494e+01
    endloop
  endfacet
  facet normal -1.545460e-01 9.234130e-01 -3.513175e-01
    outer loop
      vertex   6.175598e+01 1.626795e+01 -1.571492e+01
      vertex   6.221067e+01 1.626795e+01 -1.591494e+01
      vertex   6.205366e+01 1.606815e+01 -1.637103e+01
    endloop
  endfacet
  facet normal -9.445565e-02 9.234130e-01 -3.720034e-01
    outer loop
      vertex   6.205366e+01 1.606815e+01 -1.637103e+01
      vertex   6.221067e+01 1.626795e+01 -1.591494e+01
      vertex   6.261254e+01 1.606815e+01 -1.651294e+01
    endloop
  endfacet
  facet normal -6.738186e-01 1.195110e-01 -7.291677e-01
    outer loop
      vertex   6.166263e+01 1.748236e+01 -1.447581e+01
      vertex   6.177850e+01 1.800000e+01 -1.449804e+01
      vertex   6.191413e+01 1.748236e+01 -1.470822e+01
    endloop
  endfacet
  facet normal -5.981739e-01 1.619334e-01 -7.848347e-01
    outer loop
      vertex   6.191413e+01 1.748236e+01 -1.470822e+01
      vertex   6.177850e+01 1.800000e+01 -1.449804e+01
      vertex   6.219169e+01 1.800000e+01 -1.481296e+01
    endloop
  endfacet
  facet normal -5.439753e-01 1.237472e-01 -8.299262e-01
    outer loop
      vertex   6.191413e+01 1.748236e+01 -1.470822e+01
      vertex   6.219169e+01 1.800000e+01 -1.481296e+01
      vertex   6.220053e+01 1.748236e+01 -1.489594e+01
    endloop
  endfacet
  facet normal -3.771094e-01 1.403123e-01 -9.154785e-01
    outer loop
      vertex   6.220053e+01 1.748236e+01 -1.489594e+01
      vertex   6.219169e+01 1.800000e+01 -1.481296e+01
      vertex   6.267205e+01 1.800000e+01 -1.501084e+01
    endloop
  endfacet
  facet normal -3.973809e-01 1.614729e-01 -9.033354e-01
    outer loop
      vertex   6.220053e+01 1.748236e+01 -1.489594e+01
      vertex   6.267205e+01 1.800000e+01 -1.501084e+01
      vertex   6.251399e+01 1.748236e+01 -1.503383e+01
    endloop
  endfacet
  facet normal -2.443998e-01 1.173899e-01 -9.625426e-01
    outer loop
      vertex   6.251399e+01 1.748236e+01 -1.503383e+01
      vertex   6.267205e+01 1.800000e+01 -1.501084e+01
      vertex   6.284591e+01 1.748236e+01 -1.511811e+01
    endloop
  endfacet
  facet normal -2.274823e-01 3.815612e-01 -8.959145e-01
    outer loop
      vertex   6.251399e+01 1.748236e+01 -1.503383e+01
      vertex   6.284591e+01 1.748236e+01 -1.511811e+01
      vertex   6.281294e+01 1.700000e+01 -1.531517e+01
    endloop
  endfacet
  facet normal -7.652680e-02 3.815612e-01 -9.211703e-01
    outer loop
      vertex   6.281294e+01 1.700000e+01 -1.531517e+01
      vertex   6.284591e+01 1.748236e+01 -1.511811e+01
      vertex   6.318718e+01 1.700000e+01 -1.534626e+01
    endloop
  endfacet
  facet normal -6.576564e-02 6.074435e-01 -7.916358e-01
    outer loop
      vertex   6.281294e+01 1.700000e+01 -1.531517e+01
      vertex   6.318718e+01 1.700000e+01 -1.534626e+01
      vertex   6.318718e+01 1.658579e+01 -1.566410e+01
    endloop
  endfacet
  facet normal -1.282118e-01 1.597794e-01 -9.787912e-01
    outer loop
      vertex   6.267205e+01 1.800000e+01 -1.501084e+01
      vertex   6.318718e+01 1.800000e+01 -1.507831e+01
      vertex   6.284591e+01 1.748236e+01 -1.511811e+01
    endloop
  endfacet
  facet normal -8.208694e-02 1.300857e-01 -9.880989e-01
    outer loop
      vertex   6.284591e+01 1.748236e+01 -1.511811e+01
      vertex   6.318718e+01 1.800000e+01 -1.507831e+01
      vertex   6.318718e+01 1.748236e+01 -1.514646e+01
    endloop
  endfacet
  facet normal -7.652680e-02 3.815612e-01 -9.211703e-01
    outer loop
      vertex   6.284591e+01 1.748236e+01 -1.511811e+01
      vertex   6.318718e+01 1.748236e+01 -1.514646e+01
      vertex   6.318718e+01 1.700000e+01 -1.534626e+01
    endloop
  endfacet
  facet normal 2.443998e-01 1.173899e-01 -9.625426e-01
    outer loop
      vertex   6.352845e+01 1.748236e+01 -1.511811e+01
      vertex   6.370230e+01 1.800000e+01 -1.501084e+01
      vertex   6.386036e+01 1.748236e+01 -1.503383e+01
    endloop
  endfacet
  facet normal 3.762464e-01 1.554658e-01 -9.133833e-01
    outer loop
      vertex   6.386036e+01 1.748236e+01 -1.503383e+01
      vertex   6.370230e+01 1.800000e+01 -1.501084e+01
      vertex   6.418266e+01 1.800000e+01 -1.481296e+01
    endloop
  endfacet
  facet normal 3.987840e-01 1.385067e-01 -9.065248e-01
    outer loop
      vertex   6.386036e+01 1.748236e+01 -1.503383e+01
      vertex   6.418266e+01 1.800000e+01 -1.481296e+01
      vertex   6.417382e+01 1.748236e+01 -1.489594e+01
    endloop
  endfacet
  facet normal 5.439753e-01 1.237472e-01 -8.299262e-01
    outer loop
      vertex   6.417382e+01 1.748236e+01 -1.489594e+01
      vertex   6.418266e+01 1.800000e+01 -1.481296e+01
      vertex   6.446022e+01 1.748236e+01 -1.470822e+01
    endloop
  endfacet
  facet normal 5.067148e-01 3.815612e-01 -7.730790e-01
    outer loop
      vertex   6.417382e+01 1.748236e+01 -1.489594e+01
      vertex   6.446022e+01 1.748236e+01 -1.470822e+01
      vertex   6.458321e+01 1.700000e+01 -1.486568e+01
    endloop
  endfacet
  facet normal 6.273361e-01 3.815612e-01 -6.788670e-01
    outer loop
      vertex   6.458321e+01 1.700000e+01 -1.486568e+01
      vertex   6.446022e+01 1.748236e+01 -1.470822e+01
      vertex   6.485901e+01 1.700000e+01 -1.461082e+01
    endloop
  endfacet
  facet normal 5.391204e-01 6.074435e-01 -5.834051e-01
    outer loop
      vertex   6.458321e+01 1.700000e+01 -1.486568e+01
      vertex   6.485901e+01 1.700000e+01 -1.461082e+01
      vertex   6.509331e+01 1.658579e+01 -1.482559e+01
    endloop
  endfacet
  facet normal 6.279990e-01 6.074435e-01 -4.864459e-01
    outer loop
      vertex   6.509331e+01 1.658579e+01 -1.482559e+01
      vertex   6.485901e+01 1.700000e+01 -1.461082e+01
      vertex   6.535550e+01 1.658579e+01 -1.448710e+01
    endloop
  endfacet
  facet normal 4.823097e-01 7.923407e-01 -3.735955e-01
    outer loop
      vertex   6.509331e+01 1.658579e+01 -1.482559e+01
      vertex   6.535550e+01 1.658579e+01 -1.448710e+01
      vertex   6.570284e+01 1.626795e+01 -1.471277e+01
    endloop
  endfacet
  facet normal 5.373458e-01 7.923407e-01 -2.888869e-01
    outer loop
      vertex   6.570284e+01 1.626795e+01 -1.471277e+01
      vertex   6.535550e+01 1.658579e+01 -1.448710e+01
      vertex   6.593806e+01 1.626795e+01 -1.427525e+01
    endloop
  endfacet
  facet normal 3.380506e-01 9.234130e-01 -1.817422e-01
    outer loop
      vertex   6.570284e+01 1.626795e+01 -1.471277e+01
      vertex   6.593806e+01 1.626795e+01 -1.427525e+01
      vertex   6.638036e+01 1.606815e+01 -1.446770e+01
    endloop
  endfacet
  facet normal 3.634061e-01 9.234130e-01 -1.234682e-01
    outer loop
      vertex   6.638036e+01 1.606815e+01 -1.446770e+01
      vertex   6.593806e+01 1.626795e+01 -1.427525e+01
      vertex   6.656586e+01 1.606815e+01 -1.392174e+01
    endloop
  endfacet
  facet normal 1.211877e-01 9.917753e-01 -4.117384e-02
    outer loop
      vertex   6.638036e+01 1.606815e+01 -1.446770e+01
      vertex   6.656586e+01 1.606815e+01 -1.392174e+01
      vertex   6.693756e+01 1.600000e+01 -1.446922e+01
    endloop
  endfacet
  facet normal 1.314228e-01 9.907399e-01 -3.409599e-02
    outer loop
      vertex   6.693756e+01 1.600000e+01 -1.446922e+01
      vertex   6.656586e+01 1.606815e+01 -1.392174e+01
      vertex   6.714073e+01 1.600000e+01 -1.368610e+01
    endloop
  endfacet
  facet normal 1.260021e-01 9.918169e-01 -2.055997e-02
    outer loop
      vertex   6.714073e+01 1.600000e+01 -1.368610e+01
      vertex   6.656586e+01 1.606815e+01 -1.392174e+01
      vertex   6.665871e+01 1.606815e+01 -1.335265e+01
    endloop
  endfacet
  facet normal 1.352801e-01 9.907831e-01 -6.936807e-03
    outer loop
      vertex   6.714073e+01 1.600000e+01 -1.368610e+01
      vertex   6.665871e+01 1.606815e+01 -1.335265e+01
      vertex   6.718216e+01 1.600000e+01 -1.287811e+01
    endloop
  endfacet
  facet normal 1.286403e-01 9.916912e-01 5.176972e-04
    outer loop
      vertex   6.718216e+01 1.600000e+01 -1.287811e+01
      vertex   6.665871e+01 1.606815e+01 -1.335265e+01
      vertex   6.665639e+01 1.606815e+01 -1.277604e+01
    endloop
  endfacet
  facet normal 1.323694e-01 9.909948e-01 2.019201e-02
    outer loop
      vertex   6.718216e+01 1.600000e+01 -1.287811e+01
      vertex   6.665639e+01 1.606815e+01 -1.277604e+01
      vertex   6.706016e+01 1.600000e+01 -1.207831e+01
    endloop
  endfacet
  facet normal 1.290847e-01 9.913866e-01 2.213103e-02
    outer loop
      vertex   6.706016e+01 1.600000e+01 -1.207831e+01
      vertex   6.665639e+01 1.606815e+01 -1.277604e+01
      vertex   6.655896e+01 1.606815e+01 -1.220772e+01
    endloop
  endfacet
  facet normal 3.782884e-01 9.234130e-01 6.485594e-02
    outer loop
      vertex   6.655896e+01 1.606815e+01 -1.220772e+01
      vertex   6.665639e+01 1.606815e+01 -1.277604e+01
      vertex   6.617585e+01 1.626795e+01 -1.281791e+01
    endloop
  endfacet
  facet normal 3.782884e-01 9.234130e-01 6.485594e-02
    outer loop
      vertex   6.655896e+01 1.606815e+01 -1.220772e+01
      vertex   6.617585e+01 1.626795e+01 -1.281791e+01
      vertex   6.609191e+01 1.626795e+01 -1.232831e+01
    endloop
  endfacet
  facet normal 6.013056e-01 7.923407e-01 1.030913e-01
    outer loop
      vertex   6.609191e+01 1.626795e+01 -1.232831e+01
      vertex   6.617585e+01 1.626795e+01 -1.281791e+01
      vertex   6.576320e+01 1.658579e+01 -1.285387e+01
    endloop
  endfacet
  facet normal 6.013056e-01 7.923407e-01 1.030913e-01
    outer loop
      vertex   6.609191e+01 1.626795e+01 -1.232831e+01
      vertex   6.576320e+01 1.658579e+01 -1.285387e+01
      vertex   6.569085e+01 1.658579e+01 -1.243187e+01
    endloop
  endfacet
  facet normal 7.829395e-01 6.074435e-01 1.342316e-01
    outer loop
      vertex   6.569085e+01 1.658579e+01 -1.243187e+01
      vertex   6.576320e+01 1.658579e+01 -1.285387e+01
      vertex   6.544656e+01 1.700000e+01 -1.288146e+01
    endloop
  endfacet
  facet normal 7.829395e-01 6.074435e-01 1.342316e-01
    outer loop
      vertex   6.569085e+01 1.658579e+01 -1.243187e+01
      vertex   6.544656e+01 1.700000e+01 -1.288146e+01
      vertex   6.538311e+01 1.700000e+01 -1.251133e+01
    endloop
  endfacet
  facet normal 9.110510e-01 3.815612e-01 1.561958e-01
    outer loop
      vertex   6.538311e+01 1.700000e+01 -1.251133e+01
      vertex   6.544656e+01 1.700000e+01 -1.288146e+01
      vertex   6.524752e+01 1.748236e+01 -1.289880e+01
    endloop
  endfacet
  facet normal 9.110510e-01 3.815612e-01 1.561958e-01
    outer loop
      vertex   6.538311e+01 1.700000e+01 -1.251133e+01
      vertex   6.524752e+01 1.748236e+01 -1.289880e+01
      vertex   6.518965e+01 1.748236e+01 -1.256128e+01
    endloop
  endfacet
  facet normal 9.772444e-01 1.300857e-01 1.675444e-01
    outer loop
      vertex   6.518965e+01 1.748236e+01 -1.256128e+01
      vertex   6.524752e+01 1.748236e+01 -1.289880e+01
      vertex   6.512367e+01 1.800000e+01 -1.257831e+01
    endloop
  endfacet
  facet normal 9.797635e-01 1.597794e-01 1.205573e-01
    outer loop
      vertex   6.512367e+01 1.800000e+01 -1.257831e+01
      vertex   6.524752e+01 1.748236e+01 -1.289880e+01
      vertex   6.518711e+01 1.800000e+01 -1.309395e+01
    endloop
  endfacet
  facet normal 9.930779e-01 1.173899e-01 3.996522e-03
    outer loop
      vertex   6.518711e+01 1.800000e+01 -1.309395e+01
      vertex   6.524752e+01 1.748236e+01 -1.289880e+01
      vertex   6.524890e+01 1.748236e+01 -1.324124e+01
    endloop
  endfacet
  facet normal 9.739960e-01 1.614729e-01 -1.589286e-01
    outer loop
      vertex   6.518711e+01 1.800000e+01 -1.309395e+01
      vertex   6.524890e+01 1.748236e+01 -1.324124e+01
      vertex   6.519375e+01 1.748236e+01 -1.357922e+01
    endloop
  endfacet
  facet normal 9.122786e-01 3.815612e-01 -1.488580e-01
    outer loop
      vertex   6.519375e+01 1.748236e+01 -1.357922e+01
      vertex   6.524890e+01 1.748236e+01 -1.324124e+01
      vertex   6.544808e+01 1.700000e+01 -1.325698e+01
    endloop
  endfacet
  facet normal 9.122786e-01 3.815612e-01 -1.488580e-01
    outer loop
      vertex   6.519375e+01 1.748236e+01 -1.357922e+01
      vertex   6.544808e+01 1.700000e+01 -1.325698e+01
      vertex   6.538760e+01 1.700000e+01 -1.362761e+01
    endloop
  endfacet
  facet normal 7.839945e-01 6.074435e-01 -1.279257e-01
    outer loop
      vertex   6.538760e+01 1.700000e+01 -1.362761e+01
      vertex   6.544808e+01 1.700000e+01 -1.325698e+01
      vertex   6.576493e+01 1.658579e+01 -1.328202e+01
    endloop
  endfacet
  facet normal 7.839945e-01 6.074435e-01 -1.279257e-01
    outer loop
      vertex   6.538760e+01 1.700000e+01 -1.362761e+01
      vertex   6.576493e+01 1.658579e+01 -1.328202e+01
      vertex   6.569597e+01 1.658579e+01 -1.370459e+01
    endloop
  endfacet
  facet normal 6.021158e-01 7.923407e-01 -9.824825e-02
    outer loop
      vertex   6.569597e+01 1.658579e+01 -1.370459e+01
      vertex   6.576493e+01 1.658579e+01 -1.328202e+01
      vertex   6.617785e+01 1.626795e+01 -1.331465e+01
    endloop
  endfacet
  facet normal 6.021158e-01 7.923407e-01 -9.824825e-02
    outer loop
      vertex   6.569597e+01 1.658579e+01 -1.370459e+01
      vertex   6.617785e+01 1.626795e+01 -1.331465e+01
      vertex   6.609786e+01 1.626795e+01 -1.380491e+01
    endloop
  endfacet
  facet normal 3.787982e-01 9.234130e-01 -6.180914e-02
    outer loop
      vertex   6.609786e+01 1.626795e+01 -1.380491e+01
      vertex   6.617785e+01 1.626795e+01 -1.331465e+01
      vertex   6.665871e+01 1.606815e+01 -1.335265e+01
    endloop
  endfacet
  facet normal 3.787982e-01 9.234130e-01 -6.180914e-02
    outer loop
      vertex   6.609786e+01 1.626795e+01 -1.380491e+01
      vertex   6.665871e+01 1.606815e+01 -1.335265e+01
      vertex   6.656586e+01 1.606815e+01 -1.392174e+01
    endloop
  endfacet
  facet normal 5.981739e-01 1.619334e-01 -7.848347e-01
    outer loop
      vertex   6.418266e+01 1.800000e+01 -1.481296e+01
      vertex   6.459585e+01 1.800000e+01 -1.449804e+01
      vertex   6.446022e+01 1.748236e+01 -1.470822e+01
    endloop
  endfacet
  facet normal 6.738186e-01 1.195110e-01 -7.291677e-01
    outer loop
      vertex   6.446022e+01 1.748236e+01 -1.470822e+01
      vertex   6.459585e+01 1.800000e+01 -1.449804e+01
      vertex   6.471172e+01 1.748236e+01 -1.447581e+01
    endloop
  endfacet
  facet normal 6.273361e-01 3.815612e-01 -6.788670e-01
    outer loop
      vertex   6.446022e+01 1.748236e+01 -1.470822e+01
      vertex   6.471172e+01 1.748236e+01 -1.447581e+01
      vertex   6.485901e+01 1.700000e+01 -1.461082e+01
    endloop
  endfacet
  facet normal 7.307578e-01 3.815612e-01 -5.660425e-01
    outer loop
      vertex   6.485901e+01 1.700000e+01 -1.461082e+01
      vertex   6.471172e+01 1.748236e+01 -1.447581e+01
      vertex   6.508897e+01 1.700000e+01 -1.431393e+01
    endloop
  endfacet
  facet normal 6.279990e-01 6.074435e-01 -4.864459e-01
    outer loop
      vertex   6.485901e+01 1.700000e+01 -1.461082e+01
      vertex   6.508897e+01 1.700000e+01 -1.431393e+01
      vertex   6.535550e+01 1.658579e+01 -1.448710e+01
    endloop
  endfacet
  facet normal 6.996597e-01 6.074435e-01 -3.761498e-01
    outer loop
      vertex   6.535550e+01 1.658579e+01 -1.448710e+01
      vertex   6.508897e+01 1.700000e+01 -1.431393e+01
      vertex   6.555824e+01 1.658579e+01 -1.410999e+01
    endloop
  endfacet
  facet normal 5.373458e-01 7.923407e-01 -2.888869e-01
    outer loop
      vertex   6.535550e+01 1.658579e+01 -1.448710e+01
      vertex   6.555824e+01 1.658579e+01 -1.410999e+01
      vertex   6.593806e+01 1.626795e+01 -1.427525e+01
    endloop
  endfacet
  facet normal 5.776495e-01 7.923407e-01 -1.962580e-01
    outer loop
      vertex   6.593806e+01 1.626795e+01 -1.427525e+01
      vertex   6.555824e+01 1.658579e+01 -1.410999e+01
      vertex   6.609786e+01 1.626795e+01 -1.380491e+01
    endloop
  endfacet
  facet normal 3.634061e-01 9.234130e-01 -1.234682e-01
    outer loop
      vertex   6.593806e+01 1.626795e+01 -1.427525e+01
      vertex   6.609786e+01 1.626795e+01 -1.380491e+01
      vertex   6.656586e+01 1.606815e+01 -1.392174e+01
    endloop
  endfacet
  facet normal 7.817466e-01 1.489818e-01 -6.055383e-01
    outer loop
      vertex   6.459585e+01 1.800000e+01 -1.449804e+01
      vertex   6.491399e+01 1.800000e+01 -1.408733e+01
      vertex   6.471172e+01 1.748236e+01 -1.447581e+01
    endloop
  endfacet
  facet normal 7.817466e-01 1.489818e-01 -6.055383e-01
    outer loop
      vertex   6.471172e+01 1.748236e+01 -1.447581e+01
      vertex   6.491399e+01 1.800000e+01 -1.408733e+01
      vertex   6.492143e+01 1.748236e+01 -1.420508e+01
    endloop
  endfacet
  facet normal 7.307578e-01 3.815612e-01 -5.660425e-01
    outer loop
      vertex   6.471172e+01 1.748236e+01 -1.447581e+01
      vertex   6.492143e+01 1.748236e+01 -1.420508e+01
      vertex   6.508897e+01 1.700000e+01 -1.431393e+01
    endloop
  endfacet
  facet normal 8.141442e-01 3.815612e-01 -4.376988e-01
    outer loop
      vertex   6.508897e+01 1.700000e+01 -1.431393e+01
      vertex   6.492143e+01 1.748236e+01 -1.420508e+01
      vertex   6.526679e+01 1.700000e+01 -1.398318e+01
    endloop
  endfacet
  facet normal 6.996597e-01 6.074435e-01 -3.761498e-01
    outer loop
      vertex   6.508897e+01 1.700000e+01 -1.431393e+01
      vertex   6.526679e+01 1.700000e+01 -1.398318e+01
      vertex   6.555824e+01 1.658579e+01 -1.410999e+01
    endloop
  endfacet
  facet normal 7.521378e-01 6.074435e-01 -2.555409e-01
    outer loop
      vertex   6.555824e+01 1.658579e+01 -1.410999e+01
      vertex   6.526679e+01 1.700000e+01 -1.398318e+01
      vertex   6.569597e+01 1.658579e+01 -1.370459e+01
    endloop
  endfacet
  facet normal 5.776495e-01 7.923407e-01 -1.962580e-01
    outer loop
      vertex   6.555824e+01 1.658579e+01 -1.410999e+01
      vertex   6.569597e+01 1.658579e+01 -1.370459e+01
      vertex   6.609786e+01 1.626795e+01 -1.380491e+01
    endloop
  endfacet
  facet normal 8.744683e-01 1.195110e-01 -4.701301e-01
    outer loop
      vertex   6.492143e+01 1.748236e+01 -1.420508e+01
      vertex   6.491399e+01 1.800000e+01 -1.408733e+01
      vertex   6.508359e+01 1.748236e+01 -1.390346e+01
    endloop
  endfacet
  facet normal 9.094564e-01 1.619334e-01 -3.829707e-01
    outer loop
      vertex   6.508359e+01 1.748236e+01 -1.390346e+01
      vertex   6.491399e+01 1.800000e+01 -1.408733e+01
      vertex   6.511561e+01 1.800000e+01 -1.360852e+01
    endloop
  endfacet
  facet normal 9.395664e-01 1.237472e-01 -3.192203e-01
    outer loop
      vertex   6.508359e+01 1.748236e+01 -1.390346e+01
      vertex   6.511561e+01 1.800000e+01 -1.360852e+01
      vertex   6.519375e+01 1.748236e+01 -1.357922e+01
    endloop
  endfacet
  facet normal 9.806856e-01 1.403123e-01 -1.362650e-01
    outer loop
      vertex   6.519375e+01 1.748236e+01 -1.357922e+01
      vertex   6.511561e+01 1.800000e+01 -1.360852e+01
      vertex   6.518711e+01 1.800000e+01 -1.309395e+01
    endloop
  endfacet
  facet normal 1.210270e-01 9.908687e-01 -5.942842e-02
    outer loop
      vertex   6.693756e+01 1.600000e+01 -1.446922e+01
      vertex   6.658096e+01 1.600000e+01 -1.519544e+01
      vertex   6.638036e+01 1.606815e+01 -1.446770e+01
    endloop
  endfacet
  facet normal 1.141744e-01 9.915626e-01 -6.138226e-02
    outer loop
      vertex   6.638036e+01 1.606815e+01 -1.446770e+01
      vertex   6.658096e+01 1.600000e+01 -1.519544e+01
      vertex   6.610732e+01 1.606815e+01 -1.497557e+01
    endloop
  endfacet
  facet normal 3.380506e-01 9.234130e-01 -1.817422e-01
    outer loop
      vertex   6.638036e+01 1.606815e+01 -1.446770e+01
      vertex   6.610732e+01 1.606815e+01 -1.497557e+01
      vertex   6.570284e+01 1.626795e+01 -1.471277e+01
    endloop
  endfacet
  facet normal 3.034267e-01 9.234130e-01 -2.350333e-01
    outer loop
      vertex   6.570284e+01 1.626795e+01 -1.471277e+01
      vertex   6.610732e+01 1.606815e+01 -1.497557e+01
      vertex   6.539865e+01 1.626795e+01 -1.510548e+01
    endloop
  endfacet
  facet normal 4.823097e-01 7.923407e-01 -3.735955e-01
    outer loop
      vertex   6.570284e+01 1.626795e+01 -1.471277e+01
      vertex   6.539865e+01 1.626795e+01 -1.510548e+01
      vertex   6.509331e+01 1.658579e+01 -1.482559e+01
    endloop
  endfacet
  facet normal 4.140500e-01 7.923407e-01 -4.480611e-01
    outer loop
      vertex   6.509331e+01 1.658579e+01 -1.482559e+01
      vertex   6.539865e+01 1.626795e+01 -1.510548e+01
      vertex   6.477885e+01 1.658579e+01 -1.511617e+01
    endloop
  endfacet
  facet normal 5.391204e-01 6.074435e-01 -5.834051e-01
    outer loop
      vertex   6.509331e+01 1.658579e+01 -1.482559e+01
      vertex   6.477885e+01 1.658579e+01 -1.511617e+01
      vertex   6.458321e+01 1.700000e+01 -1.486568e+01
    endloop
  endfacet
  facet normal 4.354608e-01 6.074435e-01 -6.643691e-01
    outer loop
      vertex   6.458321e+01 1.700000e+01 -1.486568e+01
      vertex   6.477885e+01 1.658579e+01 -1.511617e+01
      vertex   6.426913e+01 1.700000e+01 -1.507154e+01
    endloop
  endfacet
  facet normal 5.067148e-01 3.815612e-01 -7.730790e-01
    outer loop
      vertex   6.458321e+01 1.700000e+01 -1.486568e+01
      vertex   6.426913e+01 1.700000e+01 -1.507154e+01
      vertex   6.417382e+01 1.748236e+01 -1.489594e+01
    endloop
  endfacet
  facet normal 3.722008e-01 3.815612e-01 -8.460955e-01
    outer loop
      vertex   6.417382e+01 1.748236e+01 -1.489594e+01
      vertex   6.426913e+01 1.700000e+01 -1.507154e+01
      vertex   6.386036e+01 1.748236e+01 -1.503383e+01
    endloop
  endfacet
  facet normal 1.048933e-01 9.911588e-01 -8.125001e-02
    outer loop
      vertex   6.658096e+01 1.600000e+01 -1.519544e+01
      vertex   6.608552e+01 1.600000e+01 -1.583505e+01
      vertex   6.610732e+01 1.606815e+01 -1.497557e+01
    endloop
  endfacet
  facet normal 1.048933e-01 9.911588e-01 -8.125001e-02
    outer loop
      vertex   6.610732e+01 1.606815e+01 -1.497557e+01
      vertex   6.608552e+01 1.600000e+01 -1.583505e+01
      vertex   6.575422e+01 1.606815e+01 -1.543142e+01
    endloop
  endfacet
  facet normal 3.034267e-01 9.234130e-01 -2.350333e-01
    outer loop
      vertex   6.610732e+01 1.606815e+01 -1.497557e+01
      vertex   6.575422e+01 1.606815e+01 -1.543142e+01
      vertex   6.539865e+01 1.626795e+01 -1.510548e+01
    endloop
  endfacet
  facet normal 2.604838e-01 9.234130e-01 -2.818805e-01
    outer loop
      vertex   6.539865e+01 1.626795e+01 -1.510548e+01
      vertex   6.575422e+01 1.606815e+01 -1.543142e+01
      vertex   6.503382e+01 1.626795e+01 -1.544261e+01
    endloop
  endfacet
  facet normal 4.140500e-01 7.923407e-01 -4.480611e-01
    outer loop
      vertex   6.539865e+01 1.626795e+01 -1.510548e+01
      vertex   6.503382e+01 1.626795e+01 -1.544261e+01
      vertex   6.477885e+01 1.658579e+01 -1.511617e+01
    endloop
  endfacet
  facet normal 3.344384e-01 7.923407e-01 -5.102423e-01
    outer loop
      vertex   6.477885e+01 1.658579e+01 -1.511617e+01
      vertex   6.503382e+01 1.626795e+01 -1.544261e+01
      vertex   6.442076e+01 1.658579e+01 -1.535088e+01
    endloop
  endfacet
  facet normal 4.354608e-01 6.074435e-01 -6.643691e-01
    outer loop
      vertex   6.477885e+01 1.658579e+01 -1.511617e+01
      vertex   6.442076e+01 1.658579e+01 -1.535088e+01
      vertex   6.426913e+01 1.700000e+01 -1.507154e+01
    endloop
  endfacet
  facet normal 3.198622e-01 6.074435e-01 -7.271180e-01
    outer loop
      vertex   6.426913e+01 1.700000e+01 -1.507154e+01
      vertex   6.442076e+01 1.658579e+01 -1.535088e+01
      vertex   6.392539e+01 1.700000e+01 -1.522275e+01
    endloop
  endfacet
  facet normal 3.722008e-01 3.815612e-01 -8.460955e-01
    outer loop
      vertex   6.426913e+01 1.700000e+01 -1.507154e+01
      vertex   6.392539e+01 1.700000e+01 -1.522275e+01
      vertex   6.386036e+01 1.748236e+01 -1.503383e+01
    endloop
  endfacet
  facet normal 2.274823e-01 3.815612e-01 -8.959145e-01
    outer loop
      vertex   6.386036e+01 1.748236e+01 -1.503383e+01
      vertex   6.392539e+01 1.700000e+01 -1.522275e+01
      vertex   6.352845e+01 1.748236e+01 -1.511811e+01
    endloop
  endfacet
  facet normal 8.797673e-02 9.915626e-01 -9.520335e-02
    outer loop
      vertex   6.575422e+01 1.606815e+01 -1.543142e+01
      vertex   6.608552e+01 1.600000e+01 -1.583505e+01
      vertex   6.533074e+01 1.606815e+01 -1.582276e+01
    endloop
  endfacet
  facet normal 8.779807e-02 9.908687e-01 -1.023268e-01
    outer loop
      vertex   6.533074e+01 1.606815e+01 -1.582276e+01
      vertex   6.608552e+01 1.600000e+01 -1.583505e+01
      vertex   6.547151e+01 1.600000e+01 -1.636188e+01
    endloop
  endfacet
  facet normal 7.016332e-02 9.917753e-01 -1.070460e-01
    outer loop
      vertex   6.533074e+01 1.606815e+01 -1.582276e+01
      vertex   6.547151e+01 1.600000e+01 -1.636188e+01
      vertex   6.484849e+01 1.606815e+01 -1.613885e+01
    endloop
  endfacet
  facet normal 6.586900e-02 9.907399e-01 -1.187256e-01
    outer loop
      vertex   6.484849e+01 1.606815e+01 -1.613885e+01
      vertex   6.547151e+01 1.600000e+01 -1.636188e+01
      vertex   6.476405e+01 1.600000e+01 -1.675438e+01
    endloop
  endfacet
  facet normal 5.140763e-02 9.918169e-01 -1.168610e-01
    outer loop
      vertex   6.484849e+01 1.606815e+01 -1.613885e+01
      vertex   6.476405e+01 1.600000e+01 -1.675438e+01
      vertex   6.432069e+01 1.606815e+01 -1.637103e+01
    endloop
  endfacet
  facet normal 4.053655e-02 9.907831e-01 -1.292502e-01
    outer loop
      vertex   6.432069e+01 1.606815e+01 -1.637103e+01
      vertex   6.476405e+01 1.600000e+01 -1.675438e+01
      vertex   6.399208e+01 1.600000e+01 -1.699649e+01
    endloop
  endfacet
  facet normal 3.165881e-02 9.916912e-01 -1.246848e-01
    outer loop
      vertex   6.432069e+01 1.606815e+01 -1.637103e+01
      vertex   6.399208e+01 1.600000e+01 -1.699649e+01
      vertex   6.376181e+01 1.606815e+01 -1.651294e+01
    endloop
  endfacet
  facet normal 1.354151e-02 9.909948e-01 -1.332141e-01
    outer loop
      vertex   6.376181e+01 1.606815e+01 -1.651294e+01
      vertex   6.399208e+01 1.600000e+01 -1.699649e+01
      vertex   6.318718e+01 1.600000e+01 -1.707831e+01
    endloop
  endfacet
  facet normal -8.779807e-02 9.908687e-01 -1.023268e-01
    outer loop
      vertex   6.090284e+01 1.600000e+01 -1.636188e+01
      vertex   6.028883e+01 1.600000e+01 -1.583505e+01
      vertex   6.104361e+01 1.606815e+01 -1.582276e+01
    endloop
  endfacet
  facet normal -8.797673e-02 9.915626e-01 -9.520335e-02
    outer loop
      vertex   6.104361e+01 1.606815e+01 -1.582276e+01
      vertex   6.028883e+01 1.600000e+01 -1.583505e+01
      vertex   6.062013e+01 1.606815e+01 -1.543142e+01
    endloop
  endfacet
  facet normal -2.604838e-01 9.234130e-01 -2.818805e-01
    outer loop
      vertex   6.104361e+01 1.606815e+01 -1.582276e+01
      vertex   6.062013e+01 1.606815e+01 -1.543142e+01
      vertex   6.097570e+01 1.626795e+01 -1.510548e+01
    endloop
  endfacet
  facet normal -3.034267e-01 9.234130e-01 -2.350333e-01
    outer loop
      vertex   6.097570e+01 1.626795e+01 -1.510548e+01
      vertex   6.062013e+01 1.606815e+01 -1.543142e+01
      vertex   6.067151e+01 1.626795e+01 -1.471277e+01
    endloop
  endfacet
  facet normal -4.823097e-01 7.923407e-01 -3.735955e-01
    outer loop
      vertex   6.097570e+01 1.626795e+01 -1.510548e+01
      vertex   6.067151e+01 1.626795e+01 -1.471277e+01
      vertex   6.101885e+01 1.658579e+01 -1.448710e+01
    endloop
  endfacet
  facet normal -5.373458e-01 7.923407e-01 -2.888869e-01
    outer loop
      vertex   6.101885e+01 1.658579e+01 -1.448710e+01
      vertex   6.067151e+01 1.626795e+01 -1.471277e+01
      vertex   6.081611e+01 1.658579e+01 -1.410999e+01
    endloop
  endfacet
  facet normal -6.996597e-01 6.074435e-01 -3.761498e-01
    outer loop
      vertex   6.101885e+01 1.658579e+01 -1.448710e+01
      vertex   6.081611e+01 1.658579e+01 -1.410999e+01
      vertex   6.110756e+01 1.700000e+01 -1.398318e+01
    endloop
  endfacet
  facet normal -7.521378e-01 6.074435e-01 -2.555409e-01
    outer loop
      vertex   6.110756e+01 1.700000e+01 -1.398318e+01
      vertex   6.081611e+01 1.658579e+01 -1.410999e+01
      vertex   6.098675e+01 1.700000e+01 -1.362761e+01
    endloop
  endfacet
  facet normal -8.752092e-01 3.815612e-01 -2.973547e-01
    outer loop
      vertex   6.110756e+01 1.700000e+01 -1.398318e+01
      vertex   6.098675e+01 1.700000e+01 -1.362761e+01
      vertex   6.118060e+01 1.748236e+01 -1.357922e+01
    endloop
  endfacet
  facet normal -9.122786e-01 3.815612e-01 -1.488580e-01
    outer loop
      vertex   6.118060e+01 1.748236e+01 -1.357922e+01
      vertex   6.098675e+01 1.700000e+01 -1.362761e+01
      vertex   6.112545e+01 1.748236e+01 -1.324124e+01
    endloop
  endfacet
  facet normal -1.048933e-01 9.911588e-01 -8.125001e-02
    outer loop
      vertex   6.028883e+01 1.600000e+01 -1.583505e+01
      vertex   5.979339e+01 1.600000e+01 -1.519544e+01
      vertex   6.062013e+01 1.606815e+01 -1.543142e+01
    endloop
  endfacet
  facet normal -1.048933e-01 9.911588e-01 -8.125001e-02
    outer loop
      vertex   6.062013e+01 1.606815e+01 -1.543142e+01
      vertex   5.979339e+01 1.600000e+01 -1.519544e+01
      vertex   6.026703e+01 1.606815e+01 -1.497557e+01
    endloop
  endfacet
  facet normal -3.034267e-01 9.234130e-01 -2.350333e-01
    outer loop
      vertex   6.062013e+01 1.606815e+01 -1.543142e+01
      vertex   6.026703e+01 1.606815e+01 -1.497557e+01
      vertex   6.067151e+01 1.626795e+01 -1.471277e+01
    endloop
  endfacet
  facet normal -3.380506e-01 9.234130e-01 -1.817422e-01
    outer loop
      vertex   6.067151e+01 1.626795e+01 -1.471277e+01
      vertex   6.026703e+01 1.606815e+01 -1.497557e+01
      vertex   6.043629e+01 1.626795e+01 -1.427525e+01
    endloop
  endfacet
  facet normal -5.373458e-01 7.923407e-01 -2.888869e-01
    outer loop
      vertex   6.067151e+01 1.626795e+01 -1.471277e+01
      vertex   6.043629e+01 1.626795e+01 -1.427525e+01
      vertex   6.081611e+01 1.658579e+01 -1.410999e+01
    endloop
  endfacet
  facet normal -5.776495e-01 7.923407e-01 -1.962580e-01
    outer loop
      vertex   6.081611e+01 1.658579e+01 -1.410999e+01
      vertex   6.043629e+01 1.626795e+01 -1.427525e+01
      vertex   6.067838e+01 1.658579e+01 -1.370459e+01
    endloop
  endfacet
  facet normal -7.521378e-01 6.074435e-01 -2.555409e-01
    outer loop
      vertex   6.081611e+01 1.658579e+01 -1.410999e+01
      vertex   6.067838e+01 1.658579e+01 -1.370459e+01
      vertex   6.098675e+01 1.700000e+01 -1.362761e+01
    endloop
  endfacet
  facet normal -7.839945e-01 6.074435e-01 -1.279257e-01
    outer loop
      vertex   6.098675e+01 1.700000e+01 -1.362761e+01
      vertex   6.067838e+01 1.658579e+01 -1.370459e+01
      vertex   6.092627e+01 1.700000e+01 -1.325698e+01
    endloop
  endfacet
  facet normal -9.122786e-01 3.815612e-01 -1.488580e-01
    outer loop
      vertex   6.098675e+01 1.700000e+01 -1.362761e+01
      vertex   6.092627e+01 1.700000e+01 -1.325698e+01
      vertex   6.112545e+01 1.748236e+01 -1.324124e+01
    endloop
  endfacet
  facet normal -9.243361e-01 3.815612e-01 3.719879e-03
    outer loop
      vertex   6.112545e+01 1.748236e+01 -1.324124e+01
      vertex   6.092627e+01 1.700000e+01 -1.325698e+01
      vertex   6.112683e+01 1.748236e+01 -1.289880e+01
    endloop
  endfacet
  facet normal -1.141744e-01 9.915626e-01 -6.138226e-02
    outer loop
      vertex   6.026703e+01 1.606815e+01 -1.497557e+01
      vertex   5.979339e+01 1.600000e+01 -1.519544e+01
      vertex   5.999399e+01 1.606815e+01 -1.446770e+01
    endloop
  endfacet
  facet normal -1.210270e-01 9.908687e-01 -5.942842e-02
    outer loop
      vertex   5.999399e+01 1.606815e+01 -1.446770e+01
      vertex   5.979339e+01 1.600000e+01 -1.519544e+01
      vertex   5.943679e+01 1.600000e+01 -1.446922e+01
    endloop
  endfacet
  facet normal -1.211877e-01 9.917753e-01 -4.117384e-02
    outer loop
      vertex   5.999399e+01 1.606815e+01 -1.446770e+01
      vertex   5.943679e+01 1.600000e+01 -1.446922e+01
      vertex   5.980849e+01 1.606815e+01 -1.392174e+01
    endloop
  endfacet
  facet normal -1.314228e-01 9.907399e-01 -3.409599e-02
    outer loop
      vertex   5.980849e+01 1.606815e+01 -1.392174e+01
      vertex   5.943679e+01 1.600000e+01 -1.446922e+01
      vertex   5.923362e+01 1.600000e+01 -1.368610e+01
    endloop
  endfacet
  facet normal -1.260021e-01 9.918169e-01 -2.055997e-02
    outer loop
      vertex   5.980849e+01 1.606815e+01 -1.392174e+01
      vertex   5.923362e+01 1.600000e+01 -1.368610e+01
      vertex   5.971564e+01 1.606815e+01 -1.335265e+01
    endloop
  endfacet
  facet normal -1.352801e-01 9.907831e-01 -6.936807e-03
    outer loop
      vertex   5.971564e+01 1.606815e+01 -1.335265e+01
      vertex   5.923362e+01 1.600000e+01 -1.368610e+01
      vertex   5.919219e+01 1.600000e+01 -1.287811e+01
    endloop
  endfacet
  facet normal -1.286403e-01 9.916912e-01 5.176972e-04
    outer loop
      vertex   5.971564e+01 1.606815e+01 -1.335265e+01
      vertex   5.919219e+01 1.600000e+01 -1.287811e+01
      vertex   5.971796e+01 1.606815e+01 -1.277604e+01
    endloop
  endfacet
  facet normal -9.243361e-01 3.815612e-01 3.719879e-03
    outer loop
      vertex   6.112683e+01 1.748236e+01 -1.289880e+01
      vertex   6.092627e+01 1.700000e+01 -1.325698e+01
      vertex   6.092779e+01 1.700000e+01 -1.288146e+01
    endloop
  endfacet
  facet normal -7.943564e-01 6.074435e-01 3.196792e-03
    outer loop
      vertex   6.092779e+01 1.700000e+01 -1.288146e+01
      vertex   6.092627e+01 1.700000e+01 -1.325698e+01
      vertex   6.060943e+01 1.658579e+01 -1.328202e+01
    endloop
  endfacet
  facet normal -7.943564e-01 6.074435e-01 3.196792e-03
    outer loop
      vertex   6.092779e+01 1.700000e+01 -1.288146e+01
      vertex   6.060943e+01 1.658579e+01 -1.328202e+01
      vertex   6.061115e+01 1.658579e+01 -1.285387e+01
    endloop
  endfacet
  facet normal -6.100739e-01 7.923407e-01 2.455169e-03
    outer loop
      vertex   6.061115e+01 1.658579e+01 -1.285387e+01
      vertex   6.060943e+01 1.658579e+01 -1.328202e+01
      vertex   6.019650e+01 1.626795e+01 -1.331465e+01
    endloop
  endfacet
  facet normal -6.100739e-01 7.923407e-01 2.455169e-03
    outer loop
      vertex   6.061115e+01 1.658579e+01 -1.285387e+01
      vertex   6.019650e+01 1.626795e+01 -1.331465e+01
      vertex   6.019850e+01 1.626795e+01 -1.281791e+01
    endloop
  endfacet
  facet normal -3.838047e-01 9.234130e-01 1.544576e-03
    outer loop
      vertex   6.019850e+01 1.626795e+01 -1.281791e+01
      vertex   6.019650e+01 1.626795e+01 -1.331465e+01
      vertex   5.971564e+01 1.606815e+01 -1.335265e+01
    endloop
  endfacet
  facet normal -3.838047e-01 9.234130e-01 1.544576e-03
    outer loop
      vertex   6.019850e+01 1.626795e+01 -1.281791e+01
      vertex   5.971564e+01 1.606815e+01 -1.335265e+01
      vertex   5.971796e+01 1.606815e+01 -1.277604e+01
    endloop
  endfacet
  facet normal -7.839945e-01 6.074435e-01 -1.279257e-01
    outer loop
      vertex   6.092627e+01 1.700000e+01 -1.325698e+01
      vertex   6.067838e+01 1.658579e+01 -1.370459e+01
      vertex   6.060943e+01 1.658579e+01 -1.328202e+01
    endloop
  endfacet
  facet normal -6.021158e-01 7.923407e-01 -9.824825e-02
    outer loop
      vertex   6.060943e+01 1.658579e+01 -1.328202e+01
      vertex   6.067838e+01 1.658579e+01 -1.370459e+01
      vertex   6.027650e+01 1.626795e+01 -1.380491e+01
    endloop
  endfacet
  facet normal -6.021158e-01 7.923407e-01 -9.824825e-02
    outer loop
      vertex   6.060943e+01 1.658579e+01 -1.328202e+01
      vertex   6.027650e+01 1.626795e+01 -1.380491e+01
      vertex   6.019650e+01 1.626795e+01 -1.331465e+01
    endloop
  endfacet
  facet normal -3.787982e-01 9.234130e-01 -6.180914e-02
    outer loop
      vertex   6.019650e+01 1.626795e+01 -1.331465e+01
      vertex   6.027650e+01 1.626795e+01 -1.380491e+01
      vertex   5.980849e+01 1.606815e+01 -1.392174e+01
    endloop
  endfacet
  facet normal -3.787982e-01 9.234130e-01 -6.180914e-02
    outer loop
      vertex   6.019650e+01 1.626795e+01 -1.331465e+01
      vertex   5.980849e+01 1.606815e+01 -1.392174e+01
      vertex   5.971564e+01 1.606815e+01 -1.335265e+01
    endloop
  endfacet
  facet normal -5.776495e-01 7.923407e-01 -1.962580e-01
    outer loop
      vertex   6.027650e+01 1.626795e+01 -1.380491e+01
      vertex   6.067838e+01 1.658579e+01 -1.370459e+01
      vertex   6.043629e+01 1.626795e+01 -1.427525e+01
    endloop
  endfacet
  facet normal -3.634061e-01 9.234130e-01 -1.234682e-01
    outer loop
      vertex   5.980849e+01 1.606815e+01 -1.392174e+01
      vertex   6.027650e+01 1.626795e+01 -1.380491e+01
      vertex   5.999399e+01 1.606815e+01 -1.446770e+01
    endloop
  endfacet
  facet normal -3.634061e-01 9.234130e-01 -1.234682e-01
    outer loop
      vertex   5.999399e+01 1.606815e+01 -1.446770e+01
      vertex   6.027650e+01 1.626795e+01 -1.380491e+01
      vertex   6.043629e+01 1.626795e+01 -1.427525e+01
    endloop
  endfacet
  facet normal -3.380506e-01 9.234130e-01 -1.817422e-01
    outer loop
      vertex   5.999399e+01 1.606815e+01 -1.446770e+01
      vertex   6.043629e+01 1.626795e+01 -1.427525e+01
      vertex   6.026703e+01 1.606815e+01 -1.497557e+01
    endloop
  endfacet
  facet normal -6.273361e-01 3.815612e-01 -6.788670e-01
    outer loop
      vertex   6.166263e+01 1.748236e+01 -1.447581e+01
      vertex   6.191413e+01 1.748236e+01 -1.470822e+01
      vertex   6.179114e+01 1.700000e+01 -1.486568e+01
    endloop
  endfacet
  facet normal -5.067148e-01 3.815612e-01 -7.730790e-01
    outer loop
      vertex   6.179114e+01 1.700000e+01 -1.486568e+01
      vertex   6.191413e+01 1.748236e+01 -1.470822e+01
      vertex   6.210522e+01 1.700000e+01 -1.507154e+01
    endloop
  endfacet
  facet normal -4.354608e-01 6.074435e-01 -6.643691e-01
    outer loop
      vertex   6.179114e+01 1.700000e+01 -1.486568e+01
      vertex   6.210522e+01 1.700000e+01 -1.507154e+01
      vertex   6.195359e+01 1.658579e+01 -1.535088e+01
    endloop
  endfacet
  facet normal -3.198622e-01 6.074435e-01 -7.271180e-01
    outer loop
      vertex   6.195359e+01 1.658579e+01 -1.535088e+01
      vertex   6.210522e+01 1.700000e+01 -1.507154e+01
      vertex   6.234550e+01 1.658579e+01 -1.552328e+01
    endloop
  endfacet
  facet normal -2.456574e-01 7.923407e-01 -5.584341e-01
    outer loop
      vertex   6.195359e+01 1.658579e+01 -1.535088e+01
      vertex   6.234550e+01 1.658579e+01 -1.552328e+01
      vertex   6.221067e+01 1.626795e+01 -1.591494e+01
    endloop
  endfacet
  facet normal -1.501413e-01 7.923407e-01 -5.913153e-01
    outer loop
      vertex   6.221067e+01 1.626795e+01 -1.591494e+01
      vertex   6.234550e+01 1.658579e+01 -1.552328e+01
      vertex   6.269214e+01 1.626795e+01 -1.603719e+01
    endloop
  endfacet
  facet normal -9.445565e-02 9.234130e-01 -3.720034e-01
    outer loop
      vertex   6.221067e+01 1.626795e+01 -1.591494e+01
      vertex   6.269214e+01 1.626795e+01 -1.603719e+01
      vertex   6.261254e+01 1.606815e+01 -1.651294e+01
    endloop
  endfacet
  facet normal -3.177561e-02 9.234130e-01 -3.824902e-01
    outer loop
      vertex   6.261254e+01 1.606815e+01 -1.651294e+01
      vertex   6.269214e+01 1.626795e+01 -1.603719e+01
      vertex   6.318718e+01 1.606815e+01 -1.656068e+01
    endloop
  endfacet
  facet normal -5.067148e-01 3.815612e-01 -7.730790e-01
    outer loop
      vertex   6.191413e+01 1.748236e+01 -1.470822e+01
      vertex   6.220053e+01 1.748236e+01 -1.489594e+01
      vertex   6.210522e+01 1.700000e+01 -1.507154e+01
    endloop
  endfacet
  facet normal -3.722008e-01 3.815612e-01 -8.460955e-01
    outer loop
      vertex   6.210522e+01 1.700000e+01 -1.507154e+01
      vertex   6.220053e+01 1.748236e+01 -1.489594e+01
      vertex   6.244896e+01 1.700000e+01 -1.522275e+01
    endloop
  endfacet
  facet normal -3.198622e-01 6.074435e-01 -7.271180e-01
    outer loop
      vertex   6.210522e+01 1.700000e+01 -1.507154e+01
      vertex   6.244896e+01 1.700000e+01 -1.522275e+01
      vertex   6.234550e+01 1.658579e+01 -1.552328e+01
    endloop
  endfacet
  facet normal -1.954938e-01 6.074435e-01 -7.699315e-01
    outer loop
      vertex   6.234550e+01 1.658579e+01 -1.552328e+01
      vertex   6.244896e+01 1.700000e+01 -1.522275e+01
      vertex   6.276049e+01 1.658579e+01 -1.562865e+01
    endloop
  endfacet
  facet normal -1.501413e-01 7.923407e-01 -5.913153e-01
    outer loop
      vertex   6.234550e+01 1.658579e+01 -1.552328e+01
      vertex   6.276049e+01 1.658579e+01 -1.562865e+01
      vertex   6.269214e+01 1.626795e+01 -1.603719e+01
    endloop
  endfacet
  facet normal -5.050869e-02 7.923407e-01 -6.079844e-01
    outer loop
      vertex   6.269214e+01 1.626795e+01 -1.603719e+01
      vertex   6.276049e+01 1.658579e+01 -1.562865e+01
      vertex   6.318718e+01 1.626795e+01 -1.607831e+01
    endloop
  endfacet
  facet normal -3.177561e-02 9.234130e-01 -3.824902e-01
    outer loop
      vertex   6.269214e+01 1.626795e+01 -1.603719e+01
      vertex   6.318718e+01 1.626795e+01 -1.607831e+01
      vertex   6.318718e+01 1.606815e+01 -1.656068e+01
    endloop
  endfacet
  facet normal -2.274823e-01 3.815612e-01 -8.959145e-01
    outer loop
      vertex   6.251399e+01 1.748236e+01 -1.503383e+01
      vertex   6.281294e+01 1.700000e+01 -1.531517e+01
      vertex   6.244896e+01 1.700000e+01 -1.522275e+01
    endloop
  endfacet
  facet normal -1.954938e-01 6.074435e-01 -7.699315e-01
    outer loop
      vertex   6.244896e+01 1.700000e+01 -1.522275e+01
      vertex   6.281294e+01 1.700000e+01 -1.531517e+01
      vertex   6.276049e+01 1.658579e+01 -1.562865e+01
    endloop
  endfacet
  facet normal -5.050869e-02 7.923407e-01 -6.079844e-01
    outer loop
      vertex   6.318718e+01 1.626795e+01 -1.607831e+01
      vertex   6.276049e+01 1.658579e+01 -1.562865e+01
      vertex   6.318718e+01 1.658579e+01 -1.566410e+01
    endloop
  endfacet
  facet normal -6.576564e-02 6.074435e-01 -7.916358e-01
    outer loop
      vertex   6.318718e+01 1.658579e+01 -1.566410e+01
      vertex   6.276049e+01 1.658579e+01 -1.562865e+01
      vertex   6.281294e+01 1.700000e+01 -1.531517e+01
    endloop
  endfacet
  facet normal -3.722008e-01 3.815612e-01 -8.460955e-01
    outer loop
      vertex   6.220053e+01 1.748236e+01 -1.489594e+01
      vertex   6.251399e+01 1.748236e+01 -1.503383e+01
      vertex   6.244896e+01 1.700000e+01 -1.522275e+01
    endloop
  endfacet
  facet normal 2.274823e-01 3.815612e-01 -8.959145e-01
    outer loop
      vertex   6.352845e+01 1.748236e+01 -1.511811e+01
      vertex   6.392539e+01 1.700000e+01 -1.522275e+01
      vertex   6.356142e+01 1.700000e+01 -1.531517e+01
    endloop
  endfacet
  facet normal 1.954938e-01 6.074435e-01 -7.699315e-01
    outer loop
      vertex   6.356142e+01 1.700000e+01 -1.531517e+01
      vertex   6.392539e+01 1.700000e+01 -1.522275e+01
      vertex   6.402885e+01 1.658579e+01 -1.552328e+01
    endloop
  endfacet
  facet normal 1.954938e-01 6.074435e-01 -7.699315e-01
    outer loop
      vertex   6.356142e+01 1.700000e+01 -1.531517e+01
      vertex   6.402885e+01 1.658579e+01 -1.552328e+01
      vertex   6.361386e+01 1.658579e+01 -1.562865e+01
    endloop
  endfacet
  facet normal 1.501413e-01 7.923407e-01 -5.913153e-01
    outer loop
      vertex   6.361386e+01 1.658579e+01 -1.562865e+01
      vertex   6.402885e+01 1.658579e+01 -1.552328e+01
      vertex   6.416368e+01 1.626795e+01 -1.591494e+01
    endloop
  endfacet
  facet normal 1.501413e-01 7.923407e-01 -5.913153e-01
    outer loop
      vertex   6.361386e+01 1.658579e+01 -1.562865e+01
      vertex   6.416368e+01 1.626795e+01 -1.591494e+01
      vertex   6.368221e+01 1.626795e+01 -1.603719e+01
    endloop
  endfacet
  facet normal 9.445565e-02 9.234130e-01 -3.720034e-01
    outer loop
      vertex   6.368221e+01 1.626795e+01 -1.603719e+01
      vertex   6.416368e+01 1.626795e+01 -1.591494e+01
      vertex   6.432069e+01 1.606815e+01 -1.637103e+01
    endloop
  endfacet
  facet normal 9.445565e-02 9.234130e-01 -3.720034e-01
    outer loop
      vertex   6.368221e+01 1.626795e+01 -1.603719e+01
      vertex   6.432069e+01 1.606815e+01 -1.637103e+01
      vertex   6.376181e+01 1.606815e+01 -1.651294e+01
    endloop
  endfacet
  facet normal 3.198622e-01 6.074435e-01 -7.271180e-01
    outer loop
      vertex   6.392539e+01 1.700000e+01 -1.522275e+01
      vertex   6.442076e+01 1.658579e+01 -1.535088e+01
      vertex   6.402885e+01 1.658579e+01 -1.552328e+01
    endloop
  endfacet
  facet normal 2.456574e-01 7.923407e-01 -5.584341e-01
    outer loop
      vertex   6.402885e+01 1.658579e+01 -1.552328e+01
      vertex   6.442076e+01 1.658579e+01 -1.535088e+01
      vertex   6.461837e+01 1.626795e+01 -1.571492e+01
    endloop
  endfacet
  facet normal 2.456574e-01 7.923407e-01 -5.584341e-01
    outer loop
      vertex   6.402885e+01 1.658579e+01 -1.552328e+01
      vertex   6.461837e+01 1.626795e+01 -1.571492e+01
      vertex   6.416368e+01 1.626795e+01 -1.591494e+01
    endloop
  endfacet
  facet normal 1.545460e-01 9.234130e-01 -3.513175e-01
    outer loop
      vertex   6.416368e+01 1.626795e+01 -1.591494e+01
      vertex   6.461837e+01 1.626795e+01 -1.571492e+01
      vertex   6.484849e+01 1.606815e+01 -1.613885e+01
    endloop
  endfacet
  facet normal 1.545460e-01 9.234130e-01 -3.513175e-01
    outer loop
      vertex   6.416368e+01 1.626795e+01 -1.591494e+01
      vertex   6.484849e+01 1.606815e+01 -1.613885e+01
      vertex   6.432069e+01 1.606815e+01 -1.637103e+01
    endloop
  endfacet
  facet normal 3.344384e-01 7.923407e-01 -5.102423e-01
    outer loop
      vertex   6.461837e+01 1.626795e+01 -1.571492e+01
      vertex   6.442076e+01 1.658579e+01 -1.535088e+01
      vertex   6.503382e+01 1.626795e+01 -1.544261e+01
    endloop
  endfacet
  facet normal 2.103991e-01 9.234130e-01 -3.209994e-01
    outer loop
      vertex   6.484849e+01 1.606815e+01 -1.613885e+01
      vertex   6.461837e+01 1.626795e+01 -1.571492e+01
      vertex   6.533074e+01 1.606815e+01 -1.582276e+01
    endloop
  endfacet
  facet normal 2.103991e-01 9.234130e-01 -3.209994e-01
    outer loop
      vertex   6.533074e+01 1.606815e+01 -1.582276e+01
      vertex   6.461837e+01 1.626795e+01 -1.571492e+01
      vertex   6.503382e+01 1.626795e+01 -1.544261e+01
    endloop
  endfacet
  facet normal 2.604838e-01 9.234130e-01 -2.818805e-01
    outer loop
      vertex   6.533074e+01 1.606815e+01 -1.582276e+01
      vertex   6.503382e+01 1.626795e+01 -1.544261e+01
      vertex   6.575422e+01 1.606815e+01 -1.543142e+01
    endloop
  endfacet
  facet normal 8.141442e-01 3.815612e-01 -4.376988e-01
    outer loop
      vertex   6.492143e+01 1.748236e+01 -1.420508e+01
      vertex   6.508359e+01 1.748236e+01 -1.390346e+01
      vertex   6.526679e+01 1.700000e+01 -1.398318e+01
    endloop
  endfacet
  facet normal 8.752092e-01 3.815612e-01 -2.973547e-01
    outer loop
      vertex   6.526679e+01 1.700000e+01 -1.398318e+01
      vertex   6.508359e+01 1.748236e+01 -1.390346e+01
      vertex   6.538760e+01 1.700000e+01 -1.362761e+01
    endloop
  endfacet
  facet normal 7.521378e-01 6.074435e-01 -2.555409e-01
    outer loop
      vertex   6.526679e+01 1.700000e+01 -1.398318e+01
      vertex   6.538760e+01 1.700000e+01 -1.362761e+01
      vertex   6.569597e+01 1.658579e+01 -1.370459e+01
    endloop
  endfacet
  facet normal 8.752092e-01 3.815612e-01 -2.973547e-01
    outer loop
      vertex   6.519375e+01 1.748236e+01 -1.357922e+01
      vertex   6.538760e+01 1.700000e+01 -1.362761e+01
      vertex   6.508359e+01 1.748236e+01 -1.390346e+01
    endloop
  endfacet
  facet normal 9.243361e-01 3.815612e-01 3.719879e-03
    outer loop
      vertex   6.544808e+01 1.700000e+01 -1.325698e+01
      vertex   6.524890e+01 1.748236e+01 -1.324124e+01
      vertex   6.544656e+01 1.700000e+01 -1.288146e+01
    endloop
  endfacet
  facet normal 9.243361e-01 3.815612e-01 3.719879e-03
    outer loop
      vertex   6.544656e+01 1.700000e+01 -1.288146e+01
      vertex   6.524890e+01 1.748236e+01 -1.324124e+01
      vertex   6.524752e+01 1.748236e+01 -1.289880e+01
    endloop
  endfacet
  facet normal 7.943564e-01 6.074435e-01 3.196792e-03
    outer loop
      vertex   6.576493e+01 1.658579e+01 -1.328202e+01
      vertex   6.544808e+01 1.700000e+01 -1.325698e+01
      vertex   6.576320e+01 1.658579e+01 -1.285387e+01
    endloop
  endfacet
  facet normal 7.943564e-01 6.074435e-01 3.196792e-03
    outer loop
      vertex   6.576320e+01 1.658579e+01 -1.285387e+01
      vertex   6.544808e+01 1.700000e+01 -1.325698e+01
      vertex   6.544656e+01 1.700000e+01 -1.288146e+01
    endloop
  endfacet
  facet normal 6.100739e-01 7.923407e-01 2.455169e-03
    outer loop
      vertex   6.617785e+01 1.626795e+01 -1.331465e+01
      vertex   6.576493e+01 1.658579e+01 -1.328202e+01
      vertex   6.617585e+01 1.626795e+01 -1.281791e+01
    endloop
  endfacet
  facet normal 6.100739e-01 7.923407e-01 2.455169e-03
    outer loop
      vertex   6.617585e+01 1.626795e+01 -1.281791e+01
      vertex   6.576493e+01 1.658579e+01 -1.328202e+01
      vertex   6.576320e+01 1.658579e+01 -1.285387e+01
    endloop
  endfacet
  facet normal 3.838047e-01 9.234130e-01 1.544576e-03
    outer loop
      vertex   6.665871e+01 1.606815e+01 -1.335265e+01
      vertex   6.617785e+01 1.626795e+01 -1.331465e+01
      vertex   6.665639e+01 1.606815e+01 -1.277604e+01
    endloop
  endfacet
  facet normal 3.838047e-01 9.234130e-01 1.544576e-03
    outer loop
      vertex   6.665639e+01 1.606815e+01 -1.277604e+01
      vertex   6.617785e+01 1.626795e+01 -1.331465e+01
      vertex   6.617585e+01 1.626795e+01 -1.281791e+01
    endloop
  endfacet
  facet normal -6.699715e-01 6.946960e-01 2.617930e-01
    outer loop
      vertex   6.125068e+01 1.800000e+01 -1.257831e+01
      vertex   6.130052e+01 1.798646e+01 -1.241486e+01
      vertex   6.142471e+01 1.800000e+01 -1.213294e+01
    endloop
  endfacet
  facet normal -9.102234e-01 1.243028e-01 3.950217e-01
    outer loop
      vertex   6.142471e+01 1.800000e+01 -1.213294e+01
      vertex   6.130052e+01 1.798646e+01 -1.241486e+01
      vertex   6.136372e+01 1.794781e+01 -1.225707e+01
    endloop
  endfacet
  facet normal -8.851616e-01 -6.216928e-02 4.611116e-01
    outer loop
      vertex   6.142471e+01 1.800000e+01 -1.213294e+01
      vertex   6.136372e+01 1.794781e+01 -1.225707e+01
      vertex   6.152606e+01 1.780690e+01 -1.196443e+01
    endloop
  endfacet
  facet normal -8.162954e-01 7.175423e-02 5.731606e-01
    outer loop
      vertex   6.142471e+01 1.800000e+01 -1.213294e+01
      vertex   6.152606e+01 1.780690e+01 -1.196443e+01
      vertex   6.169949e+01 1.800000e+01 -1.174160e+01
    endloop
  endfacet
  facet normal -7.858322e-01 -7.796320e-03 6.183906e-01
    outer loop
      vertex   6.169949e+01 1.800000e+01 -1.174160e+01
      vertex   6.152606e+01 1.780690e+01 -1.196443e+01
      vertex   6.172885e+01 1.760229e+01 -1.170931e+01
    endloop
  endfacet
  facet normal -6.652608e-01 1.150605e-02 7.465224e-01
    outer loop
      vertex   6.169949e+01 1.800000e+01 -1.174160e+01
      vertex   6.172885e+01 1.760229e+01 -1.170931e+01
      vertex   6.196613e+01 1.736097e+01 -1.149414e+01
    endloop
  endfacet
  facet normal -6.585212e-01 1.658627e-02 7.523794e-01
    outer loop
      vertex   6.169949e+01 1.800000e+01 -1.174160e+01
      vertex   6.196613e+01 1.736097e+01 -1.149414e+01
      vertex   6.205930e+01 1.800000e+01 -1.142668e+01
    endloop
  endfacet
  facet normal -5.503104e-01 -7.905492e-03 8.349227e-01
    outer loop
      vertex   6.205930e+01 1.800000e+01 -1.142668e+01
      vertex   6.196613e+01 1.736097e+01 -1.149414e+01
      vertex   6.223322e+01 1.710985e+01 -1.132047e+01
    endloop
  endfacet
  facet normal -4.611141e-01 1.575910e-02 8.872009e-01
    outer loop
      vertex   6.205930e+01 1.800000e+01 -1.142668e+01
      vertex   6.223322e+01 1.710985e+01 -1.132047e+01
      vertex   6.248359e+01 1.800000e+01 -1.120616e+01
    endloop
  endfacet
  facet normal -4.066877e-01 -2.934372e-03 9.135626e-01
    outer loop
      vertex   6.248359e+01 1.800000e+01 -1.120616e+01
      vertex   6.223322e+01 1.710985e+01 -1.132047e+01
      vertex   6.252789e+01 1.687923e+01 -1.119004e+01
    endloop
  endfacet
  facet normal -2.890268e-01 2.346201e-03 9.573181e-01
    outer loop
      vertex   6.248359e+01 1.800000e+01 -1.120616e+01
      vertex   6.252789e+01 1.687923e+01 -1.119004e+01
      vertex   6.268507e+01 1.678422e+01 -1.114235e+01
    endloop
  endfacet
  facet normal -2.373538e-01 1.164608e-02 9.713535e-01
    outer loop
      vertex   6.248359e+01 1.800000e+01 -1.120616e+01
      vertex   6.268507e+01 1.678422e+01 -1.114235e+01
      vertex   6.294809e+01 1.800000e+01 -1.109266e+01
    endloop
  endfacet
  facet normal -2.077542e-01 4.963864e-03 9.781685e-01
    outer loop
      vertex   6.294809e+01 1.800000e+01 -1.109266e+01
      vertex   6.268507e+01 1.678422e+01 -1.114235e+01
      vertex   6.284837e+01 1.671029e+01 -1.110729e+01
    endloop
  endfacet
  facet normal -1.256988e-01 -1.538300e-03 9.920673e-01
    outer loop
      vertex   6.294809e+01 1.800000e+01 -1.109266e+01
      vertex   6.284837e+01 1.671029e+01 -1.110729e+01
      vertex   6.301657e+01 1.666476e+01 -1.108605e+01
    endloop
  endfacet
  facet normal -4.157555e-02 2.811140e-03 9.991314e-01
    outer loop
      vertex   6.301657e+01 1.666476e+01 -1.108605e+01
      vertex   6.318725e+01 1.664920e+01 -1.107890e+01
      vertex   6.294809e+01 1.800000e+01 -1.109266e+01
    endloop
  endfacet
  facet normal -0.000000e+00 1.018032e-02 9.999482e-01
    outer loop
      vertex   6.294809e+01 1.800000e+01 -1.109266e+01
      vertex   6.318725e+01 1.664920e+01 -1.107890e+01
      vertex   6.342626e+01 1.800000e+01 -1.109266e+01
    endloop
  endfacet
  facet normal 4.092044e-02 2.931741e-03 9.991581e-01
    outer loop
      vertex   6.342626e+01 1.800000e+01 -1.109266e+01
      vertex   6.318725e+01 1.664920e+01 -1.107890e+01
      vertex   6.335789e+01 1.666409e+01 -1.108594e+01
    endloop
  endfacet
  facet normal 1.260492e-01 -1.460629e-03 9.920229e-01
    outer loop
      vertex   6.342626e+01 1.800000e+01 -1.109266e+01
      vertex   6.335789e+01 1.666409e+01 -1.108594e+01
      vertex   6.352601e+01 1.670993e+01 -1.110723e+01
    endloop
  endfacet
  facet normal 2.080232e-01 5.035121e-03 9.781109e-01
    outer loop
      vertex   6.352601e+01 1.670993e+01 -1.110723e+01
      vertex   6.368921e+01 1.678415e+01 -1.114232e+01
      vertex   6.342626e+01 1.800000e+01 -1.109266e+01
    endloop
  endfacet
  facet normal 2.373538e-01 1.165443e-02 9.713534e-01
    outer loop
      vertex   6.342626e+01 1.800000e+01 -1.109266e+01
      vertex   6.368921e+01 1.678415e+01 -1.114232e+01
      vertex   6.389076e+01 1.800000e+01 -1.120616e+01
    endloop
  endfacet
  facet normal 2.891092e-01 2.336619e-03 9.572933e-01
    outer loop
      vertex   6.389076e+01 1.800000e+01 -1.120616e+01
      vertex   6.368921e+01 1.678415e+01 -1.114232e+01
      vertex   6.384640e+01 1.687922e+01 -1.119003e+01
    endloop
  endfacet
  facet normal 4.066815e-01 -2.946493e-03 9.135652e-01
    outer loop
      vertex   6.389076e+01 1.800000e+01 -1.120616e+01
      vertex   6.384640e+01 1.687922e+01 -1.119003e+01
      vertex   6.414115e+01 1.710990e+01 -1.132049e+01
    endloop
  endfacet
  facet normal 4.611142e-01 1.575188e-02 8.872010e-01
    outer loop
      vertex   6.389076e+01 1.800000e+01 -1.120616e+01
      vertex   6.414115e+01 1.710990e+01 -1.132049e+01
      vertex   6.431505e+01 1.800000e+01 -1.142668e+01
    endloop
  endfacet
  facet normal 5.506272e-01 -7.997952e-03 8.347130e-01
    outer loop
      vertex   6.431505e+01 1.800000e+01 -1.142668e+01
      vertex   6.414115e+01 1.710990e+01 -1.132049e+01
      vertex   6.440785e+01 1.736111e+01 -1.149402e+01
    endloop
  endfacet
  facet normal 6.620284e-01 1.718816e-02 7.492816e-01
    outer loop
      vertex   6.431505e+01 1.800000e+01 -1.142668e+01
      vertex   6.440785e+01 1.736111e+01 -1.149402e+01
      vertex   6.464500e+01 1.760245e+01 -1.170909e+01
    endloop
  endfacet
  facet normal 6.585637e-01 1.207750e-02 7.524280e-01
    outer loop
      vertex   6.431505e+01 1.800000e+01 -1.142668e+01
      vertex   6.464500e+01 1.760245e+01 -1.170909e+01
      vertex   6.467486e+01 1.800000e+01 -1.174160e+01
    endloop
  endfacet
  facet normal 7.855954e-01 -8.403334e-03 6.186834e-01
    outer loop
      vertex   6.467486e+01 1.800000e+01 -1.174160e+01
      vertex   6.464500e+01 1.760245e+01 -1.170909e+01
      vertex   6.484825e+01 1.780689e+01 -1.196440e+01
    endloop
  endfacet
  facet normal 8.162997e-01 7.168224e-02 5.731636e-01
    outer loop
      vertex   6.467486e+01 1.800000e+01 -1.174160e+01
      vertex   6.484825e+01 1.780689e+01 -1.196440e+01
      vertex   6.494964e+01 1.800000e+01 -1.213294e+01
    endloop
  endfacet
  facet normal 8.848566e-01 -6.151584e-02 4.617841e-01
    outer loop
      vertex   6.494964e+01 1.800000e+01 -1.213294e+01
      vertex   6.484825e+01 1.780689e+01 -1.196440e+01
      vertex   6.501067e+01 1.794798e+01 -1.225682e+01
    endloop
  endfacet
  facet normal 9.098682e-01 1.265600e-01 3.951234e-01
    outer loop
      vertex   6.494964e+01 1.800000e+01 -1.213294e+01
      vertex   6.501067e+01 1.794798e+01 -1.225682e+01
      vertex   6.507386e+01 1.798658e+01 -1.241470e+01
    endloop
  endfacet
  facet normal 6.651209e-01 7.000482e-01 2.598976e-01
    outer loop
      vertex   6.507386e+01 1.798658e+01 -1.241470e+01
      vertex   6.512367e+01 1.800000e+01 -1.257831e+01
      vertex   6.494964e+01 1.800000e+01 -1.213294e+01
    endloop
  endfacet
  facet normal 7.704713e-02 9.970275e-01 -0.000000e+00
    outer loop
      vertex   5.943718e+01 1.600000e+01 -2.305817e+01
      vertex   5.913382e+01 1.602344e+01 -2.303818e+01
      vertex   5.943718e+01 1.600000e+01 -1.807647e+01
    endloop
  endfacet
  facet normal 9.937840e-02 9.950488e-01 -1.374648e-03
    outer loop
      vertex   5.943718e+01 1.600000e+01 -1.807647e+01
      vertex   5.913382e+01 1.602344e+01 -2.303818e+01
      vertex   5.904699e+01 1.603843e+01 -1.846665e+01
    endloop
  endfacet
  facet normal 2.274343e-01 9.737928e-01 1.127267e-03
    outer loop
      vertex   5.904699e+01 1.603843e+01 -1.846665e+01
      vertex   5.913382e+01 1.602344e+01 -2.303818e+01
      vertex   5.883091e+01 1.609412e+01 -2.298229e+01
    endloop
  endfacet
  facet normal 2.922903e-01 9.563271e-01 -2.191675e-03
    outer loop
      vertex   5.904699e+01 1.603843e+01 -1.846665e+01
      vertex   5.883091e+01 1.609412e+01 -2.298229e+01
      vertex   5.867181e+01 1.615224e+01 -1.884184e+01
    endloop
  endfacet
  facet normal 3.759914e-01 9.266220e-01 1.441583e-03
    outer loop
      vertex   5.867181e+01 1.615224e+01 -1.884184e+01
      vertex   5.883091e+01 1.609412e+01 -2.298229e+01
      vertex   5.854786e+01 1.620885e+01 -2.290170e+01
    endloop
  endfacet
  facet normal 4.730735e-01 8.810203e-01 -2.158279e-03
    outer loop
      vertex   5.867181e+01 1.615224e+01 -1.884184e+01
      vertex   5.854786e+01 1.620885e+01 -2.290170e+01
      vertex   5.832603e+01 1.633706e+01 -1.918761e+01
    endloop
  endfacet
  facet normal 5.082017e-01 8.612379e-01 6.226347e-04
    outer loop
      vertex   5.832603e+01 1.633706e+01 -1.918761e+01
      vertex   5.854786e+01 1.620885e+01 -2.290170e+01
      vertex   5.829795e+01 1.635626e+01 -2.281414e+01
    endloop
  endfacet
  facet normal 6.295379e-01 7.769694e-01 -7.631070e-04
    outer loop
      vertex   5.832603e+01 1.633706e+01 -1.918761e+01
      vertex   5.829795e+01 1.635626e+01 -2.281414e+01
      vertex   5.806606e+01 1.654423e+01 -2.272559e+01
    endloop
  endfacet
  facet normal 6.352632e-01 7.722944e-01 -1.457566e-03
    outer loop
      vertex   5.832603e+01 1.633706e+01 -1.918761e+01
      vertex   5.806606e+01 1.654423e+01 -2.272559e+01
      vertex   5.802296e+01 1.658579e+01 -1.949069e+01
    endloop
  endfacet
  facet normal 7.397610e-01 6.728686e-01 1.211765e-03
    outer loop
      vertex   5.802296e+01 1.658579e+01 -1.949069e+01
      vertex   5.806606e+01 1.654423e+01 -2.272559e+01
      vertex   5.785849e+01 1.677229e+01 -2.264797e+01
    endloop
  endfacet
  facet normal 7.741889e-01 6.329477e-01 -2.939886e-03
    outer loop
      vertex   5.802296e+01 1.658579e+01 -1.949069e+01
      vertex   5.785849e+01 1.677229e+01 -2.264797e+01
      vertex   5.777424e+01 1.688886e+01 -1.973941e+01
    endloop
  endfacet
  facet normal 8.345840e-01 5.508766e-01 2.098776e-03
    outer loop
      vertex   5.777424e+01 1.688886e+01 -1.973941e+01
      vertex   5.785849e+01 1.677229e+01 -2.264797e+01
      vertex   5.768884e+01 1.702911e+01 -2.259533e+01
    endloop
  endfacet
  facet normal 8.826508e-01 4.700177e-01 -3.309488e-03
    outer loop
      vertex   5.777424e+01 1.688886e+01 -1.973941e+01
      vertex   5.768884e+01 1.702911e+01 -2.259533e+01
      vertex   5.758942e+01 1.723463e+01 -1.992423e+01
    endloop
  endfacet
  facet normal 9.080256e-01 4.189118e-01 1.567203e-03
    outer loop
      vertex   5.758942e+01 1.723463e+01 -1.992423e+01
      vertex   5.768884e+01 1.702911e+01 -2.259533e+01
      vertex   5.756299e+01 1.730183e+01 -2.257647e+01
    endloop
  endfacet
  facet normal 9.561689e-01 2.928080e-01 -2.107283e-03
    outer loop
      vertex   5.758942e+01 1.723463e+01 -1.992423e+01
      vertex   5.756299e+01 1.730183e+01 -2.257647e+01
      vertex   5.749343e+01 1.752901e+01 -2.257647e+01
    endloop
  endfacet
  facet normal 9.571478e-01 2.895892e-01 -2.499954e-03
    outer loop
      vertex   5.758942e+01 1.723463e+01 -1.992423e+01
      vertex   5.749343e+01 1.752901e+01 -2.257647e+01
      vertex   5.747560e+01 1.760982e+01 -2.003804e+01
    endloop
  endfacet
  facet normal 9.841462e-01 1.773544e-01 1.262722e-03
    outer loop
      vertex   5.747560e+01 1.760982e+01 -2.003804e+01
      vertex   5.749343e+01 1.752901e+01 -2.257647e+01
      vertex   5.745129e+01 1.776283e+01 -2.257647e+01
    endloop
  endfacet
  facet normal 9.891900e-01 1.466380e-01 -6.371002e-04
    outer loop
      vertex   5.747560e+01 1.760982e+01 -2.003804e+01
      vertex   5.745129e+01 1.776283e+01 -2.257647e+01
      vertex   5.744681e+01 1.780397e+01 -2.006684e+01
    endloop
  endfacet
  facet normal 9.982341e-01 5.939757e-02 8.090517e-04
    outer loop
      vertex   5.744681e+01 1.780397e+01 -2.006684e+01
      vertex   5.745129e+01 1.776283e+01 -2.257647e+01
      vertex   5.743718e+01 1.800000e+01 -2.257647e+01
    endloop
  endfacet
  facet normal 9.987955e-01 4.906767e-02 0.000000e+00
    outer loop
      vertex   5.744681e+01 1.780397e+01 -2.006684e+01
      vertex   5.743718e+01 1.800000e+01 -2.257647e+01
      vertex   5.743718e+01 1.800000e+01 -2.007647e+01
    endloop
  endfacet
  facet normal -0.000000e+00 9.951847e-01 9.801714e-02
    outer loop
      vertex   4.943718e+01 1.600000e+01 -1.807647e+01
      vertex   5.943718e+01 1.600000e+01 -1.807647e+01
      vertex   4.982736e+01 1.603843e+01 -1.846665e+01
    endloop
  endfacet
  facet normal 3.834864e-16 9.951847e-01 9.801714e-02
    outer loop
      vertex   4.982736e+01 1.603843e+01 -1.846665e+01
      vertex   5.943718e+01 1.600000e+01 -1.807647e+01
      vertex   5.904699e+01 1.603843e+01 -1.846665e+01
    endloop
  endfacet
  facet normal 3.687493e-16 9.569403e-01 2.902847e-01
    outer loop
      vertex   4.982736e+01 1.603843e+01 -1.846665e+01
      vertex   5.904699e+01 1.603843e+01 -1.846665e+01
      vertex   5.867181e+01 1.615224e+01 -1.884184e+01
    endloop
  endfacet
  facet normal 0.000000e+00 9.569403e-01 2.902847e-01
    outer loop
      vertex   4.982736e+01 1.603843e+01 -1.846665e+01
      vertex   5.867181e+01 1.615224e+01 -1.884184e+01
      vertex   5.020254e+01 1.615224e+01 -1.884184e+01
    endloop
  endfacet
  facet normal -0.000000e+00 8.819213e-01 4.713967e-01
    outer loop
      vertex   5.020254e+01 1.615224e+01 -1.884184e+01
      vertex   5.867181e+01 1.615224e+01 -1.884184e+01
      vertex   5.832603e+01 1.633706e+01 -1.918761e+01
    endloop
  endfacet
  facet normal 0.000000e+00 8.819213e-01 4.713967e-01
    outer loop
      vertex   5.020254e+01 1.615224e+01 -1.884184e+01
      vertex   5.832603e+01 1.633706e+01 -1.918761e+01
      vertex   5.054832e+01 1.633706e+01 -1.918761e+01
    endloop
  endfacet
  facet normal -0.000000e+00 7.730105e-01 6.343933e-01
    outer loop
      vertex   5.054832e+01 1.633706e+01 -1.918761e+01
      vertex   5.832603e+01 1.633706e+01 -1.918761e+01
      vertex   5.085139e+01 1.658579e+01 -1.949069e+01
    endloop
  endfacet
  facet normal -0.000000e+00 7.730105e-01 6.343933e-01
    outer loop
      vertex   5.085139e+01 1.658579e+01 -1.949069e+01
      vertex   5.832603e+01 1.633706e+01 -1.918761e+01
      vertex   5.802296e+01 1.658579e+01 -1.949069e+01
    endloop
  endfacet
  facet normal -0.000000e+00 6.343933e-01 7.730105e-01
    outer loop
      vertex   5.085139e+01 1.658579e+01 -1.949069e+01
      vertex   5.802296e+01 1.658579e+01 -1.949069e+01
      vertex   5.110011e+01 1.688886e+01 -1.973941e+01
    endloop
  endfacet
  facet normal -4.114826e-16 6.343933e-01 7.730105e-01
    outer loop
      vertex   5.110011e+01 1.688886e+01 -1.973941e+01
      vertex   5.802296e+01 1.658579e+01 -1.949069e+01
      vertex   5.777424e+01 1.688886e+01 -1.973941e+01
    endloop
  endfacet
  facet normal -4.694571e-16 4.713967e-01 8.819213e-01
    outer loop
      vertex   5.110011e+01 1.688886e+01 -1.973941e+01
      vertex   5.777424e+01 1.688886e+01 -1.973941e+01
      vertex   5.758942e+01 1.723463e+01 -1.992423e+01
    endloop
  endfacet
  facet normal 0.000000e+00 4.713967e-01 8.819213e-01
    outer loop
      vertex   5.110011e+01 1.688886e+01 -1.973941e+01
      vertex   5.758942e+01 1.723463e+01 -1.992423e+01
      vertex   5.128493e+01 1.723463e+01 -1.992423e+01
    endloop
  endfacet
  facet normal -0.000000e+00 2.902847e-01 9.569403e-01
    outer loop
      vertex   5.128493e+01 1.723463e+01 -1.992423e+01
      vertex   5.758942e+01 1.723463e+01 -1.992423e+01
      vertex   5.747560e+01 1.760982e+01 -2.003804e+01
    endloop
  endfacet
  facet normal 0.000000e+00 2.902847e-01 9.569403e-01
    outer loop
      vertex   5.128493e+01 1.723463e+01 -1.992423e+01
      vertex   5.747560e+01 1.760982e+01 -2.003804e+01
      vertex   5.139875e+01 1.760982e+01 -2.003804e+01
    endloop
  endfacet
  facet normal -0.000000e+00 1.467305e-01 9.891765e-01
    outer loop
      vertex   5.139875e+01 1.760982e+01 -2.003804e+01
      vertex   5.747560e+01 1.760982e+01 -2.003804e+01
      vertex   5.142754e+01 1.780397e+01 -2.006684e+01
    endloop
  endfacet
  facet normal -0.000000e+00 1.467305e-01 9.891765e-01
    outer loop
      vertex   5.142754e+01 1.780397e+01 -2.006684e+01
      vertex   5.747560e+01 1.760982e+01 -2.003804e+01
      vertex   5.744681e+01 1.780397e+01 -2.006684e+01
    endloop
  endfacet
  facet normal -0.000000e+00 4.906767e-02 9.987955e-01
    outer loop
      vertex   5.142754e+01 1.780397e+01 -2.006684e+01
      vertex   5.744681e+01 1.780397e+01 -2.006684e+01
      vertex   5.143718e+01 1.800000e+01 -2.007647e+01
    endloop
  endfacet
  facet normal -0.000000e+00 4.906767e-02 9.987955e-01
    outer loop
      vertex   5.143718e+01 1.800000e+01 -2.007647e+01
      vertex   5.744681e+01 1.780397e+01 -2.006684e+01
      vertex   5.743718e+01 1.800000e+01 -2.007647e+01
    endloop
  endfacet
  facet normal -9.987955e-01 4.906767e-02 0.000000e+00
    outer loop
      vertex   5.143718e+01 1.800000e+01 -2.007647e+01
      vertex   5.143718e+01 1.800000e+01 -2.257647e+01
      vertex   5.142754e+01 1.780397e+01 -2.006684e+01
    endloop
  endfacet
  facet normal -9.982341e-01 5.939757e-02 8.090517e-04
    outer loop
      vertex   5.142754e+01 1.780397e+01 -2.006684e+01
      vertex   5.143718e+01 1.800000e+01 -2.257647e+01
      vertex   5.142306e+01 1.776283e+01 -2.257647e+01
    endloop
  endfacet
  facet normal -9.891900e-01 1.466380e-01 -6.371002e-04
    outer loop
      vertex   5.142754e+01 1.780397e+01 -2.006684e+01
      vertex   5.142306e+01 1.776283e+01 -2.257647e+01
      vertex   5.139875e+01 1.760982e+01 -2.003804e+01
    endloop
  endfacet
  facet normal -9.841462e-01 1.773544e-01 1.262722e-03
    outer loop
      vertex   5.139875e+01 1.760982e+01 -2.003804e+01
      vertex   5.142306e+01 1.776283e+01 -2.257647e+01
      vertex   5.138093e+01 1.752901e+01 -2.257647e+01
    endloop
  endfacet
  facet normal -9.571478e-01 2.895892e-01 -2.499954e-03
    outer loop
      vertex   5.139875e+01 1.760982e+01 -2.003804e+01
      vertex   5.138093e+01 1.752901e+01 -2.257647e+01
      vertex   5.128493e+01 1.723463e+01 -1.992423e+01
    endloop
  endfacet
  facet normal -9.561689e-01 2.928080e-01 -2.107283e-03
    outer loop
      vertex   5.128493e+01 1.723463e+01 -1.992423e+01
      vertex   5.138093e+01 1.752901e+01 -2.257647e+01
      vertex   5.131136e+01 1.730183e+01 -2.257647e+01
    endloop
  endfacet
  facet normal -9.080256e-01 4.189118e-01 1.567203e-03
    outer loop
      vertex   5.128493e+01 1.723463e+01 -1.992423e+01
      vertex   5.131136e+01 1.730183e+01 -2.257647e+01
      vertex   5.118551e+01 1.702911e+01 -2.259533e+01
    endloop
  endfacet
  facet normal -8.826508e-01 4.700177e-01 -3.309488e-03
    outer loop
      vertex   5.128493e+01 1.723463e+01 -1.992423e+01
      vertex   5.118551e+01 1.702911e+01 -2.259533e+01
      vertex   5.110011e+01 1.688886e+01 -1.973941e+01
    endloop
  endfacet
  facet normal -8.345840e-01 5.508766e-01 2.098776e-03
    outer loop
      vertex   5.110011e+01 1.688886e+01 -1.973941e+01
      vertex   5.118551e+01 1.702911e+01 -2.259533e+01
      vertex   5.101586e+01 1.677229e+01 -2.264797e+01
    endloop
  endfacet
  facet normal -7.741889e-01 6.329477e-01 -2.939886e-03
    outer loop
      vertex   5.110011e+01 1.688886e+01 -1.973941e+01
      vertex   5.101586e+01 1.677229e+01 -2.264797e+01
      vertex   5.085139e+01 1.658579e+01 -1.949069e+01
    endloop
  endfacet
  facet normal -7.397610e-01 6.728686e-01 1.211765e-03
    outer loop
      vertex   5.085139e+01 1.658579e+01 -1.949069e+01
      vertex   5.101586e+01 1.677229e+01 -2.264797e+01
      vertex   5.080829e+01 1.654423e+01 -2.272559e+01
    endloop
  endfacet
  facet normal -6.352632e-01 7.722944e-01 -1.457566e-03
    outer loop
      vertex   5.085139e+01 1.658579e+01 -1.949069e+01
      vertex   5.080829e+01 1.654423e+01 -2.272559e+01
      vertex   5.054832e+01 1.633706e+01 -1.918761e+01
    endloop
  endfacet
  facet normal -6.295379e-01 7.769694e-01 -7.631070e-04
    outer loop
      vertex   5.054832e+01 1.633706e+01 -1.918761e+01
      vertex   5.080829e+01 1.654423e+01 -2.272559e+01
      vertex   5.057640e+01 1.635626e+01 -2.281414e+01
    endloop
  endfacet
  facet normal -5.082017e-01 8.612379e-01 6.226347e-04
    outer loop
      vertex   5.054832e+01 1.633706e+01 -1.918761e+01
      vertex   5.057640e+01 1.635626e+01 -2.281414e+01
      vertex   5.032649e+01 1.620885e+01 -2.290170e+01
    endloop
  endfacet
  facet normal -4.730735e-01 8.810203e-01 -2.158279e-03
    outer loop
      vertex   5.054832e+01 1.633706e+01 -1.918761e+01
      vertex   5.032649e+01 1.620885e+01 -2.290170e+01
      vertex   5.020254e+01 1.615224e+01 -1.884184e+01
    endloop
  endfacet
  facet normal -3.759914e-01 9.266220e-01 1.441583e-03
    outer loop
      vertex   5.020254e+01 1.615224e+01 -1.884184e+01
      vertex   5.032649e+01 1.620885e+01 -2.290170e+01
      vertex   5.004344e+01 1.609412e+01 -2.298229e+01
    endloop
  endfacet
  facet normal -2.922903e-01 9.563271e-01 -2.191675e-03
    outer loop
      vertex   5.020254e+01 1.615224e+01 -1.884184e+01
      vertex   5.004344e+01 1.609412e+01 -2.298229e+01
      vertex   4.982736e+01 1.603843e+01 -1.846665e+01
    endloop
  endfacet
  facet normal -2.274343e-01 9.737928e-01 1.127267e-03
    outer loop
      vertex   4.982736e+01 1.603843e+01 -1.846665e+01
      vertex   5.004344e+01 1.609412e+01 -2.298229e+01
      vertex   4.974053e+01 1.602344e+01 -2.303818e+01
    endloop
  endfacet
  facet normal -9.937840e-02 9.950488e-01 -1.374648e-03
    outer loop
      vertex   4.982736e+01 1.603843e+01 -1.846665e+01
      vertex   4.974053e+01 1.602344e+01 -2.303818e+01
      vertex   4.943718e+01 1.600000e+01 -1.807647e+01
    endloop
  endfacet
  facet normal -7.704713e-02 9.970275e-01 0.000000e+00
    outer loop
      vertex   4.943718e+01 1.600000e+01 -1.807647e+01
      vertex   4.974053e+01 1.602344e+01 -2.303818e+01
      vertex   4.943718e+01 1.600000e+01 -2.305817e+01
    endloop
  endfacet
  facet normal 0.000000e+00 1.000000e+00 0.000000e+00
    outer loop
      vertex   4.181419e+01 1.600000e+01 -1.207831e+01
      vertex   4.169219e+01 1.600000e+01 -1.287811e+01
      vertex   3.143718e+01 1.600000e+01 -1.207831e+01
    endloop
  endfacet
  facet normal 0.000000e+00 1.000000e+00 0.000000e+00
    outer loop
      vertex   3.143718e+01 1.600000e+01 -1.207831e+01
      vertex   4.169219e+01 1.600000e+01 -1.287811e+01
      vertex   4.173362e+01 1.600000e+01 -1.368610e+01
    endloop
  endfacet
  facet normal 0.000000e+00 1.000000e+00 0.000000e+00
    outer loop
      vertex   3.143718e+01 1.600000e+01 -1.207831e+01
      vertex   4.173362e+01 1.600000e+01 -1.368610e+01
      vertex   4.193679e+01 1.600000e+01 -1.446922e+01
    endloop
  endfacet
  facet normal 0.000000e+00 1.000000e+00 0.000000e+00
    outer loop
      vertex   4.193679e+01 1.600000e+01 -1.446922e+01
      vertex   4.229339e+01 1.600000e+01 -1.519544e+01
      vertex   3.143718e+01 1.600000e+01 -1.207831e+01
    endloop
  endfacet
  facet normal 0.000000e+00 1.000000e+00 0.000000e+00
    outer loop
      vertex   3.143718e+01 1.600000e+01 -1.207831e+01
      vertex   4.229339e+01 1.600000e+01 -1.519544e+01
      vertex   4.278883e+01 1.600000e+01 -1.583505e+01
    endloop
  endfacet
  facet normal 0.000000e+00 1.000000e+00 0.000000e+00
    outer loop
      vertex   3.143718e+01 1.600000e+01 -1.207831e+01
      vertex   4.278883e+01 1.600000e+01 -1.583505e+01
      vertex   3.343718e+01 1.600000e+01 -2.305817e+01
    endloop
  endfacet
  facet normal 0.000000e+00 1.000000e+00 0.000000e+00
    outer loop
      vertex   3.343718e+01 1.600000e+01 -2.305817e+01
      vertex   4.278883e+01 1.600000e+01 -1.583505e+01
      vertex   4.340284e+01 1.600000e+01 -1.636188e+01
    endloop
  endfacet
  facet normal 0.000000e+00 1.000000e+00 0.000000e+00
    outer loop
      vertex   3.343718e+01 1.600000e+01 -2.305817e+01
      vertex   4.340284e+01 1.600000e+01 -1.636188e+01
      vertex   4.411030e+01 1.600000e+01 -1.675438e+01
    endloop
  endfacet
  facet normal 0.000000e+00 1.000000e+00 0.000000e+00
    outer loop
      vertex   4.411030e+01 1.600000e+01 -1.675438e+01
      vertex   4.488227e+01 1.600000e+01 -1.699649e+01
      vertex   3.343718e+01 1.600000e+01 -2.305817e+01
    endloop
  endfacet
  facet normal 0.000000e+00 1.000000e+00 0.000000e+00
    outer loop
      vertex   3.343718e+01 1.600000e+01 -2.305817e+01
      vertex   4.488227e+01 1.600000e+01 -1.699649e+01
      vertex   4.943718e+01 1.600000e+01 -2.305817e+01
    endloop
  endfacet
  facet normal 0.000000e+00 1.000000e+00 0.000000e+00
    outer loop
      vertex   4.943718e+01 1.600000e+01 -2.305817e+01
      vertex   4.488227e+01 1.600000e+01 -1.699649e+01
      vertex   4.568718e+01 1.600000e+01 -1.707831e+01
    endloop
  endfacet
  facet normal 0.000000e+00 1.000000e+00 -0.000000e+00
    outer loop
      vertex   4.943718e+01 1.600000e+01 -2.305817e+01
      vertex   4.568718e+01 1.600000e+01 -1.707831e+01
      vertex   4.943718e+01 1.600000e+01 -1.807647e+01
    endloop
  endfacet
  facet normal 0.000000e+00 1.000000e+00 0.000000e+00
    outer loop
      vertex   4.943718e+01 1.600000e+01 -1.807647e+01
      vertex   4.568718e+01 1.600000e+01 -1.707831e+01
      vertex   4.649208e+01 1.600000e+01 -1.699649e+01
    endloop
  endfacet
  facet normal 0.000000e+00 1.000000e+00 0.000000e+00
    outer loop
      vertex   4.943718e+01 1.600000e+01 -1.807647e+01
      vertex   4.649208e+01 1.600000e+01 -1.699649e+01
      vertex   4.726405e+01 1.600000e+01 -1.675438e+01
    endloop
  endfacet
  facet normal -0.000000e+00 1.000000e+00 0.000000e+00
    outer loop
      vertex   4.726405e+01 1.600000e+01 -1.675438e+01
      vertex   4.797151e+01 1.600000e+01 -1.636188e+01
      vertex   4.943718e+01 1.600000e+01 -1.807647e+01
    endloop
  endfacet
  facet normal 0.000000e+00 1.000000e+00 0.000000e+00
    outer loop
      vertex   4.943718e+01 1.600000e+01 -1.807647e+01
      vertex   4.797151e+01 1.600000e+01 -1.636188e+01
      vertex   4.858552e+01 1.600000e+01 -1.583505e+01
    endloop
  endfacet
  facet normal 0.000000e+00 1.000000e+00 -0.000000e+00
    outer loop
      vertex   4.943718e+01 1.600000e+01 -1.807647e+01
      vertex   4.858552e+01 1.600000e+01 -1.583505e+01
      vertex   6.028883e+01 1.600000e+01 -1.583505e+01
    endloop
  endfacet
  facet normal 0.000000e+00 1.000000e+00 0.000000e+00
    outer loop
      vertex   6.028883e+01 1.600000e+01 -1.583505e+01
      vertex   4.858552e+01 1.600000e+01 -1.583505e+01
      vertex   5.979339e+01 1.600000e+01 -1.519544e+01
    endloop
  endfacet
  facet normal 0.000000e+00 1.000000e+00 0.000000e+00
    outer loop
      vertex   5.979339e+01 1.600000e+01 -1.519544e+01
      vertex   4.858552e+01 1.600000e+01 -1.583505e+01
      vertex   4.908096e+01 1.600000e+01 -1.519544e+01
    endloop
  endfacet
  facet normal 0.000000e+00 1.000000e+00 0.000000e+00
    outer loop
      vertex   5.979339e+01 1.600000e+01 -1.519544e+01
      vertex   4.908096e+01 1.600000e+01 -1.519544e+01
      vertex   5.943679e+01 1.600000e+01 -1.446922e+01
    endloop
  endfacet
  facet normal 0.000000e+00 1.000000e+00 0.000000e+00
    outer loop
      vertex   5.943679e+01 1.600000e+01 -1.446922e+01
      vertex   4.908096e+01 1.600000e+01 -1.519544e+01
      vertex   4.943756e+01 1.600000e+01 -1.446922e+01
    endloop
  endfacet
  facet normal 0.000000e+00 1.000000e+00 0.000000e+00
    outer loop
      vertex   5.943679e+01 1.600000e+01 -1.446922e+01
      vertex   4.943756e+01 1.600000e+01 -1.446922e+01
      vertex   5.923362e+01 1.600000e+01 -1.368610e+01
    endloop
  endfacet
  facet normal 0.000000e+00 1.000000e+00 0.000000e+00
    outer loop
      vertex   5.923362e+01 1.600000e+01 -1.368610e+01
      vertex   4.943756e+01 1.600000e+01 -1.446922e+01
      vertex   4.964073e+01 1.600000e+01 -1.368610e+01
    endloop
  endfacet
  facet normal 0.000000e+00 1.000000e+00 0.000000e+00
    outer loop
      vertex   5.923362e+01 1.600000e+01 -1.368610e+01
      vertex   4.964073e+01 1.600000e+01 -1.368610e+01
      vertex   5.919219e+01 1.600000e+01 -1.287811e+01
    endloop
  endfacet
  facet normal 0.000000e+00 1.000000e+00 0.000000e+00
    outer loop
      vertex   5.919219e+01 1.600000e+01 -1.287811e+01
      vertex   4.964073e+01 1.600000e+01 -1.368610e+01
      vertex   4.968216e+01 1.600000e+01 -1.287811e+01
    endloop
  endfacet
  facet normal 0.000000e+00 1.000000e+00 -0.000000e+00
    outer loop
      vertex   5.919219e+01 1.600000e+01 -1.287811e+01
      vertex   4.968216e+01 1.600000e+01 -1.287811e+01
      vertex   5.931419e+01 1.600000e+01 -1.207831e+01
    endloop
  endfacet
  facet normal 0.000000e+00 1.000000e+00 0.000000e+00
    outer loop
      vertex   5.931419e+01 1.600000e+01 -1.207831e+01
      vertex   4.968216e+01 1.600000e+01 -1.287811e+01
      vertex   4.956016e+01 1.600000e+01 -1.207831e+01
    endloop
  endfacet
  facet normal 0.000000e+00 1.000000e+00 0.000000e+00
    outer loop
      vertex   4.943718e+01 1.600000e+01 -1.807647e+01
      vertex   6.028883e+01 1.600000e+01 -1.583505e+01
      vertex   5.943718e+01 1.600000e+01 -1.807647e+01
    endloop
  endfacet
  facet normal 0.000000e+00 1.000000e+00 0.000000e+00
    outer loop
      vertex   5.943718e+01 1.600000e+01 -1.807647e+01
      vertex   6.028883e+01 1.600000e+01 -1.583505e+01
      vertex   6.090284e+01 1.600000e+01 -1.636188e+01
    endloop
  endfacet
  facet normal 0.000000e+00 1.000000e+00 0.000000e+00
    outer loop
      vertex   5.943718e+01 1.600000e+01 -1.807647e+01
      vertex   6.090284e+01 1.600000e+01 -1.636188e+01
      vertex   6.161030e+01 1.600000e+01 -1.675438e+01
    endloop
  endfacet
  facet normal 0.000000e+00 1.000000e+00 0.000000e+00
    outer loop
      vertex   6.161030e+01 1.600000e+01 -1.675438e+01
      vertex   6.238227e+01 1.600000e+01 -1.699649e+01
      vertex   5.943718e+01 1.600000e+01 -1.807647e+01
    endloop
  endfacet
  facet normal 0.000000e+00 1.000000e+00 0.000000e+00
    outer loop
      vertex   5.943718e+01 1.600000e+01 -1.807647e+01
      vertex   6.238227e+01 1.600000e+01 -1.699649e+01
      vertex   6.318718e+01 1.600000e+01 -1.707831e+01
    endloop
  endfacet
  facet normal -0.000000e+00 1.000000e+00 0.000000e+00
    outer loop
      vertex   5.943718e+01 1.600000e+01 -1.807647e+01
      vertex   6.318718e+01 1.600000e+01 -1.707831e+01
      vertex   5.943718e+01 1.600000e+01 -2.305817e+01
    endloop
  endfacet
  facet normal 0.000000e+00 1.000000e+00 0.000000e+00
    outer loop
      vertex   5.943718e+01 1.600000e+01 -2.305817e+01
      vertex   6.318718e+01 1.600000e+01 -1.707831e+01
      vertex   6.399208e+01 1.600000e+01 -1.699649e+01
    endloop
  endfacet
  facet normal 0.000000e+00 1.000000e+00 0.000000e+00
    outer loop
      vertex   5.943718e+01 1.600000e+01 -2.305817e+01
      vertex   6.399208e+01 1.600000e+01 -1.699649e+01
      vertex   7.543718e+01 1.600000e+01 -2.305817e+01
    endloop
  endfacet
  facet normal 0.000000e+00 1.000000e+00 0.000000e+00
    outer loop
      vertex   7.543718e+01 1.600000e+01 -2.305817e+01
      vertex   6.399208e+01 1.600000e+01 -1.699649e+01
      vertex   6.476405e+01 1.600000e+01 -1.675438e+01
    endloop
  endfacet
  facet normal 0.000000e+00 1.000000e+00 0.000000e+00
    outer loop
      vertex   7.543718e+01 1.600000e+01 -2.305817e+01
      vertex   6.476405e+01 1.600000e+01 -1.675438e+01
      vertex   6.547151e+01 1.600000e+01 -1.636188e+01
    endloop
  endfacet
  facet normal -0.000000e+00 1.000000e+00 0.000000e+00
    outer loop
      vertex   6.547151e+01 1.600000e+01 -1.636188e+01
      vertex   6.608552e+01 1.600000e+01 -1.583505e+01
      vertex   7.543718e+01 1.600000e+01 -2.305817e+01
    endloop
  endfacet
  facet normal 0.000000e+00 1.000000e+00 -0.000000e+00
    outer loop
      vertex   7.543718e+01 1.600000e+01 -2.305817e+01
      vertex   6.608552e+01 1.600000e+01 -1.583505e+01
      vertex   7.743718e+01 1.600000e+01 -1.207831e+01
    endloop
  endfacet
  facet normal -0.000000e+00 1.000000e+00 0.000000e+00
    outer loop
      vertex   7.543718e+01 1.600000e+01 -2.305817e+01
      vertex   7.743718e+01 1.600000e+01 -1.207831e+01
      vertex   7.743718e+01 1.600000e+01 -3.207831e+01
    endloop
  endfacet
  facet normal 0.000000e+00 1.000000e+00 0.000000e+00
    outer loop
      vertex   6.608552e+01 1.600000e+01 -1.583505e+01
      vertex   6.658096e+01 1.600000e+01 -1.519544e+01
      vertex   7.743718e+01 1.600000e+01 -1.207831e+01
    endloop
  endfacet
  facet normal 0.000000e+00 1.000000e+00 0.000000e+00
    outer loop
      vertex   7.743718e+01 1.600000e+01 -1.207831e+01
      vertex   6.658096e+01 1.600000e+01 -1.519544e+01
      vertex   6.693756e+01 1.600000e+01 -1.446922e+01
    endloop
  endfacet
  facet normal 0.000000e+00 1.000000e+00 0.000000e+00
    outer loop
      vertex   7.743718e+01 1.600000e+01 -1.207831e+01
      vertex   6.693756e+01 1.600000e+01 -1.446922e+01
      vertex   6.714073e+01 1.600000e+01 -1.368610e+01
    endloop
  endfacet
  facet normal 0.000000e+00 1.000000e+00 0.000000e+00
    outer loop
      vertex   6.714073e+01 1.600000e+01 -1.368610e+01
      vertex   6.718216e+01 1.600000e+01 -1.287811e+01
      vertex   7.743718e+01 1.600000e+01 -1.207831e+01
    endloop
  endfacet
  facet normal 0.000000e+00 1.000000e+00 0.000000e+00
    outer loop
      vertex   7.743718e+01 1.600000e+01 -1.207831e+01
      vertex   6.718216e+01 1.600000e+01 -1.287811e+01
      vertex   6.706016e+01 1.600000e+01 -1.207831e+01
    endloop
  endfacet
  facet normal 0.000000e+00 1.000000e+00 0.000000e+00
    outer loop
      vertex   7.743718e+01 1.600000e+01 -3.207831e+01
      vertex   7.543718e+01 1.600000e+01 -3.207831e+01
      vertex   7.543718e+01 1.600000e+01 -2.305817e+01
    endloop
  endfacet
  facet normal 0.000000e+00 1.000000e+00 -0.000000e+00
    outer loop
      vertex   3.343718e+01 1.600000e+01 -3.207831e+01
      vertex   3.143718e+01 1.600000e+01 -3.207831e+01
      vertex   3.343718e+01 1.600000e+01 -2.305817e+01
    endloop
  endfacet
  facet normal 0.000000e+00 1.000000e+00 0.000000e+00
    outer loop
      vertex   3.343718e+01 1.600000e+01 -2.305817e+01
      vertex   3.143718e+01 1.600000e+01 -3.207831e+01
      vertex   3.143718e+01 1.600000e+01 -1.207831e+01
    endloop
  endfacet
  facet normal 0.000000e+00 6.896267e-02 -9.976192e-01
    outer loop
      vertex   5.131136e+01 1.730183e+01 -2.257647e+01
      vertex   5.756299e+01 1.730183e+01 -2.257647e+01
      vertex   5.118551e+01 1.702911e+01 -2.259533e+01
    endloop
  endfacet
  facet normal -5.826645e-16 6.896267e-02 -9.976192e-01
    outer loop
      vertex   5.118551e+01 1.702911e+01 -2.259533e+01
      vertex   5.756299e+01 1.730183e+01 -2.257647e+01
      vertex   5.768884e+01 1.702911e+01 -2.259533e+01
    endloop
  endfacet
  facet normal -6.448648e-16 2.008113e-01 -9.796299e-01
    outer loop
      vertex   5.118551e+01 1.702911e+01 -2.259533e+01
      vertex   5.768884e+01 1.702911e+01 -2.259533e+01
      vertex   5.785849e+01 1.677229e+01 -2.264797e+01
    endloop
  endfacet
  facet normal 6.211205e-16 3.222037e-01 -9.466704e-01
    outer loop
      vertex   5.806606e+01 1.654423e+01 -2.272559e+01
      vertex   5.080829e+01 1.654423e+01 -2.272559e+01
      vertex   5.785849e+01 1.677229e+01 -2.264797e+01
    endloop
  endfacet
  facet normal -4.915140e-16 3.222037e-01 -9.466704e-01
    outer loop
      vertex   5.785849e+01 1.677229e+01 -2.264797e+01
      vertex   5.080829e+01 1.654423e+01 -2.272559e+01
      vertex   5.101586e+01 1.677229e+01 -2.264797e+01
    endloop
  endfacet
  facet normal -5.086267e-16 2.008113e-01 -9.796299e-01
    outer loop
      vertex   5.785849e+01 1.677229e+01 -2.264797e+01
      vertex   5.101586e+01 1.677229e+01 -2.264797e+01
      vertex   5.118551e+01 1.702911e+01 -2.259533e+01
    endloop
  endfacet
  facet normal 6.514385e-16 4.261644e-01 -9.046457e-01
    outer loop
      vertex   5.806606e+01 1.654423e+01 -2.272559e+01
      vertex   5.829795e+01 1.635626e+01 -2.281414e+01
      vertex   5.080829e+01 1.654423e+01 -2.272559e+01
    endloop
  endfacet
  facet normal -1.967766e-16 4.261644e-01 -9.046457e-01
    outer loop
      vertex   5.080829e+01 1.654423e+01 -2.272559e+01
      vertex   5.829795e+01 1.635626e+01 -2.281414e+01
      vertex   5.057640e+01 1.635626e+01 -2.281414e+01
    endloop
  endfacet
  facet normal -2.349600e-16 5.106672e-01 -8.597784e-01
    outer loop
      vertex   5.057640e+01 1.635626e+01 -2.281414e+01
      vertex   5.829795e+01 1.635626e+01 -2.281414e+01
      vertex   5.032649e+01 1.620885e+01 -2.290170e+01
    endloop
  endfacet
  facet normal -5.922132e-16 5.106672e-01 -8.597784e-01
    outer loop
      vertex   5.032649e+01 1.620885e+01 -2.290170e+01
      vertex   5.829795e+01 1.635626e+01 -2.281414e+01
      vertex   5.854786e+01 1.620885e+01 -2.290170e+01
    endloop
  endfacet
  facet normal -6.020054e-16 5.748400e-01 -8.182658e-01
    outer loop
      vertex   5.032649e+01 1.620885e+01 -2.290170e+01
      vertex   5.854786e+01 1.620885e+01 -2.290170e+01
      vertex   5.004344e+01 1.609412e+01 -2.298229e+01
    endloop
  endfacet
  facet normal -6.616385e-16 5.748400e-01 -8.182658e-01
    outer loop
      vertex   5.004344e+01 1.609412e+01 -2.298229e+01
      vertex   5.854786e+01 1.620885e+01 -2.290170e+01
      vertex   5.883091e+01 1.609412e+01 -2.298229e+01
    endloop
  endfacet
  facet normal -6.342538e-16 6.202573e-01 -7.843984e-01
    outer loop
      vertex   5.004344e+01 1.609412e+01 -2.298229e+01
      vertex   5.883091e+01 1.609412e+01 -2.298229e+01
      vertex   4.974053e+01 1.602344e+01 -2.303818e+01
    endloop
  endfacet
  facet normal -1.124613e-15 6.202573e-01 -7.843984e-01
    outer loop
      vertex   4.974053e+01 1.602344e+01 -2.303818e+01
      vertex   5.883091e+01 1.609412e+01 -2.298229e+01
      vertex   5.913382e+01 1.602344e+01 -2.303818e+01
    endloop
  endfacet
  facet normal -1.108820e-15 6.487871e-01 -7.609700e-01
    outer loop
      vertex   4.974053e+01 1.602344e+01 -2.303818e+01
      vertex   5.913382e+01 1.602344e+01 -2.303818e+01
      vertex   4.943718e+01 1.600000e+01 -2.305817e+01
    endloop
  endfacet
  facet normal 0.000000e+00 6.487871e-01 -7.609700e-01
    outer loop
      vertex   4.943718e+01 1.600000e+01 -2.305817e+01
      vertex   5.913382e+01 1.602344e+01 -2.303818e+01
      vertex   5.943718e+01 1.600000e+01 -2.305817e+01
    endloop
  endfacet
  facet normal 0.000000e+00 1.563852e-14 -1.000000e+00
    outer loop
      vertex   5.756299e+01 1.730183e+01 -2.257647e+01
      vertex   5.131136e+01 1.730183e+01 -2.257647e+01
      vertex   5.749343e+01 1.752901e+01 -2.257647e+01
    endloop
  endfacet
  facet normal 9.089439e-30 1.563852e-14 -1.000000e+00
    outer loop
      vertex   5.749343e+01 1.752901e+01 -2.257647e+01
      vertex   5.131136e+01 1.730183e+01 -2.257647e+01
      vertex   5.138093e+01 1.752901e+01 -2.257647e+01
    endloop
  endfacet
  facet normal 0.000000e+00 0.000000e+00 -1.000000e+00
    outer loop
      vertex   5.749343e+01 1.752901e+01 -2.257647e+01
      vertex   5.138093e+01 1.752901e+01 -2.257647e+01
      vertex   5.745129e+01 1.776283e+01 -2.257647e+01
    endloop
  endfacet
  facet normal -0.000000e+00 0.000000e+00 -1.000000e+00
    outer loop
      vertex   5.745129e+01 1.776283e+01 -2.257647e+01
      vertex   5.138093e+01 1.752901e+01 -2.257647e+01
      vertex   5.142306e+01 1.776283e+01 -2.257647e+01
    endloop
  endfacet
  facet normal 0.000000e+00 0.000000e+00 -1.000000e+00
    outer loop
      vertex   5.745129e+01 1.776283e+01 -2.257647e+01
      vertex   5.142306e+01 1.776283e+01 -2.257647e+01
      vertex   5.743718e+01 1.800000e+01 -2.257647e+01
    endloop
  endfacet
  facet normal -0.000000e+00 0.000000e+00 -1.000000e+00
    outer loop
      vertex   5.743718e+01 1.800000e+01 -2.257647e+01
      vertex   5.142306e+01 1.776283e+01 -2.257647e+01
      vertex   5.143718e+01 1.800000e+01 -2.257647e+01
    endloop
  endfacet
  facet normal 0.000000e+00 1.000000e+00 0.000000e+00
    outer loop
      vertex   5.143718e+01 1.800000e+01 -2.257647e+01
      vertex   5.143718e+01 1.800000e+01 -2.007647e+01
      vertex   5.743718e+01 1.800000e+01 -2.257647e+01
    endloop
  endfacet
  facet normal 0.000000e+00 1.000000e+00 -0.000000e+00
    outer loop
      vertex   5.743718e+01 1.800000e+01 -2.257647e+01
      vertex   5.143718e+01 1.800000e+01 -2.007647e+01
      vertex   5.743718e+01 1.800000e+01 -2.007647e+01
    endloop
  endfacet
  facet normal -4.722357e-15 1.000000e+00 -6.217101e-16
    outer loop
      vertex   6.439458e+01 1.800000e+01 -1.275479e+01
      vertex   6.512367e+01 1.800000e+01 -1.257831e+01
      vertex   6.443718e+01 1.800000e+01 -1.307831e+01
    endloop
  endfacet
  facet normal -1.439931e-16 1.000000e+00 -6.907727e-15
    outer loop
      vertex   6.443718e+01 1.800000e+01 -1.307831e+01
      vertex   6.512367e+01 1.800000e+01 -1.257831e+01
      vertex   6.518711e+01 1.800000e+01 -1.309395e+01
    endloop
  endfacet
  facet normal 0.000000e+00 1.000000e+00 0.000000e+00
    outer loop
      vertex   6.443718e+01 1.800000e+01 -1.307831e+01
      vertex   6.518711e+01 1.800000e+01 -1.309395e+01
      vertex   6.439458e+01 1.800000e+01 -1.340184e+01
    endloop
  endfacet
  facet normal -0.000000e+00 1.000000e+00 0.000000e+00
    outer loop
      vertex   6.439458e+01 1.800000e+01 -1.340184e+01
      vertex   6.518711e+01 1.800000e+01 -1.309395e+01
      vertex   6.511561e+01 1.800000e+01 -1.360852e+01
    endloop
  endfacet
  facet normal 0.000000e+00 1.000000e+00 0.000000e+00
    outer loop
      vertex   6.439458e+01 1.800000e+01 -1.340184e+01
      vertex   6.511561e+01 1.800000e+01 -1.360852e+01
      vertex   6.426971e+01 1.800000e+01 -1.370331e+01
    endloop
  endfacet
  facet normal -0.000000e+00 1.000000e+00 0.000000e+00
    outer loop
      vertex   6.426971e+01 1.800000e+01 -1.370331e+01
      vertex   6.511561e+01 1.800000e+01 -1.360852e+01
      vertex   6.491399e+01 1.800000e+01 -1.408733e+01
    endloop
  endfacet
  facet normal 0.000000e+00 1.000000e+00 0.000000e+00
    outer loop
      vertex   6.426971e+01 1.800000e+01 -1.370331e+01
      vertex   6.491399e+01 1.800000e+01 -1.408733e+01
      vertex   6.407106e+01 1.800000e+01 -1.396220e+01
    endloop
  endfacet
  facet normal 0.000000e+00 1.000000e+00 0.000000e+00
    outer loop
      vertex   6.407106e+01 1.800000e+01 -1.396220e+01
      vertex   6.491399e+01 1.800000e+01 -1.408733e+01
      vertex   6.459585e+01 1.800000e+01 -1.449804e+01
    endloop
  endfacet
  facet normal 0.000000e+00 1.000000e+00 0.000000e+00
    outer loop
      vertex   6.407106e+01 1.800000e+01 -1.396220e+01
      vertex   6.459585e+01 1.800000e+01 -1.449804e+01
      vertex   6.381218e+01 1.800000e+01 -1.416085e+01
    endloop
  endfacet
  facet normal 0.000000e+00 1.000000e+00 0.000000e+00
    outer loop
      vertex   6.381218e+01 1.800000e+01 -1.416085e+01
      vertex   6.459585e+01 1.800000e+01 -1.449804e+01
      vertex   6.418266e+01 1.800000e+01 -1.481296e+01
    endloop
  endfacet
  facet normal 0.000000e+00 1.000000e+00 0.000000e+00
    outer loop
      vertex   6.381218e+01 1.800000e+01 -1.416085e+01
      vertex   6.418266e+01 1.800000e+01 -1.481296e+01
      vertex   6.351070e+01 1.800000e+01 -1.428572e+01
    endloop
  endfacet
  facet normal 0.000000e+00 1.000000e+00 0.000000e+00
    outer loop
      vertex   6.351070e+01 1.800000e+01 -1.428572e+01
      vertex   6.418266e+01 1.800000e+01 -1.481296e+01
      vertex   6.370230e+01 1.800000e+01 -1.501084e+01
    endloop
  endfacet
  facet normal 0.000000e+00 1.000000e+00 0.000000e+00
    outer loop
      vertex   6.351070e+01 1.800000e+01 -1.428572e+01
      vertex   6.370230e+01 1.800000e+01 -1.501084e+01
      vertex   6.318718e+01 1.800000e+01 -1.432831e+01
    endloop
  endfacet
  facet normal 0.000000e+00 1.000000e+00 0.000000e+00
    outer loop
      vertex   6.318718e+01 1.800000e+01 -1.432831e+01
      vertex   6.370230e+01 1.800000e+01 -1.501084e+01
      vertex   6.318718e+01 1.800000e+01 -1.507831e+01
    endloop
  endfacet
  facet normal 0.000000e+00 1.000000e+00 0.000000e+00
    outer loop
      vertex   6.318718e+01 1.800000e+01 -1.432831e+01
      vertex   6.318718e+01 1.800000e+01 -1.507831e+01
      vertex   6.267205e+01 1.800000e+01 -1.501084e+01
    endloop
  endfacet
  facet normal -6.215767e-15 1.000000e+00 5.548087e-15
    outer loop
      vertex   6.512367e+01 1.800000e+01 -1.257831e+01
      vertex   6.439458e+01 1.800000e+01 -1.275479e+01
      vertex   6.494964e+01 1.800000e+01 -1.213294e+01
    endloop
  endfacet
  facet normal 0.000000e+00 1.000000e+00 0.000000e+00
    outer loop
      vertex   6.494964e+01 1.800000e+01 -1.213294e+01
      vertex   6.439458e+01 1.800000e+01 -1.275479e+01
      vertex   6.426971e+01 1.800000e+01 -1.245331e+01
    endloop
  endfacet
  facet normal 0.000000e+00 1.000000e+00 0.000000e+00
    outer loop
      vertex   6.494964e+01 1.800000e+01 -1.213294e+01
      vertex   6.426971e+01 1.800000e+01 -1.245331e+01
      vertex   6.467486e+01 1.800000e+01 -1.174160e+01
    endloop
  endfacet
  facet normal 0.000000e+00 1.000000e+00 0.000000e+00
    outer loop
      vertex   6.467486e+01 1.800000e+01 -1.174160e+01
      vertex   6.426971e+01 1.800000e+01 -1.245331e+01
      vertex   6.407106e+01 1.800000e+01 -1.219443e+01
    endloop
  endfacet
  facet normal 0.000000e+00 1.000000e+00 0.000000e+00
    outer loop
      vertex   6.467486e+01 1.800000e+01 -1.174160e+01
      vertex   6.407106e+01 1.800000e+01 -1.219443e+01
      vertex   6.431505e+01 1.800000e+01 -1.142668e+01
    endloop
  endfacet
  facet normal 0.000000e+00 1.000000e+00 0.000000e+00
    outer loop
      vertex   6.431505e+01 1.800000e+01 -1.142668e+01
      vertex   6.407106e+01 1.800000e+01 -1.219443e+01
      vertex   6.381218e+01 1.800000e+01 -1.199578e+01
    endloop
  endfacet
  facet normal 0.000000e+00 1.000000e+00 0.000000e+00
    outer loop
      vertex   6.431505e+01 1.800000e+01 -1.142668e+01
      vertex   6.381218e+01 1.800000e+01 -1.199578e+01
      vertex   6.389076e+01 1.800000e+01 -1.120616e+01
    endloop
  endfacet
  facet normal 0.000000e+00 1.000000e+00 0.000000e+00
    outer loop
      vertex   6.389076e+01 1.800000e+01 -1.120616e+01
      vertex   6.381218e+01 1.800000e+01 -1.199578e+01
      vertex   6.351070e+01 1.800000e+01 -1.187091e+01
    endloop
  endfacet
  facet normal 0.000000e+00 1.000000e+00 0.000000e+00
    outer loop
      vertex   6.389076e+01 1.800000e+01 -1.120616e+01
      vertex   6.351070e+01 1.800000e+01 -1.187091e+01
      vertex   6.342626e+01 1.800000e+01 -1.109266e+01
    endloop
  endfacet
  facet normal 0.000000e+00 1.000000e+00 0.000000e+00
    outer loop
      vertex   6.342626e+01 1.800000e+01 -1.109266e+01
      vertex   6.351070e+01 1.800000e+01 -1.187091e+01
      vertex   6.318718e+01 1.800000e+01 -1.182831e+01
    endloop
  endfacet
  facet normal 0.000000e+00 1.000000e+00 0.000000e+00
    outer loop
      vertex   6.342626e+01 1.800000e+01 -1.109266e+01
      vertex   6.318718e+01 1.800000e+01 -1.182831e+01
      vertex   6.294809e+01 1.800000e+01 -1.109266e+01
    endloop
  endfacet
  facet normal 0.000000e+00 1.000000e+00 0.000000e+00
    outer loop
      vertex   6.294809e+01 1.800000e+01 -1.109266e+01
      vertex   6.318718e+01 1.800000e+01 -1.182831e+01
      vertex   6.286365e+01 1.800000e+01 -1.187091e+01
    endloop
  endfacet
  facet normal 0.000000e+00 1.000000e+00 0.000000e+00
    outer loop
      vertex   6.294809e+01 1.800000e+01 -1.109266e+01
      vertex   6.286365e+01 1.800000e+01 -1.187091e+01
      vertex   6.248359e+01 1.800000e+01 -1.120616e+01
    endloop
  endfacet
  facet normal 0.000000e+00 1.000000e+00 0.000000e+00
    outer loop
      vertex   6.248359e+01 1.800000e+01 -1.120616e+01
      vertex   6.286365e+01 1.800000e+01 -1.187091e+01
      vertex   6.256218e+01 1.800000e+01 -1.199578e+01
    endloop
  endfacet
  facet normal 0.000000e+00 1.000000e+00 0.000000e+00
    outer loop
      vertex   6.248359e+01 1.800000e+01 -1.120616e+01
      vertex   6.256218e+01 1.800000e+01 -1.199578e+01
      vertex   6.205930e+01 1.800000e+01 -1.142668e+01
    endloop
  endfacet
  facet normal 0.000000e+00 1.000000e+00 0.000000e+00
    outer loop
      vertex   6.205930e+01 1.800000e+01 -1.142668e+01
      vertex   6.256218e+01 1.800000e+01 -1.199578e+01
      vertex   6.230329e+01 1.800000e+01 -1.219443e+01
    endloop
  endfacet
  facet normal 0.000000e+00 1.000000e+00 0.000000e+00
    outer loop
      vertex   6.205930e+01 1.800000e+01 -1.142668e+01
      vertex   6.230329e+01 1.800000e+01 -1.219443e+01
      vertex   6.169949e+01 1.800000e+01 -1.174160e+01
    endloop
  endfacet
  facet normal 0.000000e+00 1.000000e+00 0.000000e+00
    outer loop
      vertex   6.169949e+01 1.800000e+01 -1.174160e+01
      vertex   6.230329e+01 1.800000e+01 -1.219443e+01
      vertex   6.210464e+01 1.800000e+01 -1.245331e+01
    endloop
  endfacet
  facet normal 0.000000e+00 1.000000e+00 0.000000e+00
    outer loop
      vertex   6.169949e+01 1.800000e+01 -1.174160e+01
      vertex   6.210464e+01 1.800000e+01 -1.245331e+01
      vertex   6.142471e+01 1.800000e+01 -1.213294e+01
    endloop
  endfacet
  facet normal 0.000000e+00 1.000000e+00 0.000000e+00
    outer loop
      vertex   6.142471e+01 1.800000e+01 -1.213294e+01
      vertex   6.210464e+01 1.800000e+01 -1.245331e+01
      vertex   6.197977e+01 1.800000e+01 -1.275479e+01
    endloop
  endfacet
  facet normal 6.215767e-15 1.000000e+00 5.548087e-15
    outer loop
      vertex   6.142471e+01 1.800000e+01 -1.213294e+01
      vertex   6.197977e+01 1.800000e+01 -1.275479e+01
      vertex   6.125068e+01 1.800000e+01 -1.257831e+01
    endloop
  endfacet
  facet normal 4.722357e-15 1.000000e+00 -6.217101e-16
    outer loop
      vertex   6.125068e+01 1.800000e+01 -1.257831e+01
      vertex   6.197977e+01 1.800000e+01 -1.275479e+01
      vertex   6.193718e+01 1.800000e+01 -1.307831e+01
    endloop
  endfacet
  facet normal 1.439931e-16 1.000000e+00 -6.907727e-15
    outer loop
      vertex   6.125068e+01 1.800000e+01 -1.257831e+01
      vertex   6.193718e+01 1.800000e+01 -1.307831e+01
      vertex   6.118724e+01 1.800000e+01 -1.309395e+01
    endloop
  endfacet
  facet normal -0.000000e+00 1.000000e+00 0.000000e+00
    outer loop
      vertex   6.118724e+01 1.800000e+01 -1.309395e+01
      vertex   6.193718e+01 1.800000e+01 -1.307831e+01
      vertex   6.197977e+01 1.800000e+01 -1.340184e+01
    endloop
  endfacet
  facet normal 0.000000e+00 1.000000e+00 0.000000e+00
    outer loop
      vertex   6.118724e+01 1.800000e+01 -1.309395e+01
      vertex   6.197977e+01 1.800000e+01 -1.340184e+01
      vertex   6.125874e+01 1.800000e+01 -1.360852e+01
    endloop
  endfacet
  facet normal -0.000000e+00 1.000000e+00 0.000000e+00
    outer loop
      vertex   6.125874e+01 1.800000e+01 -1.360852e+01
      vertex   6.197977e+01 1.800000e+01 -1.340184e+01
      vertex   6.210464e+01 1.800000e+01 -1.370331e+01
    endloop
  endfacet
  facet normal 0.000000e+00 1.000000e+00 0.000000e+00
    outer loop
      vertex   6.125874e+01 1.800000e+01 -1.360852e+01
      vertex   6.210464e+01 1.800000e+01 -1.370331e+01
      vertex   6.146036e+01 1.800000e+01 -1.408733e+01
    endloop
  endfacet
  facet normal 0.000000e+00 1.000000e+00 0.000000e+00
    outer loop
      vertex   6.146036e+01 1.800000e+01 -1.408733e+01
      vertex   6.210464e+01 1.800000e+01 -1.370331e+01
      vertex   6.230329e+01 1.800000e+01 -1.396220e+01
    endloop
  endfacet
  facet normal -0.000000e+00 1.000000e+00 0.000000e+00
    outer loop
      vertex   6.146036e+01 1.800000e+01 -1.408733e+01
      vertex   6.230329e+01 1.800000e+01 -1.396220e+01
      vertex   6.177850e+01 1.800000e+01 -1.449804e+01
    endloop
  endfacet
  facet normal 0.000000e+00 1.000000e+00 0.000000e+00
    outer loop
      vertex   6.177850e+01 1.800000e+01 -1.449804e+01
      vertex   6.230329e+01 1.800000e+01 -1.396220e+01
      vertex   6.256218e+01 1.800000e+01 -1.416085e+01
    endloop
  endfacet
  facet normal -0.000000e+00 1.000000e+00 0.000000e+00
    outer loop
      vertex   6.177850e+01 1.800000e+01 -1.449804e+01
      vertex   6.256218e+01 1.800000e+01 -1.416085e+01
      vertex   6.219169e+01 1.800000e+01 -1.481296e+01
    endloop
  endfacet
  facet normal 0.000000e+00 1.000000e+00 0.000000e+00
    outer loop
      vertex   6.219169e+01 1.800000e+01 -1.481296e+01
      vertex   6.256218e+01 1.800000e+01 -1.416085e+01
      vertex   6.286365e+01 1.800000e+01 -1.428572e+01
    endloop
  endfacet
  facet normal -0.000000e+00 1.000000e+00 0.000000e+00
    outer loop
      vertex   6.219169e+01 1.800000e+01 -1.481296e+01
      vertex   6.286365e+01 1.800000e+01 -1.428572e+01
      vertex   6.267205e+01 1.800000e+01 -1.501084e+01
    endloop
  endfacet
  facet normal 0.000000e+00 1.000000e+00 0.000000e+00
    outer loop
      vertex   6.267205e+01 1.800000e+01 -1.501084e+01
      vertex   6.286365e+01 1.800000e+01 -1.428572e+01
      vertex   6.318718e+01 1.800000e+01 -1.432831e+01
    endloop
  endfacet
  facet normal -0.000000e+00 1.000000e+00 0.000000e+00
    outer loop
      vertex   4.689458e+01 1.800000e+01 -1.275479e+01
      vertex   4.762367e+01 1.800000e+01 -1.257831e+01
      vertex   4.693718e+01 1.800000e+01 -1.307831e+01
    endloop
  endfacet
  facet normal -0.000000e+00 1.000000e+00 0.000000e+00
    outer loop
      vertex   4.693718e+01 1.800000e+01 -1.307831e+01
      vertex   4.762367e+01 1.800000e+01 -1.257831e+01
      vertex   4.768711e+01 1.800000e+01 -1.309395e+01
    endloop
  endfacet
  facet normal 0.000000e+00 1.000000e+00 0.000000e+00
    outer loop
      vertex   4.693718e+01 1.800000e+01 -1.307831e+01
      vertex   4.768711e+01 1.800000e+01 -1.309395e+01
      vertex   4.689458e+01 1.800000e+01 -1.340184e+01
    endloop
  endfacet
  facet normal -0.000000e+00 1.000000e+00 0.000000e+00
    outer loop
      vertex   4.689458e+01 1.800000e+01 -1.340184e+01
      vertex   4.768711e+01 1.800000e+01 -1.309395e+01
      vertex   4.761561e+01 1.800000e+01 -1.360852e+01
    endloop
  endfacet
  facet normal 0.000000e+00 1.000000e+00 0.000000e+00
    outer loop
      vertex   4.689458e+01 1.800000e+01 -1.340184e+01
      vertex   4.761561e+01 1.800000e+01 -1.360852e+01
      vertex   4.676971e+01 1.800000e+01 -1.370331e+01
    endloop
  endfacet
  facet normal -0.000000e+00 1.000000e+00 0.000000e+00
    outer loop
      vertex   4.676971e+01 1.800000e+01 -1.370331e+01
      vertex   4.761561e+01 1.800000e+01 -1.360852e+01
      vertex   4.741399e+01 1.800000e+01 -1.408733e+01
    endloop
  endfacet
  facet normal 0.000000e+00 1.000000e+00 0.000000e+00
    outer loop
      vertex   4.676971e+01 1.800000e+01 -1.370331e+01
      vertex   4.741399e+01 1.800000e+01 -1.408733e+01
      vertex   4.657106e+01 1.800000e+01 -1.396220e+01
    endloop
  endfacet
  facet normal 0.000000e+00 1.000000e+00 0.000000e+00
    outer loop
      vertex   4.657106e+01 1.800000e+01 -1.396220e+01
      vertex   4.741399e+01 1.800000e+01 -1.408733e+01
      vertex   4.709585e+01 1.800000e+01 -1.449804e+01
    endloop
  endfacet
  facet normal 0.000000e+00 1.000000e+00 0.000000e+00
    outer loop
      vertex   4.657106e+01 1.800000e+01 -1.396220e+01
      vertex   4.709585e+01 1.800000e+01 -1.449804e+01
      vertex   4.631218e+01 1.800000e+01 -1.416085e+01
    endloop
  endfacet
  facet normal 0.000000e+00 1.000000e+00 0.000000e+00
    outer loop
      vertex   4.631218e+01 1.800000e+01 -1.416085e+01
      vertex   4.709585e+01 1.800000e+01 -1.449804e+01
      vertex   4.668266e+01 1.800000e+01 -1.481296e+01
    endloop
  endfacet
  facet normal 0.000000e+00 1.000000e+00 0.000000e+00
    outer loop
      vertex   4.631218e+01 1.800000e+01 -1.416085e+01
      vertex   4.668266e+01 1.800000e+01 -1.481296e+01
      vertex   4.601070e+01 1.800000e+01 -1.428572e+01
    endloop
  endfacet
  facet normal 0.000000e+00 1.000000e+00 0.000000e+00
    outer loop
      vertex   4.601070e+01 1.800000e+01 -1.428572e+01
      vertex   4.668266e+01 1.800000e+01 -1.481296e+01
      vertex   4.620230e+01 1.800000e+01 -1.501084e+01
    endloop
  endfacet
  facet normal 0.000000e+00 1.000000e+00 0.000000e+00
    outer loop
      vertex   4.601070e+01 1.800000e+01 -1.428572e+01
      vertex   4.620230e+01 1.800000e+01 -1.501084e+01
      vertex   4.568718e+01 1.800000e+01 -1.432831e+01
    endloop
  endfacet
  facet normal 0.000000e+00 1.000000e+00 0.000000e+00
    outer loop
      vertex   4.568718e+01 1.800000e+01 -1.432831e+01
      vertex   4.620230e+01 1.800000e+01 -1.501084e+01
      vertex   4.568718e+01 1.800000e+01 -1.507831e+01
    endloop
  endfacet
  facet normal 0.000000e+00 1.000000e+00 0.000000e+00
    outer loop
      vertex   4.568718e+01 1.800000e+01 -1.432831e+01
      vertex   4.568718e+01 1.800000e+01 -1.507831e+01
      vertex   4.517205e+01 1.800000e+01 -1.501084e+01
    endloop
  endfacet
  facet normal 0.000000e+00 1.000000e+00 0.000000e+00
    outer loop
      vertex   4.762367e+01 1.800000e+01 -1.257831e+01
      vertex   4.689458e+01 1.800000e+01 -1.275479e+01
      vertex   4.744964e+01 1.800000e+01 -1.213294e+01
    endloop
  endfacet
  facet normal 0.000000e+00 1.000000e+00 0.000000e+00
    outer loop
      vertex   4.744964e+01 1.800000e+01 -1.213294e+01
      vertex   4.689458e+01 1.800000e+01 -1.275479e+01
      vertex   4.676971e+01 1.800000e+01 -1.245331e+01
    endloop
  endfacet
  facet normal 0.000000e+00 1.000000e+00 0.000000e+00
    outer loop
      vertex   4.744964e+01 1.800000e+01 -1.213294e+01
      vertex   4.676971e+01 1.800000e+01 -1.245331e+01
      vertex   4.717486e+01 1.800000e+01 -1.174160e+01
    endloop
  endfacet
  facet normal 0.000000e+00 1.000000e+00 0.000000e+00
    outer loop
      vertex   4.717486e+01 1.800000e+01 -1.174160e+01
      vertex   4.676971e+01 1.800000e+01 -1.245331e+01
      vertex   4.657106e+01 1.800000e+01 -1.219443e+01
    endloop
  endfacet
  facet normal 0.000000e+00 1.000000e+00 0.000000e+00
    outer loop
      vertex   4.717486e+01 1.800000e+01 -1.174160e+01
      vertex   4.657106e+01 1.800000e+01 -1.219443e+01
      vertex   4.681505e+01 1.800000e+01 -1.142668e+01
    endloop
  endfacet
  facet normal 0.000000e+00 1.000000e+00 0.000000e+00
    outer loop
      vertex   4.681505e+01 1.800000e+01 -1.142668e+01
      vertex   4.657106e+01 1.800000e+01 -1.219443e+01
      vertex   4.631218e+01 1.800000e+01 -1.199578e+01
    endloop
  endfacet
  facet normal 0.000000e+00 1.000000e+00 0.000000e+00
    outer loop
      vertex   4.681505e+01 1.800000e+01 -1.142668e+01
      vertex   4.631218e+01 1.800000e+01 -1.199578e+01
      vertex   4.639076e+01 1.800000e+01 -1.120616e+01
    endloop
  endfacet
  facet normal 0.000000e+00 1.000000e+00 0.000000e+00
    outer loop
      vertex   4.639076e+01 1.800000e+01 -1.120616e+01
      vertex   4.631218e+01 1.800000e+01 -1.199578e+01
      vertex   4.601070e+01 1.800000e+01 -1.187091e+01
    endloop
  endfacet
  facet normal 0.000000e+00 1.000000e+00 0.000000e+00
    outer loop
      vertex   4.639076e+01 1.800000e+01 -1.120616e+01
      vertex   4.601070e+01 1.800000e+01 -1.187091e+01
      vertex   4.592626e+01 1.800000e+01 -1.109266e+01
    endloop
  endfacet
  facet normal 0.000000e+00 1.000000e+00 0.000000e+00
    outer loop
      vertex   4.592626e+01 1.800000e+01 -1.109266e+01
      vertex   4.601070e+01 1.800000e+01 -1.187091e+01
      vertex   4.568718e+01 1.800000e+01 -1.182831e+01
    endloop
  endfacet
  facet normal 0.000000e+00 1.000000e+00 0.000000e+00
    outer loop
      vertex   4.592626e+01 1.800000e+01 -1.109266e+01
      vertex   4.568718e+01 1.800000e+01 -1.182831e+01
      vertex   4.544809e+01 1.800000e+01 -1.109266e+01
    endloop
  endfacet
  facet normal 0.000000e+00 1.000000e+00 0.000000e+00
    outer loop
      vertex   4.544809e+01 1.800000e+01 -1.109266e+01
      vertex   4.568718e+01 1.800000e+01 -1.182831e+01
      vertex   4.536365e+01 1.800000e+01 -1.187091e+01
    endloop
  endfacet
  facet normal 0.000000e+00 1.000000e+00 0.000000e+00
    outer loop
      vertex   4.544809e+01 1.800000e+01 -1.109266e+01
      vertex   4.536365e+01 1.800000e+01 -1.187091e+01
      vertex   4.498359e+01 1.800000e+01 -1.120616e+01
    endloop
  endfacet
  facet normal 0.000000e+00 1.000000e+00 0.000000e+00
    outer loop
      vertex   4.498359e+01 1.800000e+01 -1.120616e+01
      vertex   4.536365e+01 1.800000e+01 -1.187091e+01
      vertex   4.506218e+01 1.800000e+01 -1.199578e+01
    endloop
  endfacet
  facet normal 0.000000e+00 1.000000e+00 0.000000e+00
    outer loop
      vertex   4.498359e+01 1.800000e+01 -1.120616e+01
      vertex   4.506218e+01 1.800000e+01 -1.199578e+01
      vertex   4.455930e+01 1.800000e+01 -1.142668e+01
    endloop
  endfacet
  facet normal 0.000000e+00 1.000000e+00 0.000000e+00
    outer loop
      vertex   4.455930e+01 1.800000e+01 -1.142668e+01
      vertex   4.506218e+01 1.800000e+01 -1.199578e+01
      vertex   4.480329e+01 1.800000e+01 -1.219443e+01
    endloop
  endfacet
  facet normal 0.000000e+00 1.000000e+00 0.000000e+00
    outer loop
      vertex   4.455930e+01 1.800000e+01 -1.142668e+01
      vertex   4.480329e+01 1.800000e+01 -1.219443e+01
      vertex   4.419949e+01 1.800000e+01 -1.174160e+01
    endloop
  endfacet
  facet normal 0.000000e+00 1.000000e+00 0.000000e+00
    outer loop
      vertex   4.419949e+01 1.800000e+01 -1.174160e+01
      vertex   4.480329e+01 1.800000e+01 -1.219443e+01
      vertex   4.460464e+01 1.800000e+01 -1.245331e+01
    endloop
  endfacet
  facet normal 0.000000e+00 1.000000e+00 0.000000e+00
    outer loop
      vertex   4.419949e+01 1.800000e+01 -1.174160e+01
      vertex   4.460464e+01 1.800000e+01 -1.245331e+01
      vertex   4.392471e+01 1.800000e+01 -1.213294e+01
    endloop
  endfacet
  facet normal 0.000000e+00 1.000000e+00 0.000000e+00
    outer loop
      vertex   4.392471e+01 1.800000e+01 -1.213294e+01
      vertex   4.460464e+01 1.800000e+01 -1.245331e+01
      vertex   4.447977e+01 1.800000e+01 -1.275479e+01
    endloop
  endfacet
  facet normal 6.215767e-15 1.000000e+00 5.548087e-15
    outer loop
      vertex   4.392471e+01 1.800000e+01 -1.213294e+01
      vertex   4.447977e+01 1.800000e+01 -1.275479e+01
      vertex   4.375068e+01 1.800000e+01 -1.257831e+01
    endloop
  endfacet
  facet normal 4.722357e-15 1.000000e+00 -6.217101e-16
    outer loop
      vertex   4.375068e+01 1.800000e+01 -1.257831e+01
      vertex   4.447977e+01 1.800000e+01 -1.275479e+01
      vertex   4.443718e+01 1.800000e+01 -1.307831e+01
    endloop
  endfacet
  facet normal 1.439931e-16 1.000000e+00 -6.907727e-15
    outer loop
      vertex   4.375068e+01 1.800000e+01 -1.257831e+01
      vertex   4.443718e+01 1.800000e+01 -1.307831e+01
      vertex   4.368724e+01 1.800000e+01 -1.309395e+01
    endloop
  endfacet
  facet normal -0.000000e+00 1.000000e+00 0.000000e+00
    outer loop
      vertex   4.368724e+01 1.800000e+01 -1.309395e+01
      vertex   4.443718e+01 1.800000e+01 -1.307831e+01
      vertex   4.447977e+01 1.800000e+01 -1.340184e+01
    endloop
  endfacet
  facet normal 0.000000e+00 1.000000e+00 0.000000e+00
    outer loop
      vertex   4.368724e+01 1.800000e+01 -1.309395e+01
      vertex   4.447977e+01 1.800000e+01 -1.340184e+01
      vertex   4.375874e+01 1.800000e+01 -1.360852e+01
    endloop
  endfacet
  facet normal -0.000000e+00 1.000000e+00 0.000000e+00
    outer loop
      vertex   4.375874e+01 1.800000e+01 -1.360852e+01
      vertex   4.447977e+01 1.800000e+01 -1.340184e+01
      vertex   4.460464e+01 1.800000e+01 -1.370331e+01
    endloop
  endfacet
  facet normal 0.000000e+00 1.000000e+00 0.000000e+00
    outer loop
      vertex   4.375874e+01 1.800000e+01 -1.360852e+01
      vertex   4.460464e+01 1.800000e+01 -1.370331e+01
      vertex   4.396036e+01 1.800000e+01 -1.408733e+01
    endloop
  endfacet
  facet normal 0.000000e+00 1.000000e+00 0.000000e+00
    outer loop
      vertex   4.396036e+01 1.800000e+01 -1.408733e+01
      vertex   4.460464e+01 1.800000e+01 -1.370331e+01
      vertex   4.480329e+01 1.800000e+01 -1.396220e+01
    endloop
  endfacet
  facet normal -0.000000e+00 1.000000e+00 0.000000e+00
    outer loop
      vertex   4.396036e+01 1.800000e+01 -1.408733e+01
      vertex   4.480329e+01 1.800000e+01 -1.396220e+01
      vertex   4.427850e+01 1.800000e+01 -1.449804e+01
    endloop
  endfacet
  facet normal 0.000000e+00 1.000000e+00 0.000000e+00
    outer loop
      vertex   4.427850e+01 1.800000e+01 -1.449804e+01
      vertex   4.480329e+01 1.800000e+01 -1.396220e+01
      vertex   4.506218e+01 1.800000e+01 -1.416085e+01
    endloop
  endfacet
  facet normal -0.000000e+00 1.000000e+00 0.000000e+00
    outer loop
      vertex   4.427850e+01 1.800000e+01 -1.449804e+01
      vertex   4.506218e+01 1.800000e+01 -1.416085e+01
      vertex   4.469169e+01 1.800000e+01 -1.481296e+01
    endloop
  endfacet
  facet normal 0.000000e+00 1.000000e+00 0.000000e+00
    outer loop
      vertex   4.469169e+01 1.800000e+01 -1.481296e+01
      vertex   4.506218e+01 1.800000e+01 -1.416085e+01
      vertex   4.536365e+01 1.800000e+01 -1.428572e+01
    endloop
  endfacet
  facet normal -0.000000e+00 1.000000e+00 0.000000e+00
    outer loop
      vertex   4.469169e+01 1.800000e+01 -1.481296e+01
      vertex   4.536365e+01 1.800000e+01 -1.428572e+01
      vertex   4.517205e+01 1.800000e+01 -1.501084e+01
    endloop
  endfacet
  facet normal 0.000000e+00 1.000000e+00 0.000000e+00
    outer loop
      vertex   4.517205e+01 1.800000e+01 -1.501084e+01
      vertex   4.536365e+01 1.800000e+01 -1.428572e+01
      vertex   4.568718e+01 1.800000e+01 -1.432831e+01
    endloop
  endfacet
  facet normal -1.305262e-01 2.817856e-15 9.914449e-01
    outer loop
      vertex   6.743718e+01 3.000000e+00 -5.657831e+01
      vertex   6.743718e+01 5.500000e+00 -5.657831e+01
      vertex   6.691954e+01 3.000000e+00 -5.664646e+01
    endloop
  endfacet
  facet normal -1.305262e-01 0.000000e+00 9.914449e-01
    outer loop
      vertex   6.691954e+01 3.000000e+00 -5.664646e+01
      vertex   6.743718e+01 5.500000e+00 -5.657831e+01
      vertex   6.691954e+01 5.500000e+00 -5.664646e+01
    endloop
  endfacet
  facet normal -3.826834e-01 0.000000e+00 9.238795e-01
    outer loop
      vertex   6.691954e+01 3.000000e+00 -5.664646e+01
      vertex   6.691954e+01 5.500000e+00 -5.664646e+01
      vertex   6.643718e+01 3.000000e+00 -5.684626e+01
    endloop
  endfacet
  facet normal -3.826834e-01 0.000000e+00 9.238795e-01
    outer loop
      vertex   6.643718e+01 3.000000e+00 -5.684626e+01
      vertex   6.691954e+01 5.500000e+00 -5.664646e+01
      vertex   6.643718e+01 5.500000e+00 -5.684626e+01
    endloop
  endfacet
  facet normal -6.087614e-01 0.000000e+00 7.933533e-01
    outer loop
      vertex   6.643718e+01 3.000000e+00 -5.684626e+01
      vertex   6.643718e+01 5.500000e+00 -5.684626e+01
      vertex   6.602296e+01 3.000000e+00 -5.716410e+01
    endloop
  endfacet
  facet normal -6.087614e-01 0.000000e+00 7.933533e-01
    outer loop
      vertex   6.602296e+01 3.000000e+00 -5.716410e+01
      vertex   6.643718e+01 5.500000e+00 -5.684626e+01
      vertex   6.602296e+01 5.500000e+00 -5.716410e+01
    endloop
  endfacet
  facet normal -7.933533e-01 0.000000e+00 6.087614e-01
    outer loop
      vertex   6.602296e+01 3.000000e+00 -5.716410e+01
      vertex   6.602296e+01 5.500000e+00 -5.716410e+01
      vertex   6.570512e+01 3.000000e+00 -5.757831e+01
    endloop
  endfacet
  facet normal -7.933533e-01 0.000000e+00 6.087614e-01
    outer loop
      vertex   6.570512e+01 3.000000e+00 -5.757831e+01
      vertex   6.602296e+01 5.500000e+00 -5.716410e+01
      vertex   6.570512e+01 5.500000e+00 -5.757831e+01
    endloop
  endfacet
  facet normal -9.238795e-01 0.000000e+00 3.826834e-01
    outer loop
      vertex   6.570512e+01 3.000000e+00 -5.757831e+01
      vertex   6.570512e+01 5.500000e+00 -5.757831e+01
      vertex   6.550532e+01 3.000000e+00 -5.806068e+01
    endloop
  endfacet
  facet normal -9.238795e-01 0.000000e+00 3.826834e-01
    outer loop
      vertex   6.550532e+01 3.000000e+00 -5.806068e+01
      vertex   6.570512e+01 5.500000e+00 -5.757831e+01
      vertex   6.550532e+01 5.500000e+00 -5.806068e+01
    endloop
  endfacet
  facet normal -9.914449e-01 0.000000e+00 1.305262e-01
    outer loop
      vertex   6.550532e+01 3.000000e+00 -5.806068e+01
      vertex   6.550532e+01 5.500000e+00 -5.806068e+01
      vertex   6.543718e+01 3.000000e+00 -5.857831e+01
    endloop
  endfacet
  facet normal -9.914449e-01 0.000000e+00 1.305262e-01
    outer loop
      vertex   6.543718e+01 3.000000e+00 -5.857831e+01
      vertex   6.550532e+01 5.500000e+00 -5.806068e+01
      vertex   6.543718e+01 5.500000e+00 -5.857831e+01
    endloop
  endfacet
  facet normal -1.000000e+00 -0.000000e+00 -0.000000e+00
    outer loop
      vertex   6.543718e+01 5.500000e+00 -5.857831e+01
      vertex   6.543718e+01 5.500000e+00 -6.157831e+01
      vertex   6.543718e+01 3.000000e+00 -5.857831e+01
    endloop
  endfacet
  facet normal -1.000000e+00 0.000000e+00 0.000000e+00
    outer loop
      vertex   6.543718e+01 3.000000e+00 -5.857831e+01
      vertex   6.543718e+01 5.500000e+00 -6.157831e+01
      vertex   6.543718e+01 3.000000e+00 -6.157831e+01
    endloop
  endfacet
  facet normal -0.000000e+00 1.000000e+00 0.000000e+00
    outer loop
      vertex   7.014458e+01 5.500000e+00 -6.090184e+01
      vertex   7.018718e+01 5.500000e+00 -6.057831e+01
      vertex   7.243718e+01 5.500000e+00 -6.157831e+01
    endloop
  endfacet
  facet normal 0.000000e+00 1.000000e+00 0.000000e+00
    outer loop
      vertex   7.243718e+01 5.500000e+00 -6.157831e+01
      vertex   7.018718e+01 5.500000e+00 -6.057831e+01
      vertex   7.014458e+01 5.500000e+00 -6.025479e+01
    endloop
  endfacet
  facet normal 0.000000e+00 1.000000e+00 -0.000000e+00
    outer loop
      vertex   7.243718e+01 5.500000e+00 -6.157831e+01
      vertex   7.014458e+01 5.500000e+00 -6.025479e+01
      vertex   7.243718e+01 5.500000e+00 -5.857831e+01
    endloop
  endfacet
  facet normal 0.000000e+00 1.000000e+00 0.000000e+00
    outer loop
      vertex   7.243718e+01 5.500000e+00 -5.857831e+01
      vertex   7.014458e+01 5.500000e+00 -6.025479e+01
      vertex   7.001971e+01 5.500000e+00 -5.995331e+01
    endloop
  endfacet
  facet normal 0.000000e+00 1.000000e+00 0.000000e+00
    outer loop
      vertex   7.243718e+01 5.500000e+00 -5.857831e+01
      vertex   7.001971e+01 5.500000e+00 -5.995331e+01
      vertex   6.982106e+01 5.500000e+00 -5.969443e+01
    endloop
  endfacet
  facet normal -0.000000e+00 1.000000e+00 0.000000e+00
    outer loop
      vertex   6.956218e+01 5.500000e+00 -5.949578e+01
      vertex   7.185139e+01 5.500000e+00 -5.716410e+01
      vertex   6.982106e+01 5.500000e+00 -5.969443e+01
    endloop
  endfacet
  facet normal 0.000000e+00 1.000000e+00 0.000000e+00
    outer loop
      vertex   6.982106e+01 5.500000e+00 -5.969443e+01
      vertex   7.185139e+01 5.500000e+00 -5.716410e+01
      vertex   7.216923e+01 5.500000e+00 -5.757831e+01
    endloop
  endfacet
  facet normal 0.000000e+00 1.000000e+00 0.000000e+00
    outer loop
      vertex   6.982106e+01 5.500000e+00 -5.969443e+01
      vertex   7.216923e+01 5.500000e+00 -5.757831e+01
      vertex   7.236903e+01 5.500000e+00 -5.806068e+01
    endloop
  endfacet
  facet normal -0.000000e+00 1.000000e+00 0.000000e+00
    outer loop
      vertex   6.926070e+01 5.500000e+00 -5.937091e+01
      vertex   7.043718e+01 5.500000e+00 -5.657831e+01
      vertex   6.956218e+01 5.500000e+00 -5.949578e+01
    endloop
  endfacet
  facet normal 0.000000e+00 1.000000e+00 0.000000e+00
    outer loop
      vertex   6.956218e+01 5.500000e+00 -5.949578e+01
      vertex   7.043718e+01 5.500000e+00 -5.657831e+01
      vertex   7.095481e+01 5.500000e+00 -5.664646e+01
    endloop
  endfacet
  facet normal 0.000000e+00 1.000000e+00 0.000000e+00
    outer loop
      vertex   6.956218e+01 5.500000e+00 -5.949578e+01
      vertex   7.095481e+01 5.500000e+00 -5.664646e+01
      vertex   7.143718e+01 5.500000e+00 -5.684626e+01
    endloop
  endfacet
  facet normal 0.000000e+00 1.000000e+00 -0.000000e+00
    outer loop
      vertex   6.926070e+01 5.500000e+00 -5.937091e+01
      vertex   6.893718e+01 5.500000e+00 -5.932831e+01
      vertex   7.043718e+01 5.500000e+00 -5.657831e+01
    endloop
  endfacet
  facet normal 0.000000e+00 1.000000e+00 0.000000e+00
    outer loop
      vertex   7.043718e+01 5.500000e+00 -5.657831e+01
      vertex   6.893718e+01 5.500000e+00 -5.932831e+01
      vertex   6.743718e+01 5.500000e+00 -5.657831e+01
    endloop
  endfacet
  facet normal 0.000000e+00 1.000000e+00 0.000000e+00
    outer loop
      vertex   6.743718e+01 5.500000e+00 -5.657831e+01
      vertex   6.893718e+01 5.500000e+00 -5.932831e+01
      vertex   6.861365e+01 5.500000e+00 -5.937091e+01
    endloop
  endfacet
  facet normal 0.000000e+00 1.000000e+00 0.000000e+00
    outer loop
      vertex   6.743718e+01 5.500000e+00 -5.657831e+01
      vertex   6.861365e+01 5.500000e+00 -5.937091e+01
      vertex   6.831218e+01 5.500000e+00 -5.949578e+01
    endloop
  endfacet
  facet normal 0.000000e+00 1.000000e+00 -0.000000e+00
    outer loop
      vertex   6.805329e+01 5.500000e+00 -5.969443e+01
      vertex   6.602296e+01 5.500000e+00 -5.716410e+01
      vertex   6.831218e+01 5.500000e+00 -5.949578e+01
    endloop
  endfacet
  facet normal 0.000000e+00 1.000000e+00 0.000000e+00
    outer loop
      vertex   6.831218e+01 5.500000e+00 -5.949578e+01
      vertex   6.602296e+01 5.500000e+00 -5.716410e+01
      vertex   6.643718e+01 5.500000e+00 -5.684626e+01
    endloop
  endfacet
  facet normal 0.000000e+00 1.000000e+00 0.000000e+00
    outer loop
      vertex   6.831218e+01 5.500000e+00 -5.949578e+01
      vertex   6.643718e+01 5.500000e+00 -5.684626e+01
      vertex   6.691954e+01 5.500000e+00 -5.664646e+01
    endloop
  endfacet
  facet normal 0.000000e+00 1.000000e+00 -0.000000e+00
    outer loop
      vertex   6.785464e+01 5.500000e+00 -5.995331e+01
      vertex   6.543718e+01 5.500000e+00 -5.857831e+01
      vertex   6.805329e+01 5.500000e+00 -5.969443e+01
    endloop
  endfacet
  facet normal 0.000000e+00 1.000000e+00 0.000000e+00
    outer loop
      vertex   6.805329e+01 5.500000e+00 -5.969443e+01
      vertex   6.543718e+01 5.500000e+00 -5.857831e+01
      vertex   6.550532e+01 5.500000e+00 -5.806068e+01
    endloop
  endfacet
  facet normal 0.000000e+00 1.000000e+00 0.000000e+00
    outer loop
      vertex   6.805329e+01 5.500000e+00 -5.969443e+01
      vertex   6.550532e+01 5.500000e+00 -5.806068e+01
      vertex   6.570512e+01 5.500000e+00 -5.757831e+01
    endloop
  endfacet
  facet normal 0.000000e+00 1.000000e+00 0.000000e+00
    outer loop
      vertex   6.785464e+01 5.500000e+00 -5.995331e+01
      vertex   6.772977e+01 5.500000e+00 -6.025479e+01
      vertex   6.543718e+01 5.500000e+00 -5.857831e+01
    endloop
  endfacet
  facet normal 0.000000e+00 1.000000e+00 0.000000e+00
    outer loop
      vertex   6.543718e+01 5.500000e+00 -5.857831e+01
      vertex   6.772977e+01 5.500000e+00 -6.025479e+01
      vertex   6.543718e+01 5.500000e+00 -6.157831e+01
    endloop
  endfacet
  facet normal 0.000000e+00 1.000000e+00 0.000000e+00
    outer loop
      vertex   6.543718e+01 5.500000e+00 -6.157831e+01
      vertex   6.772977e+01 5.500000e+00 -6.025479e+01
      vertex   6.768718e+01 5.500000e+00 -6.057831e+01
    endloop
  endfacet
  facet normal 0.000000e+00 1.000000e+00 0.000000e+00
    outer loop
      vertex   6.543718e+01 5.500000e+00 -6.157831e+01
      vertex   6.768718e+01 5.500000e+00 -6.057831e+01
      vertex   6.772977e+01 5.500000e+00 -6.090184e+01
    endloop
  endfacet
  facet normal 0.000000e+00 1.000000e+00 0.000000e+00
    outer loop
      vertex   6.772977e+01 5.500000e+00 -6.090184e+01
      vertex   6.785464e+01 5.500000e+00 -6.120331e+01
      vertex   6.543718e+01 5.500000e+00 -6.157831e+01
    endloop
  endfacet
  facet normal -0.000000e+00 1.000000e+00 0.000000e+00
    outer loop
      vertex   6.543718e+01 5.500000e+00 -6.157831e+01
      vertex   6.785464e+01 5.500000e+00 -6.120331e+01
      vertex   6.550532e+01 5.500000e+00 -6.209595e+01
    endloop
  endfacet
  facet normal -0.000000e+00 1.000000e+00 0.000000e+00
    outer loop
      vertex   6.550532e+01 5.500000e+00 -6.209595e+01
      vertex   6.785464e+01 5.500000e+00 -6.120331e+01
      vertex   6.570512e+01 5.500000e+00 -6.257831e+01
    endloop
  endfacet
  facet normal -0.000000e+00 1.000000e+00 0.000000e+00
    outer loop
      vertex   6.570512e+01 5.500000e+00 -6.257831e+01
      vertex   6.785464e+01 5.500000e+00 -6.120331e+01
      vertex   6.602296e+01 5.500000e+00 -6.299253e+01
    endloop
  endfacet
  facet normal 0.000000e+00 1.000000e+00 0.000000e+00
    outer loop
      vertex   6.602296e+01 5.500000e+00 -6.299253e+01
      vertex   6.785464e+01 5.500000e+00 -6.120331e+01
      vertex   6.805329e+01 5.500000e+00 -6.146220e+01
    endloop
  endfacet
  facet normal -0.000000e+00 1.000000e+00 0.000000e+00
    outer loop
      vertex   6.602296e+01 5.500000e+00 -6.299253e+01
      vertex   6.805329e+01 5.500000e+00 -6.146220e+01
      vertex   6.643718e+01 5.500000e+00 -6.331036e+01
    endloop
  endfacet
  facet normal -0.000000e+00 1.000000e+00 0.000000e+00
    outer loop
      vertex   6.643718e+01 5.500000e+00 -6.331036e+01
      vertex   6.805329e+01 5.500000e+00 -6.146220e+01
      vertex   6.691954e+01 5.500000e+00 -6.351017e+01
    endloop
  endfacet
  facet normal -0.000000e+00 1.000000e+00 0.000000e+00
    outer loop
      vertex   6.691954e+01 5.500000e+00 -6.351017e+01
      vertex   6.805329e+01 5.500000e+00 -6.146220e+01
      vertex   6.743718e+01 5.500000e+00 -6.357831e+01
    endloop
  endfacet
  facet normal 0.000000e+00 1.000000e+00 0.000000e+00
    outer loop
      vertex   6.743718e+01 5.500000e+00 -6.357831e+01
      vertex   6.805329e+01 5.500000e+00 -6.146220e+01
      vertex   6.831218e+01 5.500000e+00 -6.166085e+01
    endloop
  endfacet
  facet normal 0.000000e+00 1.000000e+00 0.000000e+00
    outer loop
      vertex   6.743718e+01 5.500000e+00 -6.357831e+01
      vertex   6.831218e+01 5.500000e+00 -6.166085e+01
      vertex   6.861365e+01 5.500000e+00 -6.178572e+01
    endloop
  endfacet
  facet normal 0.000000e+00 1.000000e+00 0.000000e+00
    outer loop
      vertex   6.861365e+01 5.500000e+00 -6.178572e+01
      vertex   6.893718e+01 5.500000e+00 -6.182831e+01
      vertex   6.743718e+01 5.500000e+00 -6.357831e+01
    endloop
  endfacet
  facet normal 0.000000e+00 1.000000e+00 0.000000e+00
    outer loop
      vertex   6.743718e+01 5.500000e+00 -6.357831e+01
      vertex   6.893718e+01 5.500000e+00 -6.182831e+01
      vertex   7.043718e+01 5.500000e+00 -6.357831e+01
    endloop
  endfacet
  facet normal 0.000000e+00 1.000000e+00 0.000000e+00
    outer loop
      vertex   7.043718e+01 5.500000e+00 -6.357831e+01
      vertex   6.893718e+01 5.500000e+00 -6.182831e+01
      vertex   6.926070e+01 5.500000e+00 -6.178572e+01
    endloop
  endfacet
  facet normal 0.000000e+00 1.000000e+00 0.000000e+00
    outer loop
      vertex   7.043718e+01 5.500000e+00 -6.357831e+01
      vertex   6.926070e+01 5.500000e+00 -6.178572e+01
      vertex   6.956218e+01 5.500000e+00 -6.166085e+01
    endloop
  endfacet
  facet normal -0.000000e+00 1.000000e+00 0.000000e+00
    outer loop
      vertex   6.956218e+01 5.500000e+00 -6.166085e+01
      vertex   6.982106e+01 5.500000e+00 -6.146220e+01
      vertex   7.043718e+01 5.500000e+00 -6.357831e+01
    endloop
  endfacet
  facet normal 0.000000e+00 1.000000e+00 -0.000000e+00
    outer loop
      vertex   7.043718e+01 5.500000e+00 -6.357831e+01
      vertex   6.982106e+01 5.500000e+00 -6.146220e+01
      vertex   7.095481e+01 5.500000e+00 -6.351017e+01
    endloop
  endfacet
  facet normal 0.000000e+00 1.000000e+00 -0.000000e+00
    outer loop
      vertex   7.095481e+01 5.500000e+00 -6.351017e+01
      vertex   6.982106e+01 5.500000e+00 -6.146220e+01
      vertex   7.143718e+01 5.500000e+00 -6.331036e+01
    endloop
  endfacet
  facet normal 0.000000e+00 1.000000e+00 -0.000000e+00
    outer loop
      vertex   7.143718e+01 5.500000e+00 -6.331036e+01
      vertex   6.982106e+01 5.500000e+00 -6.146220e+01
      vertex   7.185139e+01 5.500000e+00 -6.299253e+01
    endloop
  endfacet
  facet normal 0.000000e+00 1.000000e+00 0.000000e+00
    outer loop
      vertex   7.185139e+01 5.500000e+00 -6.299253e+01
      vertex   6.982106e+01 5.500000e+00 -6.146220e+01
      vertex   7.001971e+01 5.500000e+00 -6.120331e+01
    endloop
  endfacet
  facet normal 0.000000e+00 1.000000e+00 -0.000000e+00
    outer loop
      vertex   7.185139e+01 5.500000e+00 -6.299253e+01
      vertex   7.001971e+01 5.500000e+00 -6.120331e+01
      vertex   7.216923e+01 5.500000e+00 -6.257831e+01
    endloop
  endfacet
  facet normal 0.000000e+00 1.000000e+00 -0.000000e+00
    outer loop
      vertex   7.216923e+01 5.500000e+00 -6.257831e+01
      vertex   7.001971e+01 5.500000e+00 -6.120331e+01
      vertex   7.236903e+01 5.500000e+00 -6.209595e+01
    endloop
  endfacet
  facet normal 0.000000e+00 1.000000e+00 -0.000000e+00
    outer loop
      vertex   7.236903e+01 5.500000e+00 -6.209595e+01
      vertex   7.001971e+01 5.500000e+00 -6.120331e+01
      vertex   7.243718e+01 5.500000e+00 -6.157831e+01
    endloop
  endfacet
  facet normal 0.000000e+00 1.000000e+00 0.000000e+00
    outer loop
      vertex   7.243718e+01 5.500000e+00 -6.157831e+01
      vertex   7.001971e+01 5.500000e+00 -6.120331e+01
      vertex   7.014458e+01 5.500000e+00 -6.090184e+01
    endloop
  endfacet
  facet normal -0.000000e+00 1.000000e+00 0.000000e+00
    outer loop
      vertex   6.570512e+01 5.500000e+00 -5.757831e+01
      vertex   6.602296e+01 5.500000e+00 -5.716410e+01
      vertex   6.805329e+01 5.500000e+00 -5.969443e+01
    endloop
  endfacet
  facet normal -0.000000e+00 1.000000e+00 0.000000e+00
    outer loop
      vertex   6.691954e+01 5.500000e+00 -5.664646e+01
      vertex   6.743718e+01 5.500000e+00 -5.657831e+01
      vertex   6.831218e+01 5.500000e+00 -5.949578e+01
    endloop
  endfacet
  facet normal 0.000000e+00 1.000000e+00 0.000000e+00
    outer loop
      vertex   7.143718e+01 5.500000e+00 -5.684626e+01
      vertex   7.185139e+01 5.500000e+00 -5.716410e+01
      vertex   6.956218e+01 5.500000e+00 -5.949578e+01
    endloop
  endfacet
  facet normal 0.000000e+00 1.000000e+00 0.000000e+00
    outer loop
      vertex   7.236903e+01 5.500000e+00 -5.806068e+01
      vertex   7.243718e+01 5.500000e+00 -5.857831e+01
      vertex   6.982106e+01 5.500000e+00 -5.969443e+01
    endloop
  endfacet
  facet normal -9.914449e-01 0.000000e+00 -1.305262e-01
    outer loop
      vertex   6.543718e+01 3.000000e+00 -6.157831e+01
      vertex   6.543718e+01 5.500000e+00 -6.157831e+01
      vertex   6.550532e+01 3.000000e+00 -6.209595e+01
    endloop
  endfacet
  facet normal -9.914449e-01 0.000000e+00 -1.305262e-01
    outer loop
      vertex   6.550532e+01 3.000000e+00 -6.209595e+01
      vertex   6.543718e+01 5.500000e+00 -6.157831e+01
      vertex   6.550532e+01 5.500000e+00 -6.209595e+01
    endloop
  endfacet
  facet normal -9.238795e-01 0.000000e+00 -3.826834e-01
    outer loop
      vertex   6.550532e+01 3.000000e+00 -6.209595e+01
      vertex   6.550532e+01 5.500000e+00 -6.209595e+01
      vertex   6.570512e+01 3.000000e+00 -6.257831e+01
    endloop
  endfacet
  facet normal -9.238795e-01 0.000000e+00 -3.826834e-01
    outer loop
      vertex   6.570512e+01 3.000000e+00 -6.257831e+01
      vertex   6.550532e+01 5.500000e+00 -6.209595e+01
      vertex   6.570512e+01 5.500000e+00 -6.257831e+01
    endloop
  endfacet
  facet normal -7.933533e-01 0.000000e+00 -6.087614e-01
    outer loop
      vertex   6.570512e+01 3.000000e+00 -6.257831e+01
      vertex   6.570512e+01 5.500000e+00 -6.257831e+01
      vertex   6.602296e+01 3.000000e+00 -6.299253e+01
    endloop
  endfacet
  facet normal -7.933533e-01 0.000000e+00 -6.087614e-01
    outer loop
      vertex   6.602296e+01 3.000000e+00 -6.299253e+01
      vertex   6.570512e+01 5.500000e+00 -6.257831e+01
      vertex   6.602296e+01 5.500000e+00 -6.299253e+01
    endloop
  endfacet
  facet normal -6.087614e-01 0.000000e+00 -7.933533e-01
    outer loop
      vertex   6.602296e+01 3.000000e+00 -6.299253e+01
      vertex   6.602296e+01 5.500000e+00 -6.299253e+01
      vertex   6.643718e+01 3.000000e+00 -6.331036e+01
    endloop
  endfacet
  facet normal -6.087614e-01 0.000000e+00 -7.933533e-01
    outer loop
      vertex   6.643718e+01 3.000000e+00 -6.331036e+01
      vertex   6.602296e+01 5.500000e+00 -6.299253e+01
      vertex   6.643718e+01 5.500000e+00 -6.331036e+01
    endloop
  endfacet
  facet normal -3.826834e-01 0.000000e+00 -9.238795e-01
    outer loop
      vertex   6.643718e+01 3.000000e+00 -6.331036e+01
      vertex   6.643718e+01 5.500000e+00 -6.331036e+01
      vertex   6.691954e+01 3.000000e+00 -6.351017e+01
    endloop
  endfacet
  facet normal -3.826834e-01 0.000000e+00 -9.238795e-01
    outer loop
      vertex   6.691954e+01 3.000000e+00 -6.351017e+01
      vertex   6.643718e+01 5.500000e+00 -6.331036e+01
      vertex   6.691954e+01 5.500000e+00 -6.351017e+01
    endloop
  endfacet
  facet normal -1.305262e-01 0.000000e+00 -9.914449e-01
    outer loop
      vertex   6.691954e+01 3.000000e+00 -6.351017e+01
      vertex   6.691954e+01 5.500000e+00 -6.351017e+01
      vertex   6.743718e+01 3.000000e+00 -6.357831e+01
    endloop
  endfacet
  facet normal -1.305262e-01 0.000000e+00 -9.914449e-01
    outer loop
      vertex   6.743718e+01 3.000000e+00 -6.357831e+01
      vertex   6.691954e+01 5.500000e+00 -6.351017e+01
      vertex   6.743718e+01 5.500000e+00 -6.357831e+01
    endloop
  endfacet
  facet normal 0.000000e+00 0.000000e+00 -1.000000e+00
    outer loop
      vertex   6.743718e+01 5.500000e+00 -6.357831e+01
      vertex   7.043718e+01 5.500000e+00 -6.357831e+01
      vertex   6.743718e+01 3.000000e+00 -6.357831e+01
    endloop
  endfacet
  facet normal 0.000000e+00 0.000000e+00 -1.000000e+00
    outer loop
      vertex   6.743718e+01 3.000000e+00 -6.357831e+01
      vertex   7.043718e+01 5.500000e+00 -6.357831e+01
      vertex   7.043718e+01 3.000000e+00 -6.357831e+01
    endloop
  endfacet
  facet normal -1.305262e-01 0.000000e+00 9.914449e-01
    outer loop
      vertex   6.743718e+01 3.000000e+00 -8.657831e+01
      vertex   6.743718e+01 5.500000e+00 -8.657831e+01
      vertex   6.691954e+01 3.000000e+00 -8.664646e+01
    endloop
  endfacet
  facet normal -1.305262e-01 0.000000e+00 9.914449e-01
    outer loop
      vertex   6.691954e+01 3.000000e+00 -8.664646e+01
      vertex   6.743718e+01 5.500000e+00 -8.657831e+01
      vertex   6.691954e+01 5.500000e+00 -8.664646e+01
    endloop
  endfacet
  facet normal -3.826834e-01 0.000000e+00 9.238795e-01
    outer loop
      vertex   6.691954e+01 3.000000e+00 -8.664646e+01
      vertex   6.691954e+01 5.500000e+00 -8.664646e+01
      vertex   6.643718e+01 3.000000e+00 -8.684626e+01
    endloop
  endfacet
  facet normal -3.826834e-01 0.000000e+00 9.238795e-01
    outer loop
      vertex   6.643718e+01 3.000000e+00 -8.684626e+01
      vertex   6.691954e+01 5.500000e+00 -8.664646e+01
      vertex   6.643718e+01 5.500000e+00 -8.684626e+01
    endloop
  endfacet
  facet normal -6.087614e-01 0.000000e+00 7.933533e-01
    outer loop
      vertex   6.643718e+01 3.000000e+00 -8.684626e+01
      vertex   6.643718e+01 5.500000e+00 -8.684626e+01
      vertex   6.602296e+01 3.000000e+00 -8.716410e+01
    endloop
  endfacet
  facet normal -6.087614e-01 0.000000e+00 7.933533e-01
    outer loop
      vertex   6.602296e+01 3.000000e+00 -8.716410e+01
      vertex   6.643718e+01 5.500000e+00 -8.684626e+01
      vertex   6.602296e+01 5.500000e+00 -8.716410e+01
    endloop
  endfacet
  facet normal -7.933533e-01 0.000000e+00 6.087614e-01
    outer loop
      vertex   6.602296e+01 3.000000e+00 -8.716410e+01
      vertex   6.602296e+01 5.500000e+00 -8.716410e+01
      vertex   6.570512e+01 3.000000e+00 -8.757831e+01
    endloop
  endfacet
  facet normal -7.933533e-01 0.000000e+00 6.087614e-01
    outer loop
      vertex   6.570512e+01 3.000000e+00 -8.757831e+01
      vertex   6.602296e+01 5.500000e+00 -8.716410e+01
      vertex   6.570512e+01 5.500000e+00 -8.757831e+01
    endloop
  endfacet
  facet normal -9.238795e-01 0.000000e+00 3.826834e-01
    outer loop
      vertex   6.570512e+01 3.000000e+00 -8.757831e+01
      vertex   6.570512e+01 5.500000e+00 -8.757831e+01
      vertex   6.550532e+01 3.000000e+00 -8.806068e+01
    endloop
  endfacet
  facet normal -9.238795e-01 0.000000e+00 3.826834e-01
    outer loop
      vertex   6.550532e+01 3.000000e+00 -8.806068e+01
      vertex   6.570512e+01 5.500000e+00 -8.757831e+01
      vertex   6.550532e+01 5.500000e+00 -8.806068e+01
    endloop
  endfacet
  facet normal -9.914449e-01 0.000000e+00 1.305262e-01
    outer loop
      vertex   6.550532e+01 3.000000e+00 -8.806068e+01
      vertex   6.550532e+01 5.500000e+00 -8.806068e+01
      vertex   6.543718e+01 3.000000e+00 -8.857831e+01
    endloop
  endfacet
  facet normal -9.914449e-01 0.000000e+00 1.305262e-01
    outer loop
      vertex   6.543718e+01 3.000000e+00 -8.857831e+01
      vertex   6.550532e+01 5.500000e+00 -8.806068e+01
      vertex   6.543718e+01 5.500000e+00 -8.857831e+01
    endloop
  endfacet
  facet normal -1.000000e+00 -0.000000e+00 -0.000000e+00
    outer loop
      vertex   6.543718e+01 5.500000e+00 -8.857831e+01
      vertex   6.543718e+01 5.500000e+00 -9.157831e+01
      vertex   6.543718e+01 3.000000e+00 -8.857831e+01
    endloop
  endfacet
  facet normal -1.000000e+00 0.000000e+00 0.000000e+00
    outer loop
      vertex   6.543718e+01 3.000000e+00 -8.857831e+01
      vertex   6.543718e+01 5.500000e+00 -9.157831e+01
      vertex   6.543718e+01 3.000000e+00 -9.157831e+01
    endloop
  endfacet
  facet normal 0.000000e+00 1.000000e+00 0.000000e+00
    outer loop
      vertex   7.014458e+01 5.500000e+00 -8.990184e+01
      vertex   7.018718e+01 5.500000e+00 -8.957831e+01
      vertex   7.243718e+01 5.500000e+00 -8.857831e+01
    endloop
  endfacet
  facet normal 0.000000e+00 1.000000e+00 0.000000e+00
    outer loop
      vertex   7.243718e+01 5.500000e+00 -8.857831e+01
      vertex   7.018718e+01 5.500000e+00 -8.957831e+01
      vertex   7.014458e+01 5.500000e+00 -8.925479e+01
    endloop
  endfacet
  facet normal 0.000000e+00 1.000000e+00 0.000000e+00
    outer loop
      vertex   7.243718e+01 5.500000e+00 -8.857831e+01
      vertex   7.014458e+01 5.500000e+00 -8.925479e+01
      vertex   7.001971e+01 5.500000e+00 -8.895331e+01
    endloop
  endfacet
  facet normal -0.000000e+00 1.000000e+00 0.000000e+00
    outer loop
      vertex   6.982106e+01 5.500000e+00 -8.869443e+01
      vertex   7.185139e+01 5.500000e+00 -8.716410e+01
      vertex   7.001971e+01 5.500000e+00 -8.895331e+01
    endloop
  endfacet
  facet normal 0.000000e+00 1.000000e+00 0.000000e+00
    outer loop
      vertex   7.001971e+01 5.500000e+00 -8.895331e+01
      vertex   7.185139e+01 5.500000e+00 -8.716410e+01
      vertex   7.216923e+01 5.500000e+00 -8.757831e+01
    endloop
  endfacet
  facet normal 0.000000e+00 1.000000e+00 0.000000e+00
    outer loop
      vertex   7.001971e+01 5.500000e+00 -8.895331e+01
      vertex   7.216923e+01 5.500000e+00 -8.757831e+01
      vertex   7.236903e+01 5.500000e+00 -8.806068e+01
    endloop
  endfacet
  facet normal -0.000000e+00 1.000000e+00 0.000000e+00
    outer loop
      vertex   6.956218e+01 5.500000e+00 -8.849578e+01
      vertex   7.043718e+01 5.500000e+00 -8.657831e+01
      vertex   6.982106e+01 5.500000e+00 -8.869443e+01
    endloop
  endfacet
  facet normal 0.000000e+00 1.000000e+00 0.000000e+00
    outer loop
      vertex   6.982106e+01 5.500000e+00 -8.869443e+01
      vertex   7.043718e+01 5.500000e+00 -8.657831e+01
      vertex   7.095481e+01 5.500000e+00 -8.664646e+01
    endloop
  endfacet
  facet normal 0.000000e+00 1.000000e+00 0.000000e+00
    outer loop
      vertex   6.982106e+01 5.500000e+00 -8.869443e+01
      vertex   7.095481e+01 5.500000e+00 -8.664646e+01
      vertex   7.143718e+01 5.500000e+00 -8.684626e+01
    endloop
  endfacet
  facet normal 0.000000e+00 1.000000e+00 -0.000000e+00
    outer loop
      vertex   6.956218e+01 5.500000e+00 -8.849578e+01
      vertex   6.926070e+01 5.500000e+00 -8.837091e+01
      vertex   7.043718e+01 5.500000e+00 -8.657831e+01
    endloop
  endfacet
  facet normal 0.000000e+00 1.000000e+00 0.000000e+00
    outer loop
      vertex   7.043718e+01 5.500000e+00 -8.657831e+01
      vertex   6.926070e+01 5.500000e+00 -8.837091e+01
      vertex   6.893718e+01 5.500000e+00 -8.832831e+01
    endloop
  endfacet
  facet normal 0.000000e+00 1.000000e+00 0.000000e+00
    outer loop
      vertex   7.043718e+01 5.500000e+00 -8.657831e+01
      vertex   6.893718e+01 5.500000e+00 -8.832831e+01
      vertex   6.743718e+01 5.500000e+00 -8.657831e+01
    endloop
  endfacet
  facet normal 0.000000e+00 1.000000e+00 0.000000e+00
    outer loop
      vertex   6.743718e+01 5.500000e+00 -8.657831e+01
      vertex   6.893718e+01 5.500000e+00 -8.832831e+01
      vertex   6.861365e+01 5.500000e+00 -8.837091e+01
    endloop
  endfacet
  facet normal 0.000000e+00 1.000000e+00 0.000000e+00
    outer loop
      vertex   6.743718e+01 5.500000e+00 -8.657831e+01
      vertex   6.861365e+01 5.500000e+00 -8.837091e+01
      vertex   6.831218e+01 5.500000e+00 -8.849578e+01
    endloop
  endfacet
  facet normal 0.000000e+00 1.000000e+00 0.000000e+00
    outer loop
      vertex   6.831218e+01 5.500000e+00 -8.849578e+01
      vertex   6.805329e+01 5.500000e+00 -8.869443e+01
      vertex   6.743718e+01 5.500000e+00 -8.657831e+01
    endloop
  endfacet
  facet normal 0.000000e+00 1.000000e+00 0.000000e+00
    outer loop
      vertex   6.743718e+01 5.500000e+00 -8.657831e+01
      vertex   6.805329e+01 5.500000e+00 -8.869443e+01
      vertex   6.691954e+01 5.500000e+00 -8.664646e+01
    endloop
  endfacet
  facet normal 0.000000e+00 1.000000e+00 0.000000e+00
    outer loop
      vertex   6.691954e+01 5.500000e+00 -8.664646e+01
      vertex   6.805329e+01 5.500000e+00 -8.869443e+01
      vertex   6.643718e+01 5.500000e+00 -8.684626e+01
    endloop
  endfacet
  facet normal 0.000000e+00 1.000000e+00 0.000000e+00
    outer loop
      vertex   6.643718e+01 5.500000e+00 -8.684626e+01
      vertex   6.805329e+01 5.500000e+00 -8.869443e+01
      vertex   6.602296e+01 5.500000e+00 -8.716410e+01
    endloop
  endfacet
  facet normal 0.000000e+00 1.000000e+00 0.000000e+00
    outer loop
      vertex   6.602296e+01 5.500000e+00 -8.716410e+01
      vertex   6.805329e+01 5.500000e+00 -8.869443e+01
      vertex   6.785464e+01 5.500000e+00 -8.895331e+01
    endloop
  endfacet
  facet normal 0.000000e+00 1.000000e+00 0.000000e+00
    outer loop
      vertex   6.602296e+01 5.500000e+00 -8.716410e+01
      vertex   6.785464e+01 5.500000e+00 -8.895331e+01
      vertex   6.570512e+01 5.500000e+00 -8.757831e+01
    endloop
  endfacet
  facet normal 0.000000e+00 1.000000e+00 0.000000e+00
    outer loop
      vertex   6.570512e+01 5.500000e+00 -8.757831e+01
      vertex   6.785464e+01 5.500000e+00 -8.895331e+01
      vertex   6.550532e+01 5.500000e+00 -8.806068e+01
    endloop
  endfacet
  facet normal 0.000000e+00 1.000000e+00 0.000000e+00
    outer loop
      vertex   6.550532e+01 5.500000e+00 -8.806068e+01
      vertex   6.785464e+01 5.500000e+00 -8.895331e+01
      vertex   6.543718e+01 5.500000e+00 -8.857831e+01
    endloop
  endfacet
  facet normal 0.000000e+00 1.000000e+00 0.000000e+00
    outer loop
      vertex   6.543718e+01 5.500000e+00 -8.857831e+01
      vertex   6.785464e+01 5.500000e+00 -8.895331e+01
      vertex   6.772977e+01 5.500000e+00 -8.925479e+01
    endloop
  endfacet
  facet normal 0.000000e+00 1.000000e+00 0.000000e+00
    outer loop
      vertex   6.543718e+01 5.500000e+00 -8.857831e+01
      vertex   6.772977e+01 5.500000e+00 -8.925479e+01
      vertex   6.768718e+01 5.500000e+00 -8.957831e+01
    endloop
  endfacet
  facet normal 0.000000e+00 1.000000e+00 0.000000e+00
    outer loop
      vertex   6.768718e+01 5.500000e+00 -8.957831e+01
      vertex   6.772977e+01 5.500000e+00 -8.990184e+01
      vertex   6.543718e+01 5.500000e+00 -8.857831e+01
    endloop
  endfacet
  facet normal 0.000000e+00 1.000000e+00 0.000000e+00
    outer loop
      vertex   6.543718e+01 5.500000e+00 -8.857831e+01
      vertex   6.772977e+01 5.500000e+00 -8.990184e+01
      vertex   6.543718e+01 5.500000e+00 -9.157831e+01
    endloop
  endfacet
  facet normal 0.000000e+00 1.000000e+00 0.000000e+00
    outer loop
      vertex   6.543718e+01 5.500000e+00 -9.157831e+01
      vertex   6.772977e+01 5.500000e+00 -8.990184e+01
      vertex   6.785464e+01 5.500000e+00 -9.020331e+01
    endloop
  endfacet
  facet normal 0.000000e+00 1.000000e+00 0.000000e+00
    outer loop
      vertex   6.543718e+01 5.500000e+00 -9.157831e+01
      vertex   6.785464e+01 5.500000e+00 -9.020331e+01
      vertex   6.805329e+01 5.500000e+00 -9.046220e+01
    endloop
  endfacet
  facet normal 0.000000e+00 1.000000e+00 0.000000e+00
    outer loop
      vertex   6.831218e+01 5.500000e+00 -9.066085e+01
      vertex   6.602296e+01 5.500000e+00 -9.299253e+01
      vertex   6.805329e+01 5.500000e+00 -9.046220e+01
    endloop
  endfacet
  facet normal 0.000000e+00 1.000000e+00 0.000000e+00
    outer loop
      vertex   6.805329e+01 5.500000e+00 -9.046220e+01
      vertex   6.602296e+01 5.500000e+00 -9.299253e+01
      vertex   6.570512e+01 5.500000e+00 -9.257831e+01
    endloop
  endfacet
  facet normal 0.000000e+00 1.000000e+00 0.000000e+00
    outer loop
      vertex   6.805329e+01 5.500000e+00 -9.046220e+01
      vertex   6.570512e+01 5.500000e+00 -9.257831e+01
      vertex   6.550532e+01 5.500000e+00 -9.209595e+01
    endloop
  endfacet
  facet normal 0.000000e+00 1.000000e+00 0.000000e+00
    outer loop
      vertex   6.861365e+01 5.500000e+00 -9.078572e+01
      vertex   6.743718e+01 5.500000e+00 -9.357831e+01
      vertex   6.831218e+01 5.500000e+00 -9.066085e+01
    endloop
  endfacet
  facet normal 0.000000e+00 1.000000e+00 0.000000e+00
    outer loop
      vertex   6.831218e+01 5.500000e+00 -9.066085e+01
      vertex   6.743718e+01 5.500000e+00 -9.357831e+01
      vertex   6.691954e+01 5.500000e+00 -9.351017e+01
    endloop
  endfacet
  facet normal 0.000000e+00 1.000000e+00 0.000000e+00
    outer loop
      vertex   6.831218e+01 5.500000e+00 -9.066085e+01
      vertex   6.691954e+01 5.500000e+00 -9.351017e+01
      vertex   6.643718e+01 5.500000e+00 -9.331036e+01
    endloop
  endfacet
  facet normal 0.000000e+00 1.000000e+00 0.000000e+00
    outer loop
      vertex   6.861365e+01 5.500000e+00 -9.078572e+01
      vertex   6.893718e+01 5.500000e+00 -9.082831e+01
      vertex   6.743718e+01 5.500000e+00 -9.357831e+01
    endloop
  endfacet
  facet normal 0.000000e+00 1.000000e+00 0.000000e+00
    outer loop
      vertex   6.743718e+01 5.500000e+00 -9.357831e+01
      vertex   6.893718e+01 5.500000e+00 -9.082831e+01
      vertex   7.043718e+01 5.500000e+00 -9.357831e+01
    endloop
  endfacet
  facet normal 0.000000e+00 1.000000e+00 0.000000e+00
    outer loop
      vertex   7.043718e+01 5.500000e+00 -9.357831e+01
      vertex   6.893718e+01 5.500000e+00 -9.082831e+01
      vertex   6.926070e+01 5.500000e+00 -9.078572e+01
    endloop
  endfacet
  facet normal 0.000000e+00 1.000000e+00 0.000000e+00
    outer loop
      vertex   7.043718e+01 5.500000e+00 -9.357831e+01
      vertex   6.926070e+01 5.500000e+00 -9.078572e+01
      vertex   6.956218e+01 5.500000e+00 -9.066085e+01
    endloop
  endfacet
  facet normal 0.000000e+00 1.000000e+00 0.000000e+00
    outer loop
      vertex   6.982106e+01 5.500000e+00 -9.046220e+01
      vertex   7.185139e+01 5.500000e+00 -9.299253e+01
      vertex   6.956218e+01 5.500000e+00 -9.066085e+01
    endloop
  endfacet
  facet normal 0.000000e+00 1.000000e+00 0.000000e+00
    outer loop
      vertex   6.956218e+01 5.500000e+00 -9.066085e+01
      vertex   7.185139e+01 5.500000e+00 -9.299253e+01
      vertex   7.143718e+01 5.500000e+00 -9.331036e+01
    endloop
  endfacet
  facet normal 0.000000e+00 1.000000e+00 0.000000e+00
    outer loop
      vertex   6.956218e+01 5.500000e+00 -9.066085e+01
      vertex   7.143718e+01 5.500000e+00 -9.331036e+01
      vertex   7.095481e+01 5.500000e+00 -9.351017e+01
    endloop
  endfacet
  facet normal 0.000000e+00 1.000000e+00 0.000000e+00
    outer loop
      vertex   7.001971e+01 5.500000e+00 -9.020331e+01
      vertex   7.243718e+01 5.500000e+00 -9.157831e+01
      vertex   6.982106e+01 5.500000e+00 -9.046220e+01
    endloop
  endfacet
  facet normal 0.000000e+00 1.000000e+00 0.000000e+00
    outer loop
      vertex   6.982106e+01 5.500000e+00 -9.046220e+01
      vertex   7.243718e+01 5.500000e+00 -9.157831e+01
      vertex   7.236903e+01 5.500000e+00 -9.209595e+01
    endloop
  endfacet
  facet normal 0.000000e+00 1.000000e+00 0.000000e+00
    outer loop
      vertex   6.982106e+01 5.500000e+00 -9.046220e+01
      vertex   7.236903e+01 5.500000e+00 -9.209595e+01
      vertex   7.216923e+01 5.500000e+00 -9.257831e+01
    endloop
  endfacet
  facet normal -0.000000e+00 1.000000e+00 0.000000e+00
    outer loop
      vertex   7.001971e+01 5.500000e+00 -9.020331e+01
      vertex   7.014458e+01 5.500000e+00 -8.990184e+01
      vertex   7.243718e+01 5.500000e+00 -9.157831e+01
    endloop
  endfacet
  facet normal 0.000000e+00 1.000000e+00 -0.000000e+00
    outer loop
      vertex   7.243718e+01 5.500000e+00 -9.157831e+01
      vertex   7.014458e+01 5.500000e+00 -8.990184e+01
      vertex   7.243718e+01 5.500000e+00 -8.857831e+01
    endloop
  endfacet
  facet normal 0.000000e+00 1.000000e+00 0.000000e+00
    outer loop
      vertex   7.143718e+01 5.500000e+00 -8.684626e+01
      vertex   7.185139e+01 5.500000e+00 -8.716410e+01
      vertex   6.982106e+01 5.500000e+00 -8.869443e+01
    endloop
  endfacet
  facet normal 0.000000e+00 1.000000e+00 0.000000e+00
    outer loop
      vertex   7.236903e+01 5.500000e+00 -8.806068e+01
      vertex   7.243718e+01 5.500000e+00 -8.857831e+01
      vertex   7.001971e+01 5.500000e+00 -8.895331e+01
    endloop
  endfacet
  facet normal 0.000000e+00 1.000000e+00 0.000000e+00
    outer loop
      vertex   7.216923e+01 5.500000e+00 -9.257831e+01
      vertex   7.185139e+01 5.500000e+00 -9.299253e+01
      vertex   6.982106e+01 5.500000e+00 -9.046220e+01
    endloop
  endfacet
  facet normal 0.000000e+00 1.000000e+00 0.000000e+00
    outer loop
      vertex   7.095481e+01 5.500000e+00 -9.351017e+01
      vertex   7.043718e+01 5.500000e+00 -9.357831e+01
      vertex   6.956218e+01 5.500000e+00 -9.066085e+01
    endloop
  endfacet
  facet normal 0.000000e+00 1.000000e+00 -0.000000e+00
    outer loop
      vertex   6.643718e+01 5.500000e+00 -9.331036e+01
      vertex   6.602296e+01 5.500000e+00 -9.299253e+01
      vertex   6.831218e+01 5.500000e+00 -9.066085e+01
    endloop
  endfacet
  facet normal 0.000000e+00 1.000000e+00 -0.000000e+00
    outer loop
      vertex   6.550532e+01 5.500000e+00 -9.209595e+01
      vertex   6.543718e+01 5.500000e+00 -9.157831e+01
      vertex   6.805329e+01 5.500000e+00 -9.046220e+01
    endloop
  endfacet
  facet normal -9.914449e-01 0.000000e+00 -1.305262e-01
    outer loop
      vertex   6.543718e+01 3.000000e+00 -9.157831e+01
      vertex   6.543718e+01 5.500000e+00 -9.157831e+01
      vertex   6.550532e+01 3.000000e+00 -9.209595e+01
    endloop
  endfacet
  facet normal -9.914449e-01 0.000000e+00 -1.305262e-01
    outer loop
      vertex   6.550532e+01 3.000000e+00 -9.209595e+01
      vertex   6.543718e+01 5.500000e+00 -9.157831e+01
      vertex   6.550532e+01 5.500000e+00 -9.209595e+01
    endloop
  endfacet
  facet normal -9.238795e-01 0.000000e+00 -3.826834e-01
    outer loop
      vertex   6.550532e+01 3.000000e+00 -9.209595e+01
      vertex   6.550532e+01 5.500000e+00 -9.209595e+01
      vertex   6.570512e+01 3.000000e+00 -9.257831e+01
    endloop
  endfacet
  facet normal -9.238795e-01 0.000000e+00 -3.826834e-01
    outer loop
      vertex   6.570512e+01 3.000000e+00 -9.257831e+01
      vertex   6.550532e+01 5.500000e+00 -9.209595e+01
      vertex   6.570512e+01 5.500000e+00 -9.257831e+01
    endloop
  endfacet
  facet normal -7.933533e-01 0.000000e+00 -6.087614e-01
    outer loop
      vertex   6.570512e+01 3.000000e+00 -9.257831e+01
      vertex   6.570512e+01 5.500000e+00 -9.257831e+01
      vertex   6.602296e+01 3.000000e+00 -9.299253e+01
    endloop
  endfacet
  facet normal -7.933533e-01 0.000000e+00 -6.087614e-01
    outer loop
      vertex   6.602296e+01 3.000000e+00 -9.299253e+01
      vertex   6.570512e+01 5.500000e+00 -9.257831e+01
      vertex   6.602296e+01 5.500000e+00 -9.299253e+01
    endloop
  endfacet
  facet normal -6.087614e-01 0.000000e+00 -7.933533e-01
    outer loop
      vertex   6.602296e+01 3.000000e+00 -9.299253e+01
      vertex   6.602296e+01 5.500000e+00 -9.299253e+01
      vertex   6.643718e+01 3.000000e+00 -9.331036e+01
    endloop
  endfacet
  facet normal -6.087614e-01 0.000000e+00 -7.933533e-01
    outer loop
      vertex   6.643718e+01 3.000000e+00 -9.331036e+01
      vertex   6.602296e+01 5.500000e+00 -9.299253e+01
      vertex   6.643718e+01 5.500000e+00 -9.331036e+01
    endloop
  endfacet
  facet normal -3.826834e-01 0.000000e+00 -9.238795e-01
    outer loop
      vertex   6.643718e+01 3.000000e+00 -9.331036e+01
      vertex   6.643718e+01 5.500000e+00 -9.331036e+01
      vertex   6.691954e+01 3.000000e+00 -9.351017e+01
    endloop
  endfacet
  facet normal -3.826834e-01 0.000000e+00 -9.238795e-01
    outer loop
      vertex   6.691954e+01 3.000000e+00 -9.351017e+01
      vertex   6.643718e+01 5.500000e+00 -9.331036e+01
      vertex   6.691954e+01 5.500000e+00 -9.351017e+01
    endloop
  endfacet
  facet normal -1.305262e-01 0.000000e+00 -9.914449e-01
    outer loop
      vertex   6.691954e+01 3.000000e+00 -9.351017e+01
      vertex   6.691954e+01 5.500000e+00 -9.351017e+01
      vertex   6.743718e+01 3.000000e+00 -9.357831e+01
    endloop
  endfacet
  facet normal -1.305262e-01 0.000000e+00 -9.914449e-01
    outer loop
      vertex   6.743718e+01 3.000000e+00 -9.357831e+01
      vertex   6.691954e+01 5.500000e+00 -9.351017e+01
      vertex   6.743718e+01 5.500000e+00 -9.357831e+01
    endloop
  endfacet
  facet normal 0.000000e+00 0.000000e+00 -1.000000e+00
    outer loop
      vertex   6.743718e+01 5.500000e+00 -9.357831e+01
      vertex   7.043718e+01 5.500000e+00 -9.357831e+01
      vertex   6.743718e+01 3.000000e+00 -9.357831e+01
    endloop
  endfacet
  facet normal 0.000000e+00 0.000000e+00 -1.000000e+00
    outer loop
      vertex   6.743718e+01 3.000000e+00 -9.357831e+01
      vertex   7.043718e+01 5.500000e+00 -9.357831e+01
      vertex   7.043718e+01 3.000000e+00 -9.357831e+01
    endloop
  endfacet
  facet normal -9.914449e-01 0.000000e+00 -1.305262e-01
    outer loop
      vertex   8.437175e+00 3.000000e+00 -9.157831e+01
      vertex   8.437175e+00 5.500000e+00 -9.157831e+01
      vertex   8.505324e+00 3.000000e+00 -9.209595e+01
    endloop
  endfacet
  facet normal -9.914449e-01 0.000000e+00 -1.305262e-01
    outer loop
      vertex   8.505324e+00 3.000000e+00 -9.209595e+01
      vertex   8.437175e+00 5.500000e+00 -9.157831e+01
      vertex   8.505324e+00 5.500000e+00 -9.209595e+01
    endloop
  endfacet
  facet normal -9.238795e-01 0.000000e+00 -3.826834e-01
    outer loop
      vertex   8.505324e+00 3.000000e+00 -9.209595e+01
      vertex   8.505324e+00 5.500000e+00 -9.209595e+01
      vertex   8.705124e+00 3.000000e+00 -9.257831e+01
    endloop
  endfacet
  facet normal -9.238795e-01 0.000000e+00 -3.826834e-01
    outer loop
      vertex   8.705124e+00 3.000000e+00 -9.257831e+01
      vertex   8.505324e+00 5.500000e+00 -9.209595e+01
      vertex   8.705124e+00 5.500000e+00 -9.257831e+01
    endloop
  endfacet
  facet normal -7.933533e-01 0.000000e+00 -6.087614e-01
    outer loop
      vertex   8.705124e+00 3.000000e+00 -9.257831e+01
      vertex   8.705124e+00 5.500000e+00 -9.257831e+01
      vertex   9.022962e+00 3.000000e+00 -9.299253e+01
    endloop
  endfacet
  facet normal -7.933533e-01 0.000000e+00 -6.087614e-01
    outer loop
      vertex   9.022962e+00 3.000000e+00 -9.299253e+01
      vertex   8.705124e+00 5.500000e+00 -9.257831e+01
      vertex   9.022962e+00 5.500000e+00 -9.299253e+01
    endloop
  endfacet
  facet normal -6.087614e-01 0.000000e+00 -7.933533e-01
    outer loop
      vertex   9.022962e+00 3.000000e+00 -9.299253e+01
      vertex   9.022962e+00 5.500000e+00 -9.299253e+01
      vertex   9.437175e+00 3.000000e+00 -9.331036e+01
    endloop
  endfacet
  facet normal -6.087614e-01 0.000000e+00 -7.933533e-01
    outer loop
      vertex   9.437175e+00 3.000000e+00 -9.331036e+01
      vertex   9.022962e+00 5.500000e+00 -9.299253e+01
      vertex   9.437175e+00 5.500000e+00 -9.331036e+01
    endloop
  endfacet
  facet normal -3.826834e-01 0.000000e+00 -9.238795e-01
    outer loop
      vertex   9.437175e+00 3.000000e+00 -9.331036e+01
      vertex   9.437175e+00 5.500000e+00 -9.331036e+01
      vertex   9.919537e+00 3.000000e+00 -9.351017e+01
    endloop
  endfacet
  facet normal -3.826834e-01 0.000000e+00 -9.238795e-01
    outer loop
      vertex   9.919537e+00 3.000000e+00 -9.351017e+01
      vertex   9.437175e+00 5.500000e+00 -9.331036e+01
      vertex   9.919537e+00 5.500000e+00 -9.351017e+01
    endloop
  endfacet
  facet normal -1.305262e-01 0.000000e+00 -9.914449e-01
    outer loop
      vertex   9.919537e+00 3.000000e+00 -9.351017e+01
      vertex   9.919537e+00 5.500000e+00 -9.351017e+01
      vertex   1.043718e+01 3.000000e+00 -9.357831e+01
    endloop
  endfacet
  facet normal -1.305262e-01 0.000000e+00 -9.914449e-01
    outer loop
      vertex   1.043718e+01 3.000000e+00 -9.357831e+01
      vertex   9.919537e+00 5.500000e+00 -9.351017e+01
      vertex   1.043718e+01 5.500000e+00 -9.357831e+01
    endloop
  endfacet
  facet normal 0.000000e+00 1.000000e+00 0.000000e+00
    outer loop
      vertex   1.214458e+01 5.500000e+00 -8.925479e+01
      vertex   1.343718e+01 5.500000e+00 -9.157831e+01
      vertex   1.218718e+01 5.500000e+00 -8.957831e+01
    endloop
  endfacet
  facet normal 0.000000e+00 1.000000e+00 0.000000e+00
    outer loop
      vertex   1.218718e+01 5.500000e+00 -8.957831e+01
      vertex   1.343718e+01 5.500000e+00 -9.157831e+01
      vertex   1.316923e+01 5.500000e+00 -9.257831e+01
    endloop
  endfacet
  facet normal 0.000000e+00 1.000000e+00 0.000000e+00
    outer loop
      vertex   1.218718e+01 5.500000e+00 -8.957831e+01
      vertex   1.316923e+01 5.500000e+00 -9.257831e+01
      vertex   1.285139e+01 5.500000e+00 -9.299253e+01
    endloop
  endfacet
  facet normal -0.000000e+00 1.000000e+00 0.000000e+00
    outer loop
      vertex   1.201971e+01 5.500000e+00 -8.895331e+01
      vertex   1.201971e+01 5.500000e+00 -6.120331e+01
      vertex   1.214458e+01 5.500000e+00 -8.925479e+01
    endloop
  endfacet
  facet normal 0.000000e+00 1.000000e+00 -0.000000e+00
    outer loop
      vertex   1.214458e+01 5.500000e+00 -8.925479e+01
      vertex   1.201971e+01 5.500000e+00 -6.120331e+01
      vertex   1.214458e+01 5.500000e+00 -6.090184e+01
    endloop
  endfacet
  facet normal -0.000000e+00 1.000000e+00 0.000000e+00
    outer loop
      vertex   1.214458e+01 5.500000e+00 -8.925479e+01
      vertex   1.214458e+01 5.500000e+00 -6.090184e+01
      vertex   1.343718e+01 5.500000e+00 -9.157831e+01
    endloop
  endfacet
  facet normal 0.000000e+00 1.000000e+00 -0.000000e+00
    outer loop
      vertex   1.343718e+01 5.500000e+00 -9.157831e+01
      vertex   1.214458e+01 5.500000e+00 -6.090184e+01
      vertex   1.343718e+01 5.500000e+00 -5.857831e+01
    endloop
  endfacet
  facet normal 0.000000e+00 1.000000e+00 0.000000e+00
    outer loop
      vertex   1.343718e+01 5.500000e+00 -5.857831e+01
      vertex   1.214458e+01 5.500000e+00 -6.090184e+01
      vertex   1.218718e+01 5.500000e+00 -6.057831e+01
    endloop
  endfacet
  facet normal 0.000000e+00 1.000000e+00 0.000000e+00
    outer loop
      vertex   1.343718e+01 5.500000e+00 -5.857831e+01
      vertex   1.218718e+01 5.500000e+00 -6.057831e+01
      vertex   1.316923e+01 5.500000e+00 -5.757831e+01
    endloop
  endfacet
  facet normal 0.000000e+00 1.000000e+00 0.000000e+00
    outer loop
      vertex   1.316923e+01 5.500000e+00 -5.757831e+01
      vertex   1.218718e+01 5.500000e+00 -6.057831e+01
      vertex   1.285139e+01 5.500000e+00 -5.716410e+01
    endloop
  endfacet
  facet normal 0.000000e+00 1.000000e+00 0.000000e+00
    outer loop
      vertex   1.285139e+01 5.500000e+00 -5.716410e+01
      vertex   1.218718e+01 5.500000e+00 -6.057831e+01
      vertex   1.243718e+01 5.500000e+00 -5.684626e+01
    endloop
  endfacet
  facet normal 0.000000e+00 1.000000e+00 0.000000e+00
    outer loop
      vertex   1.243718e+01 5.500000e+00 -5.684626e+01
      vertex   1.218718e+01 5.500000e+00 -6.057831e+01
      vertex   1.214458e+01 5.500000e+00 -6.025479e+01
    endloop
  endfacet
  facet normal 0.000000e+00 1.000000e+00 0.000000e+00
    outer loop
      vertex   1.243718e+01 5.500000e+00 -5.684626e+01
      vertex   1.214458e+01 5.500000e+00 -6.025479e+01
      vertex   1.195481e+01 5.500000e+00 -5.664646e+01
    endloop
  endfacet
  facet normal 0.000000e+00 1.000000e+00 0.000000e+00
    outer loop
      vertex   1.195481e+01 5.500000e+00 -5.664646e+01
      vertex   1.214458e+01 5.500000e+00 -6.025479e+01
      vertex   1.201971e+01 5.500000e+00 -5.995331e+01
    endloop
  endfacet
  facet normal 0.000000e+00 1.000000e+00 0.000000e+00
    outer loop
      vertex   1.195481e+01 5.500000e+00 -5.664646e+01
      vertex   1.201971e+01 5.500000e+00 -5.995331e+01
      vertex   1.182106e+01 5.500000e+00 -5.969443e+01
    endloop
  endfacet
  facet normal 0.000000e+00 1.000000e+00 0.000000e+00
    outer loop
      vertex   1.201971e+01 5.500000e+00 -6.120331e+01
      vertex   1.201971e+01 5.500000e+00 -8.895331e+01
      vertex   1.182106e+01 5.500000e+00 -6.146220e+01
    endloop
  endfacet
  facet normal 0.000000e+00 1.000000e+00 0.000000e+00
    outer loop
      vertex   1.182106e+01 5.500000e+00 -6.146220e+01
      vertex   1.201971e+01 5.500000e+00 -8.895331e+01
      vertex   1.182106e+01 5.500000e+00 -8.869443e+01
    endloop
  endfacet
  facet normal 0.000000e+00 1.000000e+00 0.000000e+00
    outer loop
      vertex   1.182106e+01 5.500000e+00 -6.146220e+01
      vertex   1.182106e+01 5.500000e+00 -8.869443e+01
      vertex   1.156218e+01 5.500000e+00 -6.166085e+01
    endloop
  endfacet
  facet normal 0.000000e+00 1.000000e+00 0.000000e+00
    outer loop
      vertex   1.156218e+01 5.500000e+00 -6.166085e+01
      vertex   1.182106e+01 5.500000e+00 -8.869443e+01
      vertex   1.156218e+01 5.500000e+00 -8.849578e+01
    endloop
  endfacet
  facet normal 0.000000e+00 1.000000e+00 0.000000e+00
    outer loop
      vertex   1.156218e+01 5.500000e+00 -6.166085e+01
      vertex   1.156218e+01 5.500000e+00 -8.849578e+01
      vertex   1.126070e+01 5.500000e+00 -6.178572e+01
    endloop
  endfacet
  facet normal 0.000000e+00 1.000000e+00 0.000000e+00
    outer loop
      vertex   1.126070e+01 5.500000e+00 -6.178572e+01
      vertex   1.156218e+01 5.500000e+00 -8.849578e+01
      vertex   1.126070e+01 5.500000e+00 -8.837091e+01
    endloop
  endfacet
  facet normal 0.000000e+00 1.000000e+00 0.000000e+00
    outer loop
      vertex   1.126070e+01 5.500000e+00 -6.178572e+01
      vertex   1.126070e+01 5.500000e+00 -8.837091e+01
      vertex   1.093718e+01 5.500000e+00 -6.182831e+01
    endloop
  endfacet
  facet normal 0.000000e+00 1.000000e+00 0.000000e+00
    outer loop
      vertex   1.093718e+01 5.500000e+00 -6.182831e+01
      vertex   1.126070e+01 5.500000e+00 -8.837091e+01
      vertex   1.093718e+01 5.500000e+00 -8.832831e+01
    endloop
  endfacet
  facet normal 0.000000e+00 1.000000e+00 0.000000e+00
    outer loop
      vertex   1.093718e+01 5.500000e+00 -6.182831e+01
      vertex   1.093718e+01 5.500000e+00 -8.832831e+01
      vertex   1.061365e+01 5.500000e+00 -6.178572e+01
    endloop
  endfacet
  facet normal 0.000000e+00 1.000000e+00 0.000000e+00
    outer loop
      vertex   1.061365e+01 5.500000e+00 -6.178572e+01
      vertex   1.093718e+01 5.500000e+00 -8.832831e+01
      vertex   1.061365e+01 5.500000e+00 -8.837091e+01
    endloop
  endfacet
  facet normal 0.000000e+00 1.000000e+00 0.000000e+00
    outer loop
      vertex   1.061365e+01 5.500000e+00 -6.178572e+01
      vertex   1.061365e+01 5.500000e+00 -8.837091e+01
      vertex   1.031218e+01 5.500000e+00 -6.166085e+01
    endloop
  endfacet
  facet normal 0.000000e+00 1.000000e+00 0.000000e+00
    outer loop
      vertex   1.031218e+01 5.500000e+00 -6.166085e+01
      vertex   1.061365e+01 5.500000e+00 -8.837091e+01
      vertex   1.031218e+01 5.500000e+00 -8.849578e+01
    endloop
  endfacet
  facet normal 0.000000e+00 1.000000e+00 0.000000e+00
    outer loop
      vertex   1.031218e+01 5.500000e+00 -6.166085e+01
      vertex   1.031218e+01 5.500000e+00 -8.849578e+01
      vertex   1.005329e+01 5.500000e+00 -6.146220e+01
    endloop
  endfacet
  facet normal 0.000000e+00 1.000000e+00 0.000000e+00
    outer loop
      vertex   1.005329e+01 5.500000e+00 -6.146220e+01
      vertex   1.031218e+01 5.500000e+00 -8.849578e+01
      vertex   1.005329e+01 5.500000e+00 -8.869443e+01
    endloop
  endfacet
  facet normal 0.000000e+00 1.000000e+00 0.000000e+00
    outer loop
      vertex   1.005329e+01 5.500000e+00 -6.146220e+01
      vertex   1.005329e+01 5.500000e+00 -8.869443e+01
      vertex   9.854643e+00 5.500000e+00 -6.120331e+01
    endloop
  endfacet
  facet normal 0.000000e+00 1.000000e+00 0.000000e+00
    outer loop
      vertex   9.854643e+00 5.500000e+00 -6.120331e+01
      vertex   1.005329e+01 5.500000e+00 -8.869443e+01
      vertex   9.854643e+00 5.500000e+00 -8.895331e+01
    endloop
  endfacet
  facet normal 0.000000e+00 1.000000e+00 0.000000e+00
    outer loop
      vertex   9.854643e+00 5.500000e+00 -6.120331e+01
      vertex   9.854643e+00 5.500000e+00 -8.895331e+01
      vertex   9.729768e+00 5.500000e+00 -6.090184e+01
    endloop
  endfacet
  facet normal 0.000000e+00 1.000000e+00 0.000000e+00
    outer loop
      vertex   9.729768e+00 5.500000e+00 -6.090184e+01
      vertex   9.854643e+00 5.500000e+00 -8.895331e+01
      vertex   9.729768e+00 5.500000e+00 -8.925479e+01
    endloop
  endfacet
  facet normal 0.000000e+00 1.000000e+00 0.000000e+00
    outer loop
      vertex   9.729768e+00 5.500000e+00 -6.090184e+01
      vertex   9.729768e+00 5.500000e+00 -8.925479e+01
      vertex   8.437175e+00 5.500000e+00 -5.857831e+01
    endloop
  endfacet
  facet normal 0.000000e+00 1.000000e+00 0.000000e+00
    outer loop
      vertex   8.437175e+00 5.500000e+00 -5.857831e+01
      vertex   9.729768e+00 5.500000e+00 -8.925479e+01
      vertex   8.437175e+00 5.500000e+00 -9.157831e+01
    endloop
  endfacet
  facet normal 0.000000e+00 1.000000e+00 0.000000e+00
    outer loop
      vertex   8.437175e+00 5.500000e+00 -9.157831e+01
      vertex   9.729768e+00 5.500000e+00 -8.925479e+01
      vertex   9.687175e+00 5.500000e+00 -8.957831e+01
    endloop
  endfacet
  facet normal -0.000000e+00 1.000000e+00 0.000000e+00
    outer loop
      vertex   8.437175e+00 5.500000e+00 -9.157831e+01
      vertex   9.687175e+00 5.500000e+00 -8.957831e+01
      vertex   8.705124e+00 5.500000e+00 -9.257831e+01
    endloop
  endfacet
  facet normal -0.000000e+00 1.000000e+00 0.000000e+00
    outer loop
      vertex   8.705124e+00 5.500000e+00 -9.257831e+01
      vertex   9.687175e+00 5.500000e+00 -8.957831e+01
      vertex   9.022962e+00 5.500000e+00 -9.299253e+01
    endloop
  endfacet
  facet normal -0.000000e+00 1.000000e+00 0.000000e+00
    outer loop
      vertex   9.022962e+00 5.500000e+00 -9.299253e+01
      vertex   9.687175e+00 5.500000e+00 -8.957831e+01
      vertex   9.437175e+00 5.500000e+00 -9.331036e+01
    endloop
  endfacet
  facet normal 0.000000e+00 1.000000e+00 0.000000e+00
    outer loop
      vertex   9.437175e+00 5.500000e+00 -9.331036e+01
      vertex   9.687175e+00 5.500000e+00 -8.957831e+01
      vertex   9.729768e+00 5.500000e+00 -8.990184e+01
    endloop
  endfacet
  facet normal -0.000000e+00 1.000000e+00 0.000000e+00
    outer loop
      vertex   9.437175e+00 5.500000e+00 -9.331036e+01
      vertex   9.729768e+00 5.500000e+00 -8.990184e+01
      vertex   9.919537e+00 5.500000e+00 -9.351017e+01
    endloop
  endfacet
  facet normal 0.000000e+00 1.000000e+00 0.000000e+00
    outer loop
      vertex   9.919537e+00 5.500000e+00 -9.351017e+01
      vertex   9.729768e+00 5.500000e+00 -8.990184e+01
      vertex   9.854643e+00 5.500000e+00 -9.020331e+01
    endloop
  endfacet
  facet normal 0.000000e+00 1.000000e+00 -0.000000e+00
    outer loop
      vertex   9.919537e+00 5.500000e+00 -9.351017e+01
      vertex   9.854643e+00 5.500000e+00 -9.020331e+01
      vertex   1.005329e+01 5.500000e+00 -9.046220e+01
    endloop
  endfacet
  facet normal 0.000000e+00 1.000000e+00 0.000000e+00
    outer loop
      vertex   1.005329e+01 5.500000e+00 -9.046220e+01
      vertex   1.031218e+01 5.500000e+00 -9.066085e+01
      vertex   9.919537e+00 5.500000e+00 -9.351017e+01
    endloop
  endfacet
  facet normal -0.000000e+00 1.000000e+00 0.000000e+00
    outer loop
      vertex   9.919537e+00 5.500000e+00 -9.351017e+01
      vertex   1.031218e+01 5.500000e+00 -9.066085e+01
      vertex   1.043718e+01 5.500000e+00 -9.357831e+01
    endloop
  endfacet
  facet normal 0.000000e+00 1.000000e+00 -0.000000e+00
    outer loop
      vertex   1.043718e+01 5.500000e+00 -9.357831e+01
      vertex   1.031218e+01 5.500000e+00 -9.066085e+01
      vertex   1.061365e+01 5.500000e+00 -9.078572e+01
    endloop
  endfacet
  facet normal 0.000000e+00 1.000000e+00 0.000000e+00
    outer loop
      vertex   1.043718e+01 5.500000e+00 -9.357831e+01
      vertex   1.061365e+01 5.500000e+00 -9.078572e+01
      vertex   1.093718e+01 5.500000e+00 -9.082831e+01
    endloop
  endfacet
  facet normal 0.000000e+00 1.000000e+00 0.000000e+00
    outer loop
      vertex   1.043718e+01 5.500000e+00 -9.357831e+01
      vertex   1.093718e+01 5.500000e+00 -9.082831e+01
      vertex   1.143718e+01 5.500000e+00 -9.357831e+01
    endloop
  endfacet
  facet normal 0.000000e+00 1.000000e+00 0.000000e+00
    outer loop
      vertex   1.143718e+01 5.500000e+00 -9.357831e+01
      vertex   1.093718e+01 5.500000e+00 -9.082831e+01
      vertex   1.126070e+01 5.500000e+00 -9.078572e+01
    endloop
  endfacet
  facet normal 0.000000e+00 1.000000e+00 -0.000000e+00
    outer loop
      vertex   1.143718e+01 5.500000e+00 -9.357831e+01
      vertex   1.126070e+01 5.500000e+00 -9.078572e+01
      vertex   1.156218e+01 5.500000e+00 -9.066085e+01
    endloop
  endfacet
  facet normal 0.000000e+00 1.000000e+00 0.000000e+00
    outer loop
      vertex   1.143718e+01 5.500000e+00 -9.357831e+01
      vertex   1.156218e+01 5.500000e+00 -9.066085e+01
      vertex   1.195481e+01 5.500000e+00 -9.351017e+01
    endloop
  endfacet
  facet normal 0.000000e+00 1.000000e+00 0.000000e+00
    outer loop
      vertex   1.195481e+01 5.500000e+00 -9.351017e+01
      vertex   1.156218e+01 5.500000e+00 -9.066085e+01
      vertex   1.182106e+01 5.500000e+00 -9.046220e+01
    endloop
  endfacet
  facet normal 0.000000e+00 1.000000e+00 -0.000000e+00
    outer loop
      vertex   1.195481e+01 5.500000e+00 -9.351017e+01
      vertex   1.182106e+01 5.500000e+00 -9.046220e+01
      vertex   1.201971e+01 5.500000e+00 -9.020331e+01
    endloop
  endfacet
  facet normal -0.000000e+00 1.000000e+00 0.000000e+00
    outer loop
      vertex   1.201971e+01 5.500000e+00 -9.020331e+01
      vertex   1.214458e+01 5.500000e+00 -8.990184e+01
      vertex   1.195481e+01 5.500000e+00 -9.351017e+01
    endloop
  endfacet
  facet normal 0.000000e+00 1.000000e+00 0.000000e+00
    outer loop
      vertex   1.195481e+01 5.500000e+00 -9.351017e+01
      vertex   1.214458e+01 5.500000e+00 -8.990184e+01
      vertex   1.243718e+01 5.500000e+00 -9.331036e+01
    endloop
  endfacet
  facet normal 0.000000e+00 1.000000e+00 0.000000e+00
    outer loop
      vertex   1.243718e+01 5.500000e+00 -9.331036e+01
      vertex   1.214458e+01 5.500000e+00 -8.990184e+01
      vertex   1.218718e+01 5.500000e+00 -8.957831e+01
    endloop
  endfacet
  facet normal 0.000000e+00 1.000000e+00 -0.000000e+00
    outer loop
      vertex   1.243718e+01 5.500000e+00 -9.331036e+01
      vertex   1.218718e+01 5.500000e+00 -8.957831e+01
      vertex   1.285139e+01 5.500000e+00 -9.299253e+01
    endloop
  endfacet
  facet normal 0.000000e+00 1.000000e+00 -0.000000e+00
    outer loop
      vertex   1.182106e+01 5.500000e+00 -5.969443e+01
      vertex   1.156218e+01 5.500000e+00 -5.949578e+01
      vertex   1.195481e+01 5.500000e+00 -5.664646e+01
    endloop
  endfacet
  facet normal 0.000000e+00 1.000000e+00 0.000000e+00
    outer loop
      vertex   1.195481e+01 5.500000e+00 -5.664646e+01
      vertex   1.156218e+01 5.500000e+00 -5.949578e+01
      vertex   1.143718e+01 5.500000e+00 -5.657831e+01
    endloop
  endfacet
  facet normal 0.000000e+00 1.000000e+00 0.000000e+00
    outer loop
      vertex   1.143718e+01 5.500000e+00 -5.657831e+01
      vertex   1.156218e+01 5.500000e+00 -5.949578e+01
      vertex   1.126070e+01 5.500000e+00 -5.937091e+01
    endloop
  endfacet
  facet normal 0.000000e+00 1.000000e+00 0.000000e+00
    outer loop
      vertex   1.143718e+01 5.500000e+00 -5.657831e+01
      vertex   1.126070e+01 5.500000e+00 -5.937091e+01
      vertex   1.093718e+01 5.500000e+00 -5.932831e+01
    endloop
  endfacet
  facet normal 0.000000e+00 1.000000e+00 0.000000e+00
    outer loop
      vertex   1.143718e+01 5.500000e+00 -5.657831e+01
      vertex   1.093718e+01 5.500000e+00 -5.932831e+01
      vertex   1.043718e+01 5.500000e+00 -5.657831e+01
    endloop
  endfacet
  facet normal 0.000000e+00 1.000000e+00 0.000000e+00
    outer loop
      vertex   1.043718e+01 5.500000e+00 -5.657831e+01
      vertex   1.093718e+01 5.500000e+00 -5.932831e+01
      vertex   1.061365e+01 5.500000e+00 -5.937091e+01
    endloop
  endfacet
  facet normal 0.000000e+00 1.000000e+00 0.000000e+00
    outer loop
      vertex   1.043718e+01 5.500000e+00 -5.657831e+01
      vertex   1.061365e+01 5.500000e+00 -5.937091e+01
      vertex   1.031218e+01 5.500000e+00 -5.949578e+01
    endloop
  endfacet
  facet normal 0.000000e+00 1.000000e+00 0.000000e+00
    outer loop
      vertex   1.043718e+01 5.500000e+00 -5.657831e+01
      vertex   1.031218e+01 5.500000e+00 -5.949578e+01
      vertex   9.919537e+00 5.500000e+00 -5.664646e+01
    endloop
  endfacet
  facet normal 0.000000e+00 1.000000e+00 0.000000e+00
    outer loop
      vertex   9.919537e+00 5.500000e+00 -5.664646e+01
      vertex   1.031218e+01 5.500000e+00 -5.949578e+01
      vertex   1.005329e+01 5.500000e+00 -5.969443e+01
    endloop
  endfacet
  facet normal 0.000000e+00 1.000000e+00 0.000000e+00
    outer loop
      vertex   9.919537e+00 5.500000e+00 -5.664646e+01
      vertex   1.005329e+01 5.500000e+00 -5.969443e+01
      vertex   9.854643e+00 5.500000e+00 -5.995331e+01
    endloop
  endfacet
  facet normal 0.000000e+00 1.000000e+00 -0.000000e+00
    outer loop
      vertex   9.854643e+00 5.500000e+00 -5.995331e+01
      vertex   9.729768e+00 5.500000e+00 -6.025479e+01
      vertex   9.919537e+00 5.500000e+00 -5.664646e+01
    endloop
  endfacet
  facet normal 0.000000e+00 1.000000e+00 0.000000e+00
    outer loop
      vertex   9.919537e+00 5.500000e+00 -5.664646e+01
      vertex   9.729768e+00 5.500000e+00 -6.025479e+01
      vertex   9.437175e+00 5.500000e+00 -5.684626e+01
    endloop
  endfacet
  facet normal 0.000000e+00 1.000000e+00 0.000000e+00
    outer loop
      vertex   9.437175e+00 5.500000e+00 -5.684626e+01
      vertex   9.729768e+00 5.500000e+00 -6.025479e+01
      vertex   9.687175e+00 5.500000e+00 -6.057831e+01
    endloop
  endfacet
  facet normal 0.000000e+00 1.000000e+00 0.000000e+00
    outer loop
      vertex   9.437175e+00 5.500000e+00 -5.684626e+01
      vertex   9.687175e+00 5.500000e+00 -6.057831e+01
      vertex   9.022962e+00 5.500000e+00 -5.716410e+01
    endloop
  endfacet
  facet normal 0.000000e+00 1.000000e+00 0.000000e+00
    outer loop
      vertex   9.022962e+00 5.500000e+00 -5.716410e+01
      vertex   9.687175e+00 5.500000e+00 -6.057831e+01
      vertex   8.705124e+00 5.500000e+00 -5.757831e+01
    endloop
  endfacet
  facet normal 0.000000e+00 1.000000e+00 0.000000e+00
    outer loop
      vertex   8.705124e+00 5.500000e+00 -5.757831e+01
      vertex   9.687175e+00 5.500000e+00 -6.057831e+01
      vertex   8.437175e+00 5.500000e+00 -5.857831e+01
    endloop
  endfacet
  facet normal 0.000000e+00 1.000000e+00 0.000000e+00
    outer loop
      vertex   8.705124e+00 5.500000e+00 -5.757831e+01
      vertex   8.437175e+00 5.500000e+00 -5.857831e+01
      vertex   8.505324e+00 5.500000e+00 -5.806068e+01
    endloop
  endfacet
  facet normal 0.000000e+00 1.000000e+00 0.000000e+00
    outer loop
      vertex   9.687175e+00 5.500000e+00 -6.057831e+01
      vertex   9.729768e+00 5.500000e+00 -6.090184e+01
      vertex   8.437175e+00 5.500000e+00 -5.857831e+01
    endloop
  endfacet
  facet normal 0.000000e+00 1.000000e+00 0.000000e+00
    outer loop
      vertex   8.705124e+00 5.500000e+00 -9.257831e+01
      vertex   8.505324e+00 5.500000e+00 -9.209595e+01
      vertex   8.437175e+00 5.500000e+00 -9.157831e+01
    endloop
  endfacet
  facet normal 0.000000e+00 1.000000e+00 0.000000e+00
    outer loop
      vertex   1.316923e+01 5.500000e+00 -5.757831e+01
      vertex   1.336903e+01 5.500000e+00 -5.806068e+01
      vertex   1.343718e+01 5.500000e+00 -5.857831e+01
    endloop
  endfacet
  facet normal 0.000000e+00 1.000000e+00 0.000000e+00
    outer loop
      vertex   1.343718e+01 5.500000e+00 -9.157831e+01
      vertex   1.336903e+01 5.500000e+00 -9.209595e+01
      vertex   1.316923e+01 5.500000e+00 -9.257831e+01
    endloop
  endfacet
  facet normal -1.000000e+00 0.000000e+00 0.000000e+00
    outer loop
      vertex   8.437175e+00 3.000000e+00 -9.157831e+01
      vertex   8.437175e+00 3.000000e+00 -5.857831e+01
      vertex   8.437175e+00 5.500000e+00 -9.157831e+01
    endloop
  endfacet
  facet normal -1.000000e+00 0.000000e+00 0.000000e+00
    outer loop
      vertex   8.437175e+00 5.500000e+00 -9.157831e+01
      vertex   8.437175e+00 3.000000e+00 -5.857831e+01
      vertex   8.437175e+00 5.500000e+00 -5.857831e+01
    endloop
  endfacet
  facet normal -1.305262e-01 2.817856e-15 9.914449e-01
    outer loop
      vertex   1.043718e+01 3.000000e+00 -5.657831e+01
      vertex   1.043718e+01 5.500000e+00 -5.657831e+01
      vertex   9.919537e+00 3.000000e+00 -5.664646e+01
    endloop
  endfacet
  facet normal -1.305262e-01 -2.817856e-15 9.914449e-01
    outer loop
      vertex   9.919537e+00 3.000000e+00 -5.664646e+01
      vertex   1.043718e+01 5.500000e+00 -5.657831e+01
      vertex   9.919537e+00 5.500000e+00 -5.664646e+01
    endloop
  endfacet
  facet normal -3.826834e-01 -2.625824e-15 9.238795e-01
    outer loop
      vertex   9.919537e+00 3.000000e+00 -5.664646e+01
      vertex   9.919537e+00 5.500000e+00 -5.664646e+01
      vertex   9.437175e+00 3.000000e+00 -5.684626e+01
    endloop
  endfacet
  facet normal -3.826834e-01 0.000000e+00 9.238795e-01
    outer loop
      vertex   9.437175e+00 3.000000e+00 -5.684626e+01
      vertex   9.919537e+00 5.500000e+00 -5.664646e+01
      vertex   9.437175e+00 5.500000e+00 -5.684626e+01
    endloop
  endfacet
  facet normal -6.087614e-01 0.000000e+00 7.933533e-01
    outer loop
      vertex   9.437175e+00 3.000000e+00 -5.684626e+01
      vertex   9.437175e+00 5.500000e+00 -5.684626e+01
      vertex   9.022962e+00 3.000000e+00 -5.716410e+01
    endloop
  endfacet
  facet normal -6.087614e-01 0.000000e+00 7.933533e-01
    outer loop
      vertex   9.022962e+00 3.000000e+00 -5.716410e+01
      vertex   9.437175e+00 5.500000e+00 -5.684626e+01
      vertex   9.022962e+00 5.500000e+00 -5.716410e+01
    endloop
  endfacet
  facet normal -7.933533e-01 0.000000e+00 6.087614e-01
    outer loop
      vertex   9.022962e+00 3.000000e+00 -5.716410e+01
      vertex   9.022962e+00 5.500000e+00 -5.716410e+01
      vertex   8.705124e+00 3.000000e+00 -5.757831e+01
    endloop
  endfacet
  facet normal -7.933533e-01 0.000000e+00 6.087614e-01
    outer loop
      vertex   8.705124e+00 3.000000e+00 -5.757831e+01
      vertex   9.022962e+00 5.500000e+00 -5.716410e+01
      vertex   8.705124e+00 5.500000e+00 -5.757831e+01
    endloop
  endfacet
  facet normal -9.238795e-01 0.000000e+00 3.826834e-01
    outer loop
      vertex   8.705124e+00 3.000000e+00 -5.757831e+01
      vertex   8.705124e+00 5.500000e+00 -5.757831e+01
      vertex   8.505324e+00 3.000000e+00 -5.806068e+01
    endloop
  endfacet
  facet normal -9.238795e-01 0.000000e+00 3.826834e-01
    outer loop
      vertex   8.505324e+00 3.000000e+00 -5.806068e+01
      vertex   8.705124e+00 5.500000e+00 -5.757831e+01
      vertex   8.505324e+00 5.500000e+00 -5.806068e+01
    endloop
  endfacet
  facet normal -9.914449e-01 0.000000e+00 1.305262e-01
    outer loop
      vertex   8.505324e+00 3.000000e+00 -5.806068e+01
      vertex   8.505324e+00 5.500000e+00 -5.806068e+01
      vertex   8.437175e+00 3.000000e+00 -5.857831e+01
    endloop
  endfacet
  facet normal -9.914449e-01 0.000000e+00 1.305262e-01
    outer loop
      vertex   8.437175e+00 3.000000e+00 -5.857831e+01
      vertex   8.505324e+00 5.500000e+00 -5.806068e+01
      vertex   8.437175e+00 5.500000e+00 -5.857831e+01
    endloop
  endfacet
  facet normal 1.305262e-01 0.000000e+00 -9.914449e-01
    outer loop
      vertex   1.143718e+01 3.000000e+00 -9.357831e+01
      vertex   1.143718e+01 5.500000e+00 -9.357831e+01
      vertex   1.195481e+01 3.000000e+00 -9.351017e+01
    endloop
  endfacet
  facet normal 1.305262e-01 0.000000e+00 -9.914449e-01
    outer loop
      vertex   1.195481e+01 3.000000e+00 -9.351017e+01
      vertex   1.143718e+01 5.500000e+00 -9.357831e+01
      vertex   1.195481e+01 5.500000e+00 -9.351017e+01
    endloop
  endfacet
  facet normal 3.826834e-01 0.000000e+00 -9.238795e-01
    outer loop
      vertex   1.195481e+01 3.000000e+00 -9.351017e+01
      vertex   1.195481e+01 5.500000e+00 -9.351017e+01
      vertex   1.243718e+01 3.000000e+00 -9.331036e+01
    endloop
  endfacet
  facet normal 3.826834e-01 0.000000e+00 -9.238795e-01
    outer loop
      vertex   1.243718e+01 3.000000e+00 -9.331036e+01
      vertex   1.195481e+01 5.500000e+00 -9.351017e+01
      vertex   1.243718e+01 5.500000e+00 -9.331036e+01
    endloop
  endfacet
  facet normal 6.087614e-01 0.000000e+00 -7.933533e-01
    outer loop
      vertex   1.243718e+01 3.000000e+00 -9.331036e+01
      vertex   1.243718e+01 5.500000e+00 -9.331036e+01
      vertex   1.285139e+01 3.000000e+00 -9.299253e+01
    endloop
  endfacet
  facet normal 6.087614e-01 0.000000e+00 -7.933533e-01
    outer loop
      vertex   1.285139e+01 3.000000e+00 -9.299253e+01
      vertex   1.243718e+01 5.500000e+00 -9.331036e+01
      vertex   1.285139e+01 5.500000e+00 -9.299253e+01
    endloop
  endfacet
  facet normal 7.933533e-01 0.000000e+00 -6.087614e-01
    outer loop
      vertex   1.285139e+01 3.000000e+00 -9.299253e+01
      vertex   1.285139e+01 5.500000e+00 -9.299253e+01
      vertex   1.316923e+01 3.000000e+00 -9.257831e+01
    endloop
  endfacet
  facet normal 7.933533e-01 5.637115e-16 -6.087614e-01
    outer loop
      vertex   1.316923e+01 3.000000e+00 -9.257831e+01
      vertex   1.285139e+01 5.500000e+00 -9.299253e+01
      vertex   1.316923e+01 5.500000e+00 -9.257831e+01
    endloop
  endfacet
  facet normal 9.238795e-01 6.564559e-16 -3.826834e-01
    outer loop
      vertex   1.316923e+01 3.000000e+00 -9.257831e+01
      vertex   1.316923e+01 5.500000e+00 -9.257831e+01
      vertex   1.336903e+01 3.000000e+00 -9.209595e+01
    endloop
  endfacet
  facet normal 9.238795e-01 0.000000e+00 -3.826834e-01
    outer loop
      vertex   1.336903e+01 3.000000e+00 -9.209595e+01
      vertex   1.316923e+01 5.500000e+00 -9.257831e+01
      vertex   1.336903e+01 5.500000e+00 -9.209595e+01
    endloop
  endfacet
  facet normal 9.914449e-01 0.000000e+00 -1.305262e-01
    outer loop
      vertex   1.336903e+01 3.000000e+00 -9.209595e+01
      vertex   1.336903e+01 5.500000e+00 -9.209595e+01
      vertex   1.343718e+01 3.000000e+00 -9.157831e+01
    endloop
  endfacet
  facet normal 9.914449e-01 0.000000e+00 -1.305262e-01
    outer loop
      vertex   1.343718e+01 3.000000e+00 -9.157831e+01
      vertex   1.336903e+01 5.500000e+00 -9.209595e+01
      vertex   1.343718e+01 5.500000e+00 -9.157831e+01
    endloop
  endfacet
  facet normal 1.000000e+00 0.000000e+00 -0.000000e+00
    outer loop
      vertex   1.343718e+01 5.500000e+00 -9.157831e+01
      vertex   1.343718e+01 5.500000e+00 -5.857831e+01
      vertex   1.343718e+01 3.000000e+00 -9.157831e+01
    endloop
  endfacet
  facet normal 1.000000e+00 0.000000e+00 0.000000e+00
    outer loop
      vertex   1.343718e+01 3.000000e+00 -9.157831e+01
      vertex   1.343718e+01 5.500000e+00 -5.857831e+01
      vertex   1.343718e+01 3.000000e+00 -5.857831e+01
    endloop
  endfacet
  facet normal 9.914449e-01 -0.000000e+00 1.305262e-01
    outer loop
      vertex   1.343718e+01 3.000000e+00 -5.857831e+01
      vertex   1.343718e+01 5.500000e+00 -5.857831e+01
      vertex   1.336903e+01 3.000000e+00 -5.806068e+01
    endloop
  endfacet
  facet normal 9.914449e-01 7.044639e-16 1.305262e-01
    outer loop
      vertex   1.336903e+01 3.000000e+00 -5.806068e+01
      vertex   1.343718e+01 5.500000e+00 -5.857831e+01
      vertex   1.336903e+01 5.500000e+00 -5.806068e+01
    endloop
  endfacet
  facet normal 9.238795e-01 6.564559e-16 3.826834e-01
    outer loop
      vertex   1.336903e+01 3.000000e+00 -5.806068e+01
      vertex   1.336903e+01 5.500000e+00 -5.806068e+01
      vertex   1.316923e+01 3.000000e+00 -5.757831e+01
    endloop
  endfacet
  facet normal 9.238795e-01 -0.000000e+00 3.826834e-01
    outer loop
      vertex   1.316923e+01 3.000000e+00 -5.757831e+01
      vertex   1.336903e+01 5.500000e+00 -5.806068e+01
      vertex   1.316923e+01 5.500000e+00 -5.757831e+01
    endloop
  endfacet
  facet normal 7.933533e-01 -0.000000e+00 6.087614e-01
    outer loop
      vertex   1.316923e+01 3.000000e+00 -5.757831e+01
      vertex   1.316923e+01 5.500000e+00 -5.757831e+01
      vertex   1.285139e+01 3.000000e+00 -5.716410e+01
    endloop
  endfacet
  facet normal 7.933533e-01 -0.000000e+00 6.087614e-01
    outer loop
      vertex   1.285139e+01 3.000000e+00 -5.716410e+01
      vertex   1.316923e+01 5.500000e+00 -5.757831e+01
      vertex   1.285139e+01 5.500000e+00 -5.716410e+01
    endloop
  endfacet
  facet normal 6.087614e-01 -0.000000e+00 7.933533e-01
    outer loop
      vertex   1.285139e+01 3.000000e+00 -5.716410e+01
      vertex   1.285139e+01 5.500000e+00 -5.716410e+01
      vertex   1.243718e+01 3.000000e+00 -5.684626e+01
    endloop
  endfacet
  facet normal 6.087614e-01 -0.000000e+00 7.933533e-01
    outer loop
      vertex   1.243718e+01 3.000000e+00 -5.684626e+01
      vertex   1.285139e+01 5.500000e+00 -5.716410e+01
      vertex   1.243718e+01 5.500000e+00 -5.684626e+01
    endloop
  endfacet
  facet normal 3.826834e-01 -0.000000e+00 9.238795e-01
    outer loop
      vertex   1.243718e+01 3.000000e+00 -5.684626e+01
      vertex   1.243718e+01 5.500000e+00 -5.684626e+01
      vertex   1.195481e+01 3.000000e+00 -5.664646e+01
    endloop
  endfacet
  facet normal 3.826834e-01 -0.000000e+00 9.238795e-01
    outer loop
      vertex   1.195481e+01 3.000000e+00 -5.664646e+01
      vertex   1.243718e+01 5.500000e+00 -5.684626e+01
      vertex   1.195481e+01 5.500000e+00 -5.664646e+01
    endloop
  endfacet
  facet normal 1.305262e-01 -0.000000e+00 9.914449e-01
    outer loop
      vertex   1.195481e+01 3.000000e+00 -5.664646e+01
      vertex   1.195481e+01 5.500000e+00 -5.664646e+01
      vertex   1.143718e+01 3.000000e+00 -5.657831e+01
    endloop
  endfacet
  facet normal 1.305262e-01 2.817856e-15 9.914449e-01
    outer loop
      vertex   1.143718e+01 3.000000e+00 -5.657831e+01
      vertex   1.195481e+01 5.500000e+00 -5.664646e+01
      vertex   1.143718e+01 5.500000e+00 -5.657831e+01
    endloop
  endfacet
  facet normal 1.305262e-01 0.000000e+00 -9.914449e-01
    outer loop
      vertex   7.043718e+01 3.000000e+00 -9.357831e+01
      vertex   7.043718e+01 5.500000e+00 -9.357831e+01
      vertex   7.095481e+01 3.000000e+00 -9.351017e+01
    endloop
  endfacet
  facet normal 1.305262e-01 0.000000e+00 -9.914449e-01
    outer loop
      vertex   7.095481e+01 3.000000e+00 -9.351017e+01
      vertex   7.043718e+01 5.500000e+00 -9.357831e+01
      vertex   7.095481e+01 5.500000e+00 -9.351017e+01
    endloop
  endfacet
  facet normal 3.826834e-01 0.000000e+00 -9.238795e-01
    outer loop
      vertex   7.095481e+01 3.000000e+00 -9.351017e+01
      vertex   7.095481e+01 5.500000e+00 -9.351017e+01
      vertex   7.143718e+01 3.000000e+00 -9.331036e+01
    endloop
  endfacet
  facet normal 3.826834e-01 0.000000e+00 -9.238795e-01
    outer loop
      vertex   7.143718e+01 3.000000e+00 -9.331036e+01
      vertex   7.095481e+01 5.500000e+00 -9.351017e+01
      vertex   7.143718e+01 5.500000e+00 -9.331036e+01
    endloop
  endfacet
  facet normal 6.087614e-01 0.000000e+00 -7.933533e-01
    outer loop
      vertex   7.143718e+01 3.000000e+00 -9.331036e+01
      vertex   7.143718e+01 5.500000e+00 -9.331036e+01
      vertex   7.185139e+01 3.000000e+00 -9.299253e+01
    endloop
  endfacet
  facet normal 6.087614e-01 0.000000e+00 -7.933533e-01
    outer loop
      vertex   7.185139e+01 3.000000e+00 -9.299253e+01
      vertex   7.143718e+01 5.500000e+00 -9.331036e+01
      vertex   7.185139e+01 5.500000e+00 -9.299253e+01
    endloop
  endfacet
  facet normal 7.933533e-01 0.000000e+00 -6.087614e-01
    outer loop
      vertex   7.185139e+01 3.000000e+00 -9.299253e+01
      vertex   7.185139e+01 5.500000e+00 -9.299253e+01
      vertex   7.216923e+01 3.000000e+00 -9.257831e+01
    endloop
  endfacet
  facet normal 7.933533e-01 0.000000e+00 -6.087614e-01
    outer loop
      vertex   7.216923e+01 3.000000e+00 -9.257831e+01
      vertex   7.185139e+01 5.500000e+00 -9.299253e+01
      vertex   7.216923e+01 5.500000e+00 -9.257831e+01
    endloop
  endfacet
  facet normal 9.238795e-01 0.000000e+00 -3.826834e-01
    outer loop
      vertex   7.216923e+01 3.000000e+00 -9.257831e+01
      vertex   7.216923e+01 5.500000e+00 -9.257831e+01
      vertex   7.236903e+01 3.000000e+00 -9.209595e+01
    endloop
  endfacet
  facet normal 9.238795e-01 0.000000e+00 -3.826834e-01
    outer loop
      vertex   7.236903e+01 3.000000e+00 -9.209595e+01
      vertex   7.216923e+01 5.500000e+00 -9.257831e+01
      vertex   7.236903e+01 5.500000e+00 -9.209595e+01
    endloop
  endfacet
  facet normal 9.914449e-01 0.000000e+00 -1.305262e-01
    outer loop
      vertex   7.236903e+01 3.000000e+00 -9.209595e+01
      vertex   7.236903e+01 5.500000e+00 -9.209595e+01
      vertex   7.243718e+01 3.000000e+00 -9.157831e+01
    endloop
  endfacet
  facet normal 9.914449e-01 0.000000e+00 -1.305262e-01
    outer loop
      vertex   7.243718e+01 3.000000e+00 -9.157831e+01
      vertex   7.236903e+01 5.500000e+00 -9.209595e+01
      vertex   7.243718e+01 5.500000e+00 -9.157831e+01
    endloop
  endfacet
  facet normal 1.000000e+00 0.000000e+00 -0.000000e+00
    outer loop
      vertex   7.243718e+01 5.500000e+00 -9.157831e+01
      vertex   7.243718e+01 5.500000e+00 -8.857831e+01
      vertex   7.243718e+01 3.000000e+00 -9.157831e+01
    endloop
  endfacet
  facet normal 1.000000e+00 0.000000e+00 0.000000e+00
    outer loop
      vertex   7.243718e+01 3.000000e+00 -9.157831e+01
      vertex   7.243718e+01 5.500000e+00 -8.857831e+01
      vertex   7.243718e+01 3.000000e+00 -8.857831e+01
    endloop
  endfacet
  facet normal 9.914449e-01 -0.000000e+00 1.305262e-01
    outer loop
      vertex   7.243718e+01 3.000000e+00 -8.857831e+01
      vertex   7.243718e+01 5.500000e+00 -8.857831e+01
      vertex   7.236903e+01 3.000000e+00 -8.806068e+01
    endloop
  endfacet
  facet normal 9.914449e-01 -0.000000e+00 1.305262e-01
    outer loop
      vertex   7.236903e+01 3.000000e+00 -8.806068e+01
      vertex   7.243718e+01 5.500000e+00 -8.857831e+01
      vertex   7.236903e+01 5.500000e+00 -8.806068e+01
    endloop
  endfacet
  facet normal 9.238795e-01 -0.000000e+00 3.826834e-01
    outer loop
      vertex   7.236903e+01 3.000000e+00 -8.806068e+01
      vertex   7.236903e+01 5.500000e+00 -8.806068e+01
      vertex   7.216923e+01 3.000000e+00 -8.757831e+01
    endloop
  endfacet
  facet normal 9.238795e-01 -0.000000e+00 3.826834e-01
    outer loop
      vertex   7.216923e+01 3.000000e+00 -8.757831e+01
      vertex   7.236903e+01 5.500000e+00 -8.806068e+01
      vertex   7.216923e+01 5.500000e+00 -8.757831e+01
    endloop
  endfacet
  facet normal 7.933533e-01 -0.000000e+00 6.087614e-01
    outer loop
      vertex   7.216923e+01 3.000000e+00 -8.757831e+01
      vertex   7.216923e+01 5.500000e+00 -8.757831e+01
      vertex   7.185139e+01 3.000000e+00 -8.716410e+01
    endloop
  endfacet
  facet normal 7.933533e-01 -0.000000e+00 6.087614e-01
    outer loop
      vertex   7.185139e+01 3.000000e+00 -8.716410e+01
      vertex   7.216923e+01 5.500000e+00 -8.757831e+01
      vertex   7.185139e+01 5.500000e+00 -8.716410e+01
    endloop
  endfacet
  facet normal 6.087614e-01 -0.000000e+00 7.933533e-01
    outer loop
      vertex   7.185139e+01 3.000000e+00 -8.716410e+01
      vertex   7.185139e+01 5.500000e+00 -8.716410e+01
      vertex   7.143718e+01 3.000000e+00 -8.684626e+01
    endloop
  endfacet
  facet normal 6.087614e-01 -0.000000e+00 7.933533e-01
    outer loop
      vertex   7.143718e+01 3.000000e+00 -8.684626e+01
      vertex   7.185139e+01 5.500000e+00 -8.716410e+01
      vertex   7.143718e+01 5.500000e+00 -8.684626e+01
    endloop
  endfacet
  facet normal 3.826834e-01 -0.000000e+00 9.238795e-01
    outer loop
      vertex   7.143718e+01 3.000000e+00 -8.684626e+01
      vertex   7.143718e+01 5.500000e+00 -8.684626e+01
      vertex   7.095481e+01 3.000000e+00 -8.664646e+01
    endloop
  endfacet
  facet normal 3.826834e-01 -0.000000e+00 9.238795e-01
    outer loop
      vertex   7.095481e+01 3.000000e+00 -8.664646e+01
      vertex   7.143718e+01 5.500000e+00 -8.684626e+01
      vertex   7.095481e+01 5.500000e+00 -8.664646e+01
    endloop
  endfacet
  facet normal 1.305262e-01 -0.000000e+00 9.914449e-01
    outer loop
      vertex   7.095481e+01 3.000000e+00 -8.664646e+01
      vertex   7.095481e+01 5.500000e+00 -8.664646e+01
      vertex   7.043718e+01 3.000000e+00 -8.657831e+01
    endloop
  endfacet
  facet normal 1.305262e-01 -0.000000e+00 9.914449e-01
    outer loop
      vertex   7.043718e+01 3.000000e+00 -8.657831e+01
      vertex   7.095481e+01 5.500000e+00 -8.664646e+01
      vertex   7.043718e+01 5.500000e+00 -8.657831e+01
    endloop
  endfacet
  facet normal 9.914449e-01 -0.000000e+00 1.305262e-01
    outer loop
      vertex   7.243718e+01 3.000000e+00 -5.857831e+01
      vertex   7.243718e+01 5.500000e+00 -5.857831e+01
      vertex   7.236903e+01 3.000000e+00 -5.806068e+01
    endloop
  endfacet
  facet normal 9.914449e-01 -0.000000e+00 1.305262e-01
    outer loop
      vertex   7.236903e+01 3.000000e+00 -5.806068e+01
      vertex   7.243718e+01 5.500000e+00 -5.857831e+01
      vertex   7.236903e+01 5.500000e+00 -5.806068e+01
    endloop
  endfacet
  facet normal 9.238795e-01 -0.000000e+00 3.826834e-01
    outer loop
      vertex   7.236903e+01 3.000000e+00 -5.806068e+01
      vertex   7.236903e+01 5.500000e+00 -5.806068e+01
      vertex   7.216923e+01 3.000000e+00 -5.757831e+01
    endloop
  endfacet
  facet normal 9.238795e-01 -0.000000e+00 3.826834e-01
    outer loop
      vertex   7.216923e+01 3.000000e+00 -5.757831e+01
      vertex   7.236903e+01 5.500000e+00 -5.806068e+01
      vertex   7.216923e+01 5.500000e+00 -5.757831e+01
    endloop
  endfacet
  facet normal 7.933533e-01 -0.000000e+00 6.087614e-01
    outer loop
      vertex   7.216923e+01 3.000000e+00 -5.757831e+01
      vertex   7.216923e+01 5.500000e+00 -5.757831e+01
      vertex   7.185139e+01 3.000000e+00 -5.716410e+01
    endloop
  endfacet
  facet normal 7.933533e-01 -0.000000e+00 6.087614e-01
    outer loop
      vertex   7.185139e+01 3.000000e+00 -5.716410e+01
      vertex   7.216923e+01 5.500000e+00 -5.757831e+01
      vertex   7.185139e+01 5.500000e+00 -5.716410e+01
    endloop
  endfacet
  facet normal 6.087614e-01 -0.000000e+00 7.933533e-01
    outer loop
      vertex   7.185139e+01 3.000000e+00 -5.716410e+01
      vertex   7.185139e+01 5.500000e+00 -5.716410e+01
      vertex   7.143718e+01 3.000000e+00 -5.684626e+01
    endloop
  endfacet
  facet normal 6.087614e-01 -0.000000e+00 7.933533e-01
    outer loop
      vertex   7.143718e+01 3.000000e+00 -5.684626e+01
      vertex   7.185139e+01 5.500000e+00 -5.716410e+01
      vertex   7.143718e+01 5.500000e+00 -5.684626e+01
    endloop
  endfacet
  facet normal 3.826834e-01 -0.000000e+00 9.238795e-01
    outer loop
      vertex   7.143718e+01 3.000000e+00 -5.684626e+01
      vertex   7.143718e+01 5.500000e+00 -5.684626e+01
      vertex   7.095481e+01 3.000000e+00 -5.664646e+01
    endloop
  endfacet
  facet normal 3.826834e-01 -0.000000e+00 9.238795e-01
    outer loop
      vertex   7.095481e+01 3.000000e+00 -5.664646e+01
      vertex   7.143718e+01 5.500000e+00 -5.684626e+01
      vertex   7.095481e+01 5.500000e+00 -5.664646e+01
    endloop
  endfacet
  facet normal 1.305262e-01 -0.000000e+00 9.914449e-01
    outer loop
      vertex   7.095481e+01 3.000000e+00 -5.664646e+01
      vertex   7.095481e+01 5.500000e+00 -5.664646e+01
      vertex   7.043718e+01 3.000000e+00 -5.657831e+01
    endloop
  endfacet
  facet normal 1.305262e-01 2.817856e-15 9.914449e-01
    outer loop
      vertex   7.043718e+01 3.000000e+00 -5.657831e+01
      vertex   7.095481e+01 5.500000e+00 -5.664646e+01
      vertex   7.043718e+01 5.500000e+00 -5.657831e+01
    endloop
  endfacet
  facet normal 1.000000e+00 -0.000000e+00 0.000000e+00
    outer loop
      vertex   7.243718e+01 3.000000e+00 -5.857831e+01
      vertex   7.243718e+01 3.000000e+00 -6.157831e+01
      vertex   7.243718e+01 5.500000e+00 -5.857831e+01
    endloop
  endfacet
  facet normal 1.000000e+00 0.000000e+00 0.000000e+00
    outer loop
      vertex   7.243718e+01 5.500000e+00 -5.857831e+01
      vertex   7.243718e+01 3.000000e+00 -6.157831e+01
      vertex   7.243718e+01 5.500000e+00 -6.157831e+01
    endloop
  endfacet
  facet normal 1.305262e-01 0.000000e+00 -9.914449e-01
    outer loop
      vertex   7.043718e+01 3.000000e+00 -6.357831e+01
      vertex   7.043718e+01 5.500000e+00 -6.357831e+01
      vertex   7.095481e+01 3.000000e+00 -6.351017e+01
    endloop
  endfacet
  facet normal 1.305262e-01 0.000000e+00 -9.914449e-01
    outer loop
      vertex   7.095481e+01 3.000000e+00 -6.351017e+01
      vertex   7.043718e+01 5.500000e+00 -6.357831e+01
      vertex   7.095481e+01 5.500000e+00 -6.351017e+01
    endloop
  endfacet
  facet normal 3.826834e-01 0.000000e+00 -9.238795e-01
    outer loop
      vertex   7.095481e+01 3.000000e+00 -6.351017e+01
      vertex   7.095481e+01 5.500000e+00 -6.351017e+01
      vertex   7.143718e+01 3.000000e+00 -6.331036e+01
    endloop
  endfacet
  facet normal 3.826834e-01 0.000000e+00 -9.238795e-01
    outer loop
      vertex   7.143718e+01 3.000000e+00 -6.331036e+01
      vertex   7.095481e+01 5.500000e+00 -6.351017e+01
      vertex   7.143718e+01 5.500000e+00 -6.331036e+01
    endloop
  endfacet
  facet normal 6.087614e-01 0.000000e+00 -7.933533e-01
    outer loop
      vertex   7.143718e+01 3.000000e+00 -6.331036e+01
      vertex   7.143718e+01 5.500000e+00 -6.331036e+01
      vertex   7.185139e+01 3.000000e+00 -6.299253e+01
    endloop
  endfacet
  facet normal 6.087614e-01 0.000000e+00 -7.933533e-01
    outer loop
      vertex   7.185139e+01 3.000000e+00 -6.299253e+01
      vertex   7.143718e+01 5.500000e+00 -6.331036e+01
      vertex   7.185139e+01 5.500000e+00 -6.299253e+01
    endloop
  endfacet
  facet normal 7.933533e-01 0.000000e+00 -6.087614e-01
    outer loop
      vertex   7.185139e+01 3.000000e+00 -6.299253e+01
      vertex   7.185139e+01 5.500000e+00 -6.299253e+01
      vertex   7.216923e+01 3.000000e+00 -6.257831e+01
    endloop
  endfacet
  facet normal 7.933533e-01 0.000000e+00 -6.087614e-01
    outer loop
      vertex   7.216923e+01 3.000000e+00 -6.257831e+01
      vertex   7.185139e+01 5.500000e+00 -6.299253e+01
      vertex   7.216923e+01 5.500000e+00 -6.257831e+01
    endloop
  endfacet
  facet normal 9.238795e-01 0.000000e+00 -3.826834e-01
    outer loop
      vertex   7.216923e+01 3.000000e+00 -6.257831e+01
      vertex   7.216923e+01 5.500000e+00 -6.257831e+01
      vertex   7.236903e+01 3.000000e+00 -6.209595e+01
    endloop
  endfacet
  facet normal 9.238795e-01 0.000000e+00 -3.826834e-01
    outer loop
      vertex   7.236903e+01 3.000000e+00 -6.209595e+01
      vertex   7.216923e+01 5.500000e+00 -6.257831e+01
      vertex   7.236903e+01 5.500000e+00 -6.209595e+01
    endloop
  endfacet
  facet normal 9.914449e-01 0.000000e+00 -1.305262e-01
    outer loop
      vertex   7.236903e+01 3.000000e+00 -6.209595e+01
      vertex   7.236903e+01 5.500000e+00 -6.209595e+01
      vertex   7.243718e+01 3.000000e+00 -6.157831e+01
    endloop
  endfacet
  facet normal 9.914449e-01 0.000000e+00 -1.305262e-01
    outer loop
      vertex   7.243718e+01 3.000000e+00 -6.157831e+01
      vertex   7.236903e+01 5.500000e+00 -6.209595e+01
      vertex   7.243718e+01 5.500000e+00 -6.157831e+01
    endloop
  endfacet
  facet normal 1.000000e+00 -2.914761e-13 -1.207333e-13
    outer loop
      vertex   7.743718e+01 1.593185e+01 -1.156068e+01
      vertex   7.743718e+01 1.573205e+01 -1.107831e+01
      vertex   7.743718e+01 1.600000e+01 -1.207831e+01
    endloop
  endfacet
  facet normal 1.000000e+00 -8.537137e-14 -6.550775e-14
    outer loop
      vertex   7.743718e+01 1.600000e+01 -1.207831e+01
      vertex   7.743718e+01 1.573205e+01 -1.107831e+01
      vertex   7.743718e+01 1.541421e+01 -1.066410e+01
    endloop
  endfacet
  facet normal 1.000000e+00 -3.390931e-14 -4.419147e-14
    outer loop
      vertex   7.743718e+01 1.600000e+01 -1.207831e+01
      vertex   7.743718e+01 1.541421e+01 -1.066410e+01
      vertex   7.743718e+01 1.500000e+01 -1.034626e+01
    endloop
  endfacet
  facet normal 1.000000e+00 -1.339998e-14 -3.235040e-14
    outer loop
      vertex   7.743718e+01 1.500000e+01 -1.034626e+01
      vertex   7.743718e+01 1.451764e+01 -1.014646e+01
      vertex   7.743718e+01 1.600000e+01 -1.207831e+01
    endloop
  endfacet
  facet normal 1.000000e+00 -9.484658e-14 -9.484658e-14
    outer loop
      vertex   7.743718e+01 1.600000e+01 -1.207831e+01
      vertex   7.743718e+01 1.451764e+01 -1.014646e+01
      vertex   7.743718e+01 1.400000e+01 -1.007831e+01
    endloop
  endfacet
  facet normal 1.000000e+00 1.776357e-15 1.776357e-15
    outer loop
      vertex   7.743718e+01 1.600000e+01 -1.207831e+01
      vertex   7.743718e+01 1.400000e+01 -1.007831e+01
      vertex   7.743718e+01 1.400000e+01 -3.407831e+01
    endloop
  endfacet
  facet normal 1.000000e+00 0.000000e+00 1.776357e-15
    outer loop
      vertex   7.743718e+01 1.400000e+01 -3.407831e+01
      vertex   7.743718e+01 1.400000e+01 -1.007831e+01
      vertex   7.743718e+01 3.000000e+00 -3.407831e+01
    endloop
  endfacet
  facet normal 1.000000e+00 0.000000e+00 1.776357e-15
    outer loop
      vertex   7.743718e+01 3.000000e+00 -3.407831e+01
      vertex   7.743718e+01 1.400000e+01 -1.007831e+01
      vertex   7.743718e+01 3.000000e+00 -1.007831e+01
    endloop
  endfacet
  facet normal 1.000000e+00 -2.131628e-15 2.131628e-15
    outer loop
      vertex   7.743718e+01 1.600000e+01 -1.207831e+01
      vertex   7.743718e+01 1.400000e+01 -3.407831e+01
      vertex   7.743718e+01 1.600000e+01 -3.207831e+01
    endloop
  endfacet
  facet normal 1.000000e+00 0.000000e+00 0.000000e+00
    outer loop
      vertex   7.743718e+01 1.600000e+01 -3.207831e+01
      vertex   7.743718e+01 1.400000e+01 -3.407831e+01
      vertex   7.743718e+01 1.451764e+01 -3.401017e+01
    endloop
  endfacet
  facet normal 1.000000e+00 0.000000e+00 0.000000e+00
    outer loop
      vertex   7.743718e+01 1.600000e+01 -3.207831e+01
      vertex   7.743718e+01 1.451764e+01 -3.401017e+01
      vertex   7.743718e+01 1.500000e+01 -3.381036e+01
    endloop
  endfacet
  facet normal 1.000000e+00 0.000000e+00 0.000000e+00
    outer loop
      vertex   7.743718e+01 1.500000e+01 -3.381036e+01
      vertex   7.743718e+01 1.541421e+01 -3.349253e+01
      vertex   7.743718e+01 1.600000e+01 -3.207831e+01
    endloop
  endfacet
  facet normal 1.000000e+00 0.000000e+00 0.000000e+00
    outer loop
      vertex   7.743718e+01 1.600000e+01 -3.207831e+01
      vertex   7.743718e+01 1.541421e+01 -3.349253e+01
      vertex   7.743718e+01 1.573205e+01 -3.307831e+01
    endloop
  endfacet
  facet normal 1.000000e+00 0.000000e+00 0.000000e+00
    outer loop
      vertex   7.743718e+01 1.600000e+01 -3.207831e+01
      vertex   7.743718e+01 1.573205e+01 -3.307831e+01
      vertex   7.743718e+01 1.593185e+01 -3.259595e+01
    endloop
  endfacet
  facet normal 0.000000e+00 0.000000e+00 1.000000e+00
    outer loop
      vertex   7.743718e+01 1.400000e+01 -1.007831e+01
      vertex   3.143718e+01 1.400000e+01 -1.007831e+01
      vertex   7.743718e+01 3.000000e+00 -1.007831e+01
    endloop
  endfacet
  facet normal 0.000000e+00 0.000000e+00 1.000000e+00
    outer loop
      vertex   7.743718e+01 3.000000e+00 -1.007831e+01
      vertex   3.143718e+01 1.400000e+01 -1.007831e+01
      vertex   3.143718e+01 3.000000e+00 -1.007831e+01
    endloop
  endfacet
  facet normal -1.000000e+00 -1.580776e-14 -1.580776e-14
    outer loop
      vertex   3.143718e+01 1.451764e+01 -1.014646e+01
      vertex   3.143718e+01 1.600000e+01 -1.207831e+01
      vertex   3.143718e+01 1.400000e+01 -1.007831e+01
    endloop
  endfacet
  facet normal -1.000000e+00 3.552714e-16 3.552714e-16
    outer loop
      vertex   3.143718e+01 1.400000e+01 -1.007831e+01
      vertex   3.143718e+01 1.600000e+01 -1.207831e+01
      vertex   3.143718e+01 1.600000e+01 -3.207831e+01
    endloop
  endfacet
  facet normal -1.000000e+00 -2.960595e-16 2.960595e-16
    outer loop
      vertex   3.143718e+01 1.400000e+01 -1.007831e+01
      vertex   3.143718e+01 1.600000e+01 -3.207831e+01
      vertex   3.143718e+01 1.400000e+01 -3.407831e+01
    endloop
  endfacet
  facet normal -1.000000e+00 0.000000e+00 0.000000e+00
    outer loop
      vertex   3.143718e+01 1.400000e+01 -3.407831e+01
      vertex   3.143718e+01 1.600000e+01 -3.207831e+01
      vertex   3.143718e+01 1.451764e+01 -3.401017e+01
    endloop
  endfacet
  facet normal -1.000000e+00 0.000000e+00 0.000000e+00
    outer loop
      vertex   3.143718e+01 1.451764e+01 -3.401017e+01
      vertex   3.143718e+01 1.600000e+01 -3.207831e+01
      vertex   3.143718e+01 1.500000e+01 -3.381036e+01
    endloop
  endfacet
  facet normal -1.000000e+00 0.000000e+00 0.000000e+00
    outer loop
      vertex   3.143718e+01 1.500000e+01 -3.381036e+01
      vertex   3.143718e+01 1.600000e+01 -3.207831e+01
      vertex   3.143718e+01 1.541421e+01 -3.349253e+01
    endloop
  endfacet
  facet normal -1.000000e+00 0.000000e+00 0.000000e+00
    outer loop
      vertex   3.143718e+01 1.541421e+01 -3.349253e+01
      vertex   3.143718e+01 1.600000e+01 -3.207831e+01
      vertex   3.143718e+01 1.573205e+01 -3.307831e+01
    endloop
  endfacet
  facet normal -1.000000e+00 0.000000e+00 0.000000e+00
    outer loop
      vertex   3.143718e+01 1.573205e+01 -3.307831e+01
      vertex   3.143718e+01 1.600000e+01 -3.207831e+01
      vertex   3.143718e+01 1.593185e+01 -3.259595e+01
    endloop
  endfacet
  facet normal -1.000000e+00 -2.233329e-15 -5.391734e-15
    outer loop
      vertex   3.143718e+01 1.451764e+01 -1.014646e+01
      vertex   3.143718e+01 1.500000e+01 -1.034626e+01
      vertex   3.143718e+01 1.600000e+01 -1.207831e+01
    endloop
  endfacet
  facet normal -1.000000e+00 -5.651551e-15 -7.365245e-15
    outer loop
      vertex   3.143718e+01 1.600000e+01 -1.207831e+01
      vertex   3.143718e+01 1.500000e+01 -1.034626e+01
      vertex   3.143718e+01 1.541421e+01 -1.066410e+01
    endloop
  endfacet
  facet normal -1.000000e+00 -1.422856e-14 -1.091796e-14
    outer loop
      vertex   3.143718e+01 1.600000e+01 -1.207831e+01
      vertex   3.143718e+01 1.541421e+01 -1.066410e+01
      vertex   3.143718e+01 1.573205e+01 -1.107831e+01
    endloop
  endfacet
  facet normal -1.000000e+00 -4.857935e-14 -2.012222e-14
    outer loop
      vertex   3.143718e+01 1.573205e+01 -1.107831e+01
      vertex   3.143718e+01 1.593185e+01 -1.156068e+01
      vertex   3.143718e+01 1.600000e+01 -1.207831e+01
    endloop
  endfacet
  facet normal -1.000000e+00 0.000000e+00 2.960595e-16
    outer loop
      vertex   3.143718e+01 3.000000e+00 -3.407831e+01
      vertex   3.143718e+01 3.000000e+00 -1.007831e+01
      vertex   3.143718e+01 1.400000e+01 -3.407831e+01
    endloop
  endfacet
  facet normal -1.000000e+00 0.000000e+00 2.960595e-16
    outer loop
      vertex   3.143718e+01 1.400000e+01 -3.407831e+01
      vertex   3.143718e+01 3.000000e+00 -1.007831e+01
      vertex   3.143718e+01 1.400000e+01 -1.007831e+01
    endloop
  endfacet
  facet normal -4.637222e-16 9.914449e-01 -1.305262e-01
    outer loop
      vertex   7.543718e+01 1.600000e+01 -3.207831e+01
      vertex   7.743718e+01 1.600000e+01 -3.207831e+01
      vertex   7.543718e+01 1.593185e+01 -3.259595e+01
    endloop
  endfacet
  facet normal 8.805799e-16 9.914449e-01 -1.305262e-01
    outer loop
      vertex   7.543718e+01 1.593185e+01 -3.259595e+01
      vertex   7.743718e+01 1.600000e+01 -3.207831e+01
      vertex   7.743718e+01 1.593185e+01 -3.259595e+01
    endloop
  endfacet
  facet normal 8.205699e-16 9.238795e-01 -3.826834e-01
    outer loop
      vertex   7.543718e+01 1.593185e+01 -3.259595e+01
      vertex   7.743718e+01 1.593185e+01 -3.259595e+01
      vertex   7.543718e+01 1.573205e+01 -3.307831e+01
    endloop
  endfacet
  facet normal 2.815751e-16 9.238795e-01 -3.826834e-01
    outer loop
      vertex   7.543718e+01 1.573205e+01 -3.307831e+01
      vertex   7.743718e+01 1.593185e+01 -3.259595e+01
      vertex   7.743718e+01 1.573205e+01 -3.307831e+01
    endloop
  endfacet
  facet normal -7.534764e-16 7.933533e-01 -6.087614e-01
    outer loop
      vertex   7.543718e+01 1.573205e+01 -3.307831e+01
      vertex   7.743718e+01 1.573205e+01 -3.307831e+01
      vertex   7.543718e+01 1.541421e+01 -3.349253e+01
    endloop
  endfacet
  facet normal 7.046393e-16 7.933533e-01 -6.087614e-01
    outer loop
      vertex   7.543718e+01 1.541421e+01 -3.349253e+01
      vertex   7.743718e+01 1.573205e+01 -3.307831e+01
      vertex   7.743718e+01 1.541421e+01 -3.349253e+01
    endloop
  endfacet
  facet normal 5.406888e-16 6.087614e-01 -7.933533e-01
    outer loop
      vertex   7.543718e+01 1.541421e+01 -3.349253e+01
      vertex   7.743718e+01 1.541421e+01 -3.349253e+01
      vertex   7.543718e+01 1.500000e+01 -3.381036e+01
    endloop
  endfacet
  facet normal 0.000000e+00 6.087614e-01 -7.933533e-01
    outer loop
      vertex   7.543718e+01 1.500000e+01 -3.381036e+01
      vertex   7.743718e+01 1.541421e+01 -3.349253e+01
      vertex   7.743718e+01 1.500000e+01 -3.381036e+01
    endloop
  endfacet
  facet normal 0.000000e+00 3.826834e-01 -9.238795e-01
    outer loop
      vertex   7.543718e+01 1.500000e+01 -3.381036e+01
      vertex   7.743718e+01 1.500000e+01 -3.381036e+01
      vertex   7.543718e+01 1.451764e+01 -3.401017e+01
    endloop
  endfacet
  facet normal 6.797823e-16 3.826834e-01 -9.238795e-01
    outer loop
      vertex   7.543718e+01 1.451764e+01 -3.401017e+01
      vertex   7.743718e+01 1.500000e+01 -3.381036e+01
      vertex   7.743718e+01 1.451764e+01 -3.401017e+01
    endloop
  endfacet
  facet normal 2.318611e-16 1.305262e-01 -9.914449e-01
    outer loop
      vertex   7.543718e+01 1.451764e+01 -3.401017e+01
      vertex   7.743718e+01 1.451764e+01 -3.401017e+01
      vertex   7.543718e+01 1.400000e+01 -3.407831e+01
    endloop
  endfacet
  facet normal 0.000000e+00 1.305262e-01 -9.914449e-01
    outer loop
      vertex   7.543718e+01 1.400000e+01 -3.407831e+01
      vertex   7.743718e+01 1.451764e+01 -3.401017e+01
      vertex   7.743718e+01 1.400000e+01 -3.407831e+01
    endloop
  endfacet
  facet normal 0.000000e+00 1.305262e-01 -9.914449e-01
    outer loop
      vertex   3.343718e+01 1.400000e+01 -3.407831e+01
      vertex   3.143718e+01 1.400000e+01 -3.407831e+01
      vertex   3.343718e+01 1.451764e+01 -3.401017e+01
    endloop
  endfacet
  facet normal 0.000000e+00 1.305262e-01 -9.914449e-01
    outer loop
      vertex   3.343718e+01 1.451764e+01 -3.401017e+01
      vertex   3.143718e+01 1.400000e+01 -3.407831e+01
      vertex   3.143718e+01 1.451764e+01 -3.401017e+01
    endloop
  endfacet
  facet normal 0.000000e+00 3.826834e-01 -9.238795e-01
    outer loop
      vertex   3.343718e+01 1.451764e+01 -3.401017e+01
      vertex   3.143718e+01 1.451764e+01 -3.401017e+01
      vertex   3.343718e+01 1.500000e+01 -3.381036e+01
    endloop
  endfacet
  facet normal 0.000000e+00 3.826834e-01 -9.238795e-01
    outer loop
      vertex   3.343718e+01 1.500000e+01 -3.381036e+01
      vertex   3.143718e+01 1.451764e+01 -3.401017e+01
      vertex   3.143718e+01 1.500000e+01 -3.381036e+01
    endloop
  endfacet
  facet normal 0.000000e+00 6.087614e-01 -7.933533e-01
    outer loop
      vertex   3.343718e+01 1.500000e+01 -3.381036e+01
      vertex   3.143718e+01 1.500000e+01 -3.381036e+01
      vertex   3.343718e+01 1.541421e+01 -3.349253e+01
    endloop
  endfacet
  facet normal 0.000000e+00 6.087614e-01 -7.933533e-01
    outer loop
      vertex   3.343718e+01 1.541421e+01 -3.349253e+01
      vertex   3.143718e+01 1.500000e+01 -3.381036e+01
      vertex   3.143718e+01 1.541421e+01 -3.349253e+01
    endloop
  endfacet
  facet normal 0.000000e+00 7.933533e-01 -6.087614e-01
    outer loop
      vertex   3.343718e+01 1.541421e+01 -3.349253e+01
      vertex   3.143718e+01 1.541421e+01 -3.349253e+01
      vertex   3.343718e+01 1.573205e+01 -3.307831e+01
    endloop
  endfacet
  facet normal 0.000000e+00 7.933533e-01 -6.087614e-01
    outer loop
      vertex   3.343718e+01 1.573205e+01 -3.307831e+01
      vertex   3.143718e+01 1.541421e+01 -3.349253e+01
      vertex   3.143718e+01 1.573205e+01 -3.307831e+01
    endloop
  endfacet
  facet normal 0.000000e+00 9.238795e-01 -3.826834e-01
    outer loop
      vertex   3.343718e+01 1.573205e+01 -3.307831e+01
      vertex   3.143718e+01 1.573205e+01 -3.307831e+01
      vertex   3.343718e+01 1.593185e+01 -3.259595e+01
    endloop
  endfacet
  facet normal 0.000000e+00 9.238795e-01 -3.826834e-01
    outer loop
      vertex   3.343718e+01 1.593185e+01 -3.259595e+01
      vertex   3.143718e+01 1.573205e+01 -3.307831e+01
      vertex   3.143718e+01 1.593185e+01 -3.259595e+01
    endloop
  endfacet
  facet normal 0.000000e+00 9.914449e-01 -1.305262e-01
    outer loop
      vertex   3.343718e+01 1.593185e+01 -3.259595e+01
      vertex   3.143718e+01 1.593185e+01 -3.259595e+01
      vertex   3.343718e+01 1.600000e+01 -3.207831e+01
    endloop
  endfacet
  facet normal 0.000000e+00 9.914449e-01 -1.305262e-01
    outer loop
      vertex   3.343718e+01 1.600000e+01 -3.207831e+01
      vertex   3.143718e+01 1.593185e+01 -3.259595e+01
      vertex   3.143718e+01 1.600000e+01 -3.207831e+01
    endloop
  endfacet
  facet normal 1.000000e+00 0.000000e+00 -0.000000e+00
    outer loop
      vertex   3.343718e+01 1.451764e+01 -3.401017e+01
      vertex   3.343718e+01 1.600000e+01 -3.207831e+01
      vertex   3.343718e+01 1.400000e+01 -3.407831e+01
    endloop
  endfacet
  facet normal 1.000000e+00 0.000000e+00 0.000000e+00
    outer loop
      vertex   3.343718e+01 1.400000e+01 -3.407831e+01
      vertex   3.343718e+01 1.600000e+01 -3.207831e+01
      vertex   3.343718e+01 1.400000e+01 -2.305817e+01
    endloop
  endfacet
  facet normal 1.000000e+00 0.000000e+00 -0.000000e+00
    outer loop
      vertex   3.343718e+01 1.400000e+01 -3.407831e+01
      vertex   3.343718e+01 1.400000e+01 -2.305817e+01
      vertex   3.343718e+01 3.000000e+00 -3.407831e+01
    endloop
  endfacet
  facet normal 1.000000e+00 0.000000e+00 0.000000e+00
    outer loop
      vertex   3.343718e+01 3.000000e+00 -3.407831e+01
      vertex   3.343718e+01 1.400000e+01 -2.305817e+01
      vertex   3.343718e+01 3.000000e+00 -1.607831e+01
    endloop
  endfacet
  facet normal 1.000000e+00 -0.000000e+00 0.000000e+00
    outer loop
      vertex   3.343718e+01 3.000000e+00 -1.607831e+01
      vertex   3.343718e+01 1.400000e+01 -2.305817e+01
      vertex   3.343718e+01 1.400000e+01 -1.607831e+01
    endloop
  endfacet
  facet normal 1.000000e+00 0.000000e+00 0.000000e+00
    outer loop
      vertex   3.343718e+01 1.451764e+01 -3.401017e+01
      vertex   3.343718e+01 1.500000e+01 -3.381036e+01
      vertex   3.343718e+01 1.600000e+01 -3.207831e+01
    endloop
  endfacet
  facet normal 1.000000e+00 0.000000e+00 0.000000e+00
    outer loop
      vertex   3.343718e+01 1.600000e+01 -3.207831e+01
      vertex   3.343718e+01 1.500000e+01 -3.381036e+01
      vertex   3.343718e+01 1.541421e+01 -3.349253e+01
    endloop
  endfacet
  facet normal 1.000000e+00 0.000000e+00 0.000000e+00
    outer loop
      vertex   3.343718e+01 1.600000e+01 -3.207831e+01
      vertex   3.343718e+01 1.541421e+01 -3.349253e+01
      vertex   3.343718e+01 1.573205e+01 -3.307831e+01
    endloop
  endfacet
  facet normal 1.000000e+00 0.000000e+00 0.000000e+00
    outer loop
      vertex   3.343718e+01 1.573205e+01 -3.307831e+01
      vertex   3.343718e+01 1.593185e+01 -3.259595e+01
      vertex   3.343718e+01 1.600000e+01 -3.207831e+01
    endloop
  endfacet
  facet normal 1.000000e+00 0.000000e+00 -0.000000e+00
    outer loop
      vertex   3.343718e+01 1.600000e+01 -3.207831e+01
      vertex   3.343718e+01 1.600000e+01 -2.305817e+01
      vertex   3.343718e+01 1.400000e+01 -2.305817e+01
    endloop
  endfacet
  facet normal -0.000000e+00 -0.000000e+00 -1.000000e+00
    outer loop
      vertex   7.543718e+01 1.600000e+01 -2.305817e+01
      vertex   7.543718e+01 1.400000e+01 -2.305817e+01
      vertex   5.943718e+01 1.600000e+01 -2.305817e+01
    endloop
  endfacet
  facet normal 0.000000e+00 -0.000000e+00 -1.000000e+00
    outer loop
      vertex   5.943718e+01 1.600000e+01 -2.305817e+01
      vertex   7.543718e+01 1.400000e+01 -2.305817e+01
      vertex   3.343718e+01 1.400000e+01 -2.305817e+01
    endloop
  endfacet
  facet normal -0.000000e+00 0.000000e+00 -1.000000e+00
    outer loop
      vertex   5.943718e+01 1.600000e+01 -2.305817e+01
      vertex   3.343718e+01 1.400000e+01 -2.305817e+01
      vertex   4.943718e+01 1.600000e+01 -2.305817e+01
    endloop
  endfacet
  facet normal -0.000000e+00 0.000000e+00 -1.000000e+00
    outer loop
      vertex   4.943718e+01 1.600000e+01 -2.305817e+01
      vertex   3.343718e+01 1.400000e+01 -2.305817e+01
      vertex   3.343718e+01 1.600000e+01 -2.305817e+01
    endloop
  endfacet
  facet normal 0.000000e+00 -1.000000e+00 0.000000e+00
    outer loop
      vertex   3.343718e+01 1.400000e+01 -2.305817e+01
      vertex   7.543718e+01 1.400000e+01 -2.305817e+01
      vertex   3.343718e+01 1.400000e+01 -1.607831e+01
    endloop
  endfacet
  facet normal 0.000000e+00 -1.000000e+00 0.000000e+00
    outer loop
      vertex   3.343718e+01 1.400000e+01 -1.607831e+01
      vertex   7.543718e+01 1.400000e+01 -2.305817e+01
      vertex   7.543718e+01 1.400000e+01 -1.607831e+01
    endloop
  endfacet
  facet normal -9.914449e-01 0.000000e+00 1.305262e-01
    outer loop
      vertex   4.689458e+01 1.800000e+01 -1.340184e+01
      vertex   4.689458e+01 1.300000e+01 -1.340184e+01
      vertex   4.693718e+01 1.800000e+01 -1.307831e+01
    endloop
  endfacet
  facet normal -9.914449e-01 0.000000e+00 1.305262e-01
    outer loop
      vertex   4.693718e+01 1.800000e+01 -1.307831e+01
      vertex   4.689458e+01 1.300000e+01 -1.340184e+01
      vertex   4.693718e+01 1.300000e+01 -1.307831e+01
    endloop
  endfacet
  facet normal -9.914449e-01 -0.000000e+00 -1.305262e-01
    outer loop
      vertex   4.693718e+01 1.800000e+01 -1.307831e+01
      vertex   4.693718e+01 1.300000e+01 -1.307831e+01
      vertex   4.689458e+01 1.800000e+01 -1.275479e+01
    endloop
  endfacet
  facet normal -9.914449e-01 -0.000000e+00 -1.305262e-01
    outer loop
      vertex   4.689458e+01 1.800000e+01 -1.275479e+01
      vertex   4.693718e+01 1.300000e+01 -1.307831e+01
      vertex   4.689458e+01 1.300000e+01 -1.275479e+01
    endloop
  endfacet
  facet normal -9.238795e-01 -0.000000e+00 -3.826834e-01
    outer loop
      vertex   4.689458e+01 1.800000e+01 -1.275479e+01
      vertex   4.689458e+01 1.300000e+01 -1.275479e+01
      vertex   4.676971e+01 1.800000e+01 -1.245331e+01
    endloop
  endfacet
  facet normal -9.238795e-01 2.719129e-16 -3.826834e-01
    outer loop
      vertex   4.676971e+01 1.800000e+01 -1.245331e+01
      vertex   4.689458e+01 1.300000e+01 -1.275479e+01
      vertex   4.676971e+01 1.300000e+01 -1.245331e+01
    endloop
  endfacet
  facet normal -7.933533e-01 4.325510e-16 -6.087614e-01
    outer loop
      vertex   4.676971e+01 1.800000e+01 -1.245331e+01
      vertex   4.676971e+01 1.300000e+01 -1.245331e+01
      vertex   4.657106e+01 1.800000e+01 -1.219443e+01
    endloop
  endfacet
  facet normal -7.933533e-01 -0.000000e+00 -6.087614e-01
    outer loop
      vertex   4.657106e+01 1.800000e+01 -1.219443e+01
      vertex   4.676971e+01 1.300000e+01 -1.245331e+01
      vertex   4.657106e+01 1.300000e+01 -1.219443e+01
    endloop
  endfacet
  facet normal -6.087614e-01 -0.000000e+00 -7.933533e-01
    outer loop
      vertex   4.657106e+01 1.800000e+01 -1.219443e+01
      vertex   4.657106e+01 1.300000e+01 -1.219443e+01
      vertex   4.631218e+01 1.800000e+01 -1.199578e+01
    endloop
  endfacet
  facet normal -6.087614e-01 -0.000000e+00 -7.933533e-01
    outer loop
      vertex   4.631218e+01 1.800000e+01 -1.199578e+01
      vertex   4.657106e+01 1.300000e+01 -1.219443e+01
      vertex   4.631218e+01 1.300000e+01 -1.199578e+01
    endloop
  endfacet
  facet normal -3.826834e-01 -0.000000e+00 -9.238795e-01
    outer loop
      vertex   4.631218e+01 1.800000e+01 -1.199578e+01
      vertex   4.631218e+01 1.300000e+01 -1.199578e+01
      vertex   4.601070e+01 1.800000e+01 -1.187091e+01
    endloop
  endfacet
  facet normal -3.826834e-01 -0.000000e+00 -9.238795e-01
    outer loop
      vertex   4.601070e+01 1.800000e+01 -1.187091e+01
      vertex   4.631218e+01 1.300000e+01 -1.199578e+01
      vertex   4.601070e+01 1.300000e+01 -1.187091e+01
    endloop
  endfacet
  facet normal -1.305262e-01 -0.000000e+00 -9.914449e-01
    outer loop
      vertex   4.601070e+01 1.800000e+01 -1.187091e+01
      vertex   4.601070e+01 1.300000e+01 -1.187091e+01
      vertex   4.568718e+01 1.800000e+01 -1.182831e+01
    endloop
  endfacet
  facet normal -1.305262e-01 -0.000000e+00 -9.914449e-01
    outer loop
      vertex   4.568718e+01 1.800000e+01 -1.182831e+01
      vertex   4.601070e+01 1.300000e+01 -1.187091e+01
      vertex   4.568718e+01 1.300000e+01 -1.182831e+01
    endloop
  endfacet
  facet normal 1.305262e-01 0.000000e+00 -9.914449e-01
    outer loop
      vertex   4.568718e+01 1.800000e+01 -1.182831e+01
      vertex   4.568718e+01 1.300000e+01 -1.182831e+01
      vertex   4.536365e+01 1.800000e+01 -1.187091e+01
    endloop
  endfacet
  facet normal 1.305262e-01 0.000000e+00 -9.914449e-01
    outer loop
      vertex   4.536365e+01 1.800000e+01 -1.187091e+01
      vertex   4.568718e+01 1.300000e+01 -1.182831e+01
      vertex   4.536365e+01 1.300000e+01 -1.187091e+01
    endloop
  endfacet
  facet normal 3.826834e-01 0.000000e+00 -9.238795e-01
    outer loop
      vertex   4.536365e+01 1.800000e+01 -1.187091e+01
      vertex   4.536365e+01 1.300000e+01 -1.187091e+01
      vertex   4.506218e+01 1.800000e+01 -1.199578e+01
    endloop
  endfacet
  facet normal 3.826834e-01 0.000000e+00 -9.238795e-01
    outer loop
      vertex   4.506218e+01 1.800000e+01 -1.199578e+01
      vertex   4.536365e+01 1.300000e+01 -1.187091e+01
      vertex   4.506218e+01 1.300000e+01 -1.199578e+01
    endloop
  endfacet
  facet normal 6.087614e-01 0.000000e+00 -7.933533e-01
    outer loop
      vertex   4.506218e+01 1.800000e+01 -1.199578e+01
      vertex   4.506218e+01 1.300000e+01 -1.199578e+01
      vertex   4.480329e+01 1.800000e+01 -1.219443e+01
    endloop
  endfacet
  facet normal 6.087614e-01 0.000000e+00 -7.933533e-01
    outer loop
      vertex   4.480329e+01 1.800000e+01 -1.219443e+01
      vertex   4.506218e+01 1.300000e+01 -1.199578e+01
      vertex   4.480329e+01 1.300000e+01 -1.219443e+01
    endloop
  endfacet
  facet normal 7.933533e-01 0.000000e+00 -6.087614e-01
    outer loop
      vertex   4.480329e+01 1.800000e+01 -1.219443e+01
      vertex   4.480329e+01 1.300000e+01 -1.219443e+01
      vertex   4.460464e+01 1.800000e+01 -1.245331e+01
    endloop
  endfacet
  facet normal 7.933533e-01 4.325510e-16 -6.087614e-01
    outer loop
      vertex   4.460464e+01 1.800000e+01 -1.245331e+01
      vertex   4.480329e+01 1.300000e+01 -1.219443e+01
      vertex   4.460464e+01 1.300000e+01 -1.245331e+01
    endloop
  endfacet
  facet normal 9.238795e-01 2.719129e-16 -3.826834e-01
    outer loop
      vertex   4.460464e+01 1.800000e+01 -1.245331e+01
      vertex   4.460464e+01 1.300000e+01 -1.245331e+01
      vertex   4.447977e+01 1.800000e+01 -1.275479e+01
    endloop
  endfacet
  facet normal 9.238795e-01 0.000000e+00 -3.826834e-01
    outer loop
      vertex   4.447977e+01 1.800000e+01 -1.275479e+01
      vertex   4.460464e+01 1.300000e+01 -1.245331e+01
      vertex   4.447977e+01 1.300000e+01 -1.275479e+01
    endloop
  endfacet
  facet normal 9.914449e-01 0.000000e+00 -1.305262e-01
    outer loop
      vertex   4.447977e+01 1.800000e+01 -1.275479e+01
      vertex   4.447977e+01 1.300000e+01 -1.275479e+01
      vertex   4.443718e+01 1.800000e+01 -1.307831e+01
    endloop
  endfacet
  facet normal 9.914449e-01 0.000000e+00 -1.305262e-01
    outer loop
      vertex   4.443718e+01 1.800000e+01 -1.307831e+01
      vertex   4.447977e+01 1.300000e+01 -1.275479e+01
      vertex   4.443718e+01 1.300000e+01 -1.307831e+01
    endloop
  endfacet
  facet normal 9.914449e-01 0.000000e+00 1.305262e-01
    outer loop
      vertex   4.443718e+01 1.800000e+01 -1.307831e+01
      vertex   4.443718e+01 1.300000e+01 -1.307831e+01
      vertex   4.447977e+01 1.800000e+01 -1.340184e+01
    endloop
  endfacet
  facet normal 9.914449e-01 -4.637222e-17 1.305262e-01
    outer loop
      vertex   4.447977e+01 1.800000e+01 -1.340184e+01
      vertex   4.443718e+01 1.300000e+01 -1.307831e+01
      vertex   4.447977e+01 1.300000e+01 -1.340184e+01
    endloop
  endfacet
  facet normal 9.238795e-01 -1.359565e-16 3.826834e-01
    outer loop
      vertex   4.447977e+01 1.800000e+01 -1.340184e+01
      vertex   4.447977e+01 1.300000e+01 -1.340184e+01
      vertex   4.460464e+01 1.800000e+01 -1.370331e+01
    endloop
  endfacet
  facet normal 9.238795e-01 1.359565e-16 3.826834e-01
    outer loop
      vertex   4.460464e+01 1.800000e+01 -1.370331e+01
      vertex   4.447977e+01 1.300000e+01 -1.340184e+01
      vertex   4.460464e+01 1.300000e+01 -1.370331e+01
    endloop
  endfacet
  facet normal 7.933533e-01 2.162755e-16 6.087614e-01
    outer loop
      vertex   4.460464e+01 1.800000e+01 -1.370331e+01
      vertex   4.460464e+01 1.300000e+01 -1.370331e+01
      vertex   4.480329e+01 1.800000e+01 -1.396220e+01
    endloop
  endfacet
  facet normal 7.933533e-01 0.000000e+00 6.087614e-01
    outer loop
      vertex   4.480329e+01 1.800000e+01 -1.396220e+01
      vertex   4.460464e+01 1.300000e+01 -1.370331e+01
      vertex   4.480329e+01 1.300000e+01 -1.396220e+01
    endloop
  endfacet
  facet normal 6.087614e-01 0.000000e+00 7.933533e-01
    outer loop
      vertex   4.480329e+01 1.800000e+01 -1.396220e+01
      vertex   4.480329e+01 1.300000e+01 -1.396220e+01
      vertex   4.506218e+01 1.800000e+01 -1.416085e+01
    endloop
  endfacet
  facet normal 6.087614e-01 0.000000e+00 7.933533e-01
    outer loop
      vertex   4.506218e+01 1.800000e+01 -1.416085e+01
      vertex   4.480329e+01 1.300000e+01 -1.396220e+01
      vertex   4.506218e+01 1.300000e+01 -1.416085e+01
    endloop
  endfacet
  facet normal 3.826834e-01 0.000000e+00 9.238795e-01
    outer loop
      vertex   4.506218e+01 1.800000e+01 -1.416085e+01
      vertex   4.506218e+01 1.300000e+01 -1.416085e+01
      vertex   4.536365e+01 1.800000e+01 -1.428572e+01
    endloop
  endfacet
  facet normal 3.826834e-01 0.000000e+00 9.238795e-01
    outer loop
      vertex   4.536365e+01 1.800000e+01 -1.428572e+01
      vertex   4.506218e+01 1.300000e+01 -1.416085e+01
      vertex   4.536365e+01 1.300000e+01 -1.428572e+01
    endloop
  endfacet
  facet normal 1.305262e-01 0.000000e+00 9.914449e-01
    outer loop
      vertex   4.536365e+01 1.800000e+01 -1.428572e+01
      vertex   4.536365e+01 1.300000e+01 -1.428572e+01
      vertex   4.568718e+01 1.800000e+01 -1.432831e+01
    endloop
  endfacet
  facet normal 1.305262e-01 0.000000e+00 9.914449e-01
    outer loop
      vertex   4.568718e+01 1.800000e+01 -1.432831e+01
      vertex   4.536365e+01 1.300000e+01 -1.428572e+01
      vertex   4.568718e+01 1.300000e+01 -1.432831e+01
    endloop
  endfacet
  facet normal -1.305262e-01 0.000000e+00 9.914449e-01
    outer loop
      vertex   4.568718e+01 1.800000e+01 -1.432831e+01
      vertex   4.568718e+01 1.300000e+01 -1.432831e+01
      vertex   4.601070e+01 1.800000e+01 -1.428572e+01
    endloop
  endfacet
  facet normal -1.305262e-01 0.000000e+00 9.914449e-01
    outer loop
      vertex   4.601070e+01 1.800000e+01 -1.428572e+01
      vertex   4.568718e+01 1.300000e+01 -1.432831e+01
      vertex   4.601070e+01 1.300000e+01 -1.428572e+01
    endloop
  endfacet
  facet normal -3.826834e-01 0.000000e+00 9.238795e-01
    outer loop
      vertex   4.601070e+01 1.800000e+01 -1.428572e+01
      vertex   4.601070e+01 1.300000e+01 -1.428572e+01
      vertex   4.631218e+01 1.800000e+01 -1.416085e+01
    endloop
  endfacet
  facet normal -3.826834e-01 0.000000e+00 9.238795e-01
    outer loop
      vertex   4.631218e+01 1.800000e+01 -1.416085e+01
      vertex   4.601070e+01 1.300000e+01 -1.428572e+01
      vertex   4.631218e+01 1.300000e+01 -1.416085e+01
    endloop
  endfacet
  facet normal -6.087614e-01 0.000000e+00 7.933533e-01
    outer loop
      vertex   4.631218e+01 1.800000e+01 -1.416085e+01
      vertex   4.631218e+01 1.300000e+01 -1.416085e+01
      vertex   4.657106e+01 1.800000e+01 -1.396220e+01
    endloop
  endfacet
  facet normal -6.087614e-01 0.000000e+00 7.933533e-01
    outer loop
      vertex   4.657106e+01 1.800000e+01 -1.396220e+01
      vertex   4.631218e+01 1.300000e+01 -1.416085e+01
      vertex   4.657106e+01 1.300000e+01 -1.396220e+01
    endloop
  endfacet
  facet normal -7.933533e-01 0.000000e+00 6.087614e-01
    outer loop
      vertex   4.657106e+01 1.800000e+01 -1.396220e+01
      vertex   4.657106e+01 1.300000e+01 -1.396220e+01
      vertex   4.676971e+01 1.800000e+01 -1.370331e+01
    endloop
  endfacet
  facet normal -7.933533e-01 2.162755e-16 6.087614e-01
    outer loop
      vertex   4.676971e+01 1.800000e+01 -1.370331e+01
      vertex   4.657106e+01 1.300000e+01 -1.396220e+01
      vertex   4.676971e+01 1.300000e+01 -1.370331e+01
    endloop
  endfacet
  facet normal -9.238795e-01 1.359565e-16 3.826834e-01
    outer loop
      vertex   4.676971e+01 1.800000e+01 -1.370331e+01
      vertex   4.676971e+01 1.300000e+01 -1.370331e+01
      vertex   4.689458e+01 1.800000e+01 -1.340184e+01
    endloop
  endfacet
  facet normal -9.238795e-01 0.000000e+00 3.826834e-01
    outer loop
      vertex   4.689458e+01 1.800000e+01 -1.340184e+01
      vertex   4.676971e+01 1.300000e+01 -1.370331e+01
      vertex   4.689458e+01 1.300000e+01 -1.340184e+01
    endloop
  endfacet
  facet normal -9.914449e-01 0.000000e+00 -1.305262e-01
    outer loop
      vertex   4.689458e+01 3.000000e+00 -1.275479e+01
      vertex   4.689458e+01 8.000000e+00 -1.275479e+01
      vertex   4.693718e+01 3.000000e+00 -1.307831e+01
    endloop
  endfacet
  facet normal -9.914449e-01 0.000000e+00 -1.305262e-01
    outer loop
      vertex   4.693718e+01 3.000000e+00 -1.307831e+01
      vertex   4.689458e+01 8.000000e+00 -1.275479e+01
      vertex   4.693718e+01 8.000000e+00 -1.307831e+01
    endloop
  endfacet
  facet normal -9.914449e-01 0.000000e+00 1.305262e-01
    outer loop
      vertex   4.693718e+01 3.000000e+00 -1.307831e+01
      vertex   4.693718e+01 8.000000e+00 -1.307831e+01
      vertex   4.689458e+01 3.000000e+00 -1.340184e+01
    endloop
  endfacet
  facet normal -9.914449e-01 0.000000e+00 1.305262e-01
    outer loop
      vertex   4.689458e+01 3.000000e+00 -1.340184e+01
      vertex   4.693718e+01 8.000000e+00 -1.307831e+01
      vertex   4.689458e+01 8.000000e+00 -1.340184e+01
    endloop
  endfacet
  facet normal -9.238795e-01 0.000000e+00 3.826834e-01
    outer loop
      vertex   4.689458e+01 3.000000e+00 -1.340184e+01
      vertex   4.689458e+01 8.000000e+00 -1.340184e+01
      vertex   4.676971e+01 3.000000e+00 -1.370331e+01
    endloop
  endfacet
  facet normal -9.238795e-01 -1.359565e-16 3.826834e-01
    outer loop
      vertex   4.676971e+01 3.000000e+00 -1.370331e+01
      vertex   4.689458e+01 8.000000e+00 -1.340184e+01
      vertex   4.676971e+01 8.000000e+00 -1.370331e+01
    endloop
  endfacet
  facet normal -7.933533e-01 -2.162755e-16 6.087614e-01
    outer loop
      vertex   4.676971e+01 3.000000e+00 -1.370331e+01
      vertex   4.676971e+01 8.000000e+00 -1.370331e+01
      vertex   4.657106e+01 3.000000e+00 -1.396220e+01
    endloop
  endfacet
  facet normal -7.933533e-01 0.000000e+00 6.087614e-01
    outer loop
      vertex   4.657106e+01 3.000000e+00 -1.396220e+01
      vertex   4.676971e+01 8.000000e+00 -1.370331e+01
      vertex   4.657106e+01 8.000000e+00 -1.396220e+01
    endloop
  endfacet
  facet normal -6.087614e-01 0.000000e+00 7.933533e-01
    outer loop
      vertex   4.657106e+01 3.000000e+00 -1.396220e+01
      vertex   4.657106e+01 8.000000e+00 -1.396220e+01
      vertex   4.631218e+01 3.000000e+00 -1.416085e+01
    endloop
  endfacet
  facet normal -6.087614e-01 0.000000e+00 7.933533e-01
    outer loop
      vertex   4.631218e+01 3.000000e+00 -1.416085e+01
      vertex   4.657106e+01 8.000000e+00 -1.396220e+01
      vertex   4.631218e+01 8.000000e+00 -1.416085e+01
    endloop
  endfacet
  facet normal -3.826834e-01 0.000000e+00 9.238795e-01
    outer loop
      vertex   4.631218e+01 3.000000e+00 -1.416085e+01
      vertex   4.631218e+01 8.000000e+00 -1.416085e+01
      vertex   4.601070e+01 3.000000e+00 -1.428572e+01
    endloop
  endfacet
  facet normal -3.826834e-01 0.000000e+00 9.238795e-01
    outer loop
      vertex   4.601070e+01 3.000000e+00 -1.428572e+01
      vertex   4.631218e+01 8.000000e+00 -1.416085e+01
      vertex   4.601070e+01 8.000000e+00 -1.428572e+01
    endloop
  endfacet
  facet normal -1.305262e-01 0.000000e+00 9.914449e-01
    outer loop
      vertex   4.601070e+01 3.000000e+00 -1.428572e+01
      vertex   4.601070e+01 8.000000e+00 -1.428572e+01
      vertex   4.568718e+01 3.000000e+00 -1.432831e+01
    endloop
  endfacet
  facet normal -1.305262e-01 0.000000e+00 9.914449e-01
    outer loop
      vertex   4.568718e+01 3.000000e+00 -1.432831e+01
      vertex   4.601070e+01 8.000000e+00 -1.428572e+01
      vertex   4.568718e+01 8.000000e+00 -1.432831e+01
    endloop
  endfacet
  facet normal 1.305262e-01 -0.000000e+00 9.914449e-01
    outer loop
      vertex   4.568718e+01 3.000000e+00 -1.432831e+01
      vertex   4.568718e+01 8.000000e+00 -1.432831e+01
      vertex   4.536365e+01 3.000000e+00 -1.428572e+01
    endloop
  endfacet
  facet normal 1.305262e-01 -0.000000e+00 9.914449e-01
    outer loop
      vertex   4.536365e+01 3.000000e+00 -1.428572e+01
      vertex   4.568718e+01 8.000000e+00 -1.432831e+01
      vertex   4.536365e+01 8.000000e+00 -1.428572e+01
    endloop
  endfacet
  facet normal 3.826834e-01 -0.000000e+00 9.238795e-01
    outer loop
      vertex   4.536365e+01 3.000000e+00 -1.428572e+01
      vertex   4.536365e+01 8.000000e+00 -1.428572e+01
      vertex   4.506218e+01 3.000000e+00 -1.416085e+01
    endloop
  endfacet
  facet normal 3.826834e-01 -0.000000e+00 9.238795e-01
    outer loop
      vertex   4.506218e+01 3.000000e+00 -1.416085e+01
      vertex   4.536365e+01 8.000000e+00 -1.428572e+01
      vertex   4.506218e+01 8.000000e+00 -1.416085e+01
    endloop
  endfacet
  facet normal 6.087614e-01 -0.000000e+00 7.933533e-01
    outer loop
      vertex   4.506218e+01 3.000000e+00 -1.416085e+01
      vertex   4.506218e+01 8.000000e+00 -1.416085e+01
      vertex   4.480329e+01 3.000000e+00 -1.396220e+01
    endloop
  endfacet
  facet normal 6.087614e-01 -0.000000e+00 7.933533e-01
    outer loop
      vertex   4.480329e+01 3.000000e+00 -1.396220e+01
      vertex   4.506218e+01 8.000000e+00 -1.416085e+01
      vertex   4.480329e+01 8.000000e+00 -1.396220e+01
    endloop
  endfacet
  facet normal 7.933533e-01 -0.000000e+00 6.087614e-01
    outer loop
      vertex   4.480329e+01 3.000000e+00 -1.396220e+01
      vertex   4.480329e+01 8.000000e+00 -1.396220e+01
      vertex   4.460464e+01 3.000000e+00 -1.370331e+01
    endloop
  endfacet
  facet normal 7.933533e-01 -2.162755e-16 6.087614e-01
    outer loop
      vertex   4.460464e+01 3.000000e+00 -1.370331e+01
      vertex   4.480329e+01 8.000000e+00 -1.396220e+01
      vertex   4.460464e+01 8.000000e+00 -1.370331e+01
    endloop
  endfacet
  facet normal 9.238795e-01 -1.359565e-16 3.826834e-01
    outer loop
      vertex   4.460464e+01 3.000000e+00 -1.370331e+01
      vertex   4.460464e+01 8.000000e+00 -1.370331e+01
      vertex   4.447977e+01 3.000000e+00 -1.340184e+01
    endloop
  endfacet
  facet normal 9.238795e-01 -0.000000e+00 3.826834e-01
    outer loop
      vertex   4.447977e+01 3.000000e+00 -1.340184e+01
      vertex   4.460464e+01 8.000000e+00 -1.370331e+01
      vertex   4.447977e+01 8.000000e+00 -1.340184e+01
    endloop
  endfacet
  facet normal 9.914449e-01 -0.000000e+00 1.305262e-01
    outer loop
      vertex   4.447977e+01 3.000000e+00 -1.340184e+01
      vertex   4.447977e+01 8.000000e+00 -1.340184e+01
      vertex   4.443718e+01 3.000000e+00 -1.307831e+01
    endloop
  endfacet
  facet normal 9.914449e-01 -0.000000e+00 1.305262e-01
    outer loop
      vertex   4.443718e+01 3.000000e+00 -1.307831e+01
      vertex   4.447977e+01 8.000000e+00 -1.340184e+01
      vertex   4.443718e+01 8.000000e+00 -1.307831e+01
    endloop
  endfacet
  facet normal 9.914449e-01 0.000000e+00 -1.305262e-01
    outer loop
      vertex   4.443718e+01 3.000000e+00 -1.307831e+01
      vertex   4.443718e+01 8.000000e+00 -1.307831e+01
      vertex   4.447977e+01 3.000000e+00 -1.275479e+01
    endloop
  endfacet
  facet normal 9.914449e-01 9.274444e-17 -1.305262e-01
    outer loop
      vertex   4.447977e+01 3.000000e+00 -1.275479e+01
      vertex   4.443718e+01 8.000000e+00 -1.307831e+01
      vertex   4.447977e+01 8.000000e+00 -1.275479e+01
    endloop
  endfacet
  facet normal 9.238795e-01 2.719129e-16 -3.826834e-01
    outer loop
      vertex   4.447977e+01 3.000000e+00 -1.275479e+01
      vertex   4.447977e+01 8.000000e+00 -1.275479e+01
      vertex   4.460464e+01 3.000000e+00 -1.245331e+01
    endloop
  endfacet
  facet normal 9.238795e-01 -2.719129e-16 -3.826834e-01
    outer loop
      vertex   4.460464e+01 3.000000e+00 -1.245331e+01
      vertex   4.447977e+01 8.000000e+00 -1.275479e+01
      vertex   4.460464e+01 8.000000e+00 -1.245331e+01
    endloop
  endfacet
  facet normal 7.933533e-01 -4.325510e-16 -6.087614e-01
    outer loop
      vertex   4.460464e+01 3.000000e+00 -1.245331e+01
      vertex   4.460464e+01 8.000000e+00 -1.245331e+01
      vertex   4.480329e+01 3.000000e+00 -1.219443e+01
    endloop
  endfacet
  facet normal 7.933533e-01 0.000000e+00 -6.087614e-01
    outer loop
      vertex   4.480329e+01 3.000000e+00 -1.219443e+01
      vertex   4.460464e+01 8.000000e+00 -1.245331e+01
      vertex   4.480329e+01 8.000000e+00 -1.219443e+01
    endloop
  endfacet
  facet normal 6.087614e-01 0.000000e+00 -7.933533e-01
    outer loop
      vertex   4.480329e+01 3.000000e+00 -1.219443e+01
      vertex   4.480329e+01 8.000000e+00 -1.219443e+01
      vertex   4.506218e+01 3.000000e+00 -1.199578e+01
    endloop
  endfacet
  facet normal 6.087614e-01 0.000000e+00 -7.933533e-01
    outer loop
      vertex   4.506218e+01 3.000000e+00 -1.199578e+01
      vertex   4.480329e+01 8.000000e+00 -1.219443e+01
      vertex   4.506218e+01 8.000000e+00 -1.199578e+01
    endloop
  endfacet
  facet normal 3.826834e-01 0.000000e+00 -9.238795e-01
    outer loop
      vertex   4.506218e+01 3.000000e+00 -1.199578e+01
      vertex   4.506218e+01 8.000000e+00 -1.199578e+01
      vertex   4.536365e+01 3.000000e+00 -1.187091e+01
    endloop
  endfacet
  facet normal 3.826834e-01 0.000000e+00 -9.238795e-01
    outer loop
      vertex   4.536365e+01 3.000000e+00 -1.187091e+01
      vertex   4.506218e+01 8.000000e+00 -1.199578e+01
      vertex   4.536365e+01 8.000000e+00 -1.187091e+01
    endloop
  endfacet
  facet normal 1.305262e-01 0.000000e+00 -9.914449e-01
    outer loop
      vertex   4.536365e+01 3.000000e+00 -1.187091e+01
      vertex   4.536365e+01 8.000000e+00 -1.187091e+01
      vertex   4.568718e+01 3.000000e+00 -1.182831e+01
    endloop
  endfacet
  facet normal 1.305262e-01 0.000000e+00 -9.914449e-01
    outer loop
      vertex   4.568718e+01 3.000000e+00 -1.182831e+01
      vertex   4.536365e+01 8.000000e+00 -1.187091e+01
      vertex   4.568718e+01 8.000000e+00 -1.182831e+01
    endloop
  endfacet
  facet normal -1.305262e-01 0.000000e+00 -9.914449e-01
    outer loop
      vertex   4.568718e+01 3.000000e+00 -1.182831e+01
      vertex   4.568718e+01 8.000000e+00 -1.182831e+01
      vertex   4.601070e+01 3.000000e+00 -1.187091e+01
    endloop
  endfacet
  facet normal -1.305262e-01 0.000000e+00 -9.914449e-01
    outer loop
      vertex   4.601070e+01 3.000000e+00 -1.187091e+01
      vertex   4.568718e+01 8.000000e+00 -1.182831e+01
      vertex   4.601070e+01 8.000000e+00 -1.187091e+01
    endloop
  endfacet
  facet normal -3.826834e-01 0.000000e+00 -9.238795e-01
    outer loop
      vertex   4.601070e+01 3.000000e+00 -1.187091e+01
      vertex   4.601070e+01 8.000000e+00 -1.187091e+01
      vertex   4.631218e+01 3.000000e+00 -1.199578e+01
    endloop
  endfacet
  facet normal -3.826834e-01 0.000000e+00 -9.238795e-01
    outer loop
      vertex   4.631218e+01 3.000000e+00 -1.199578e+01
      vertex   4.601070e+01 8.000000e+00 -1.187091e+01
      vertex   4.631218e+01 8.000000e+00 -1.199578e+01
    endloop
  endfacet
  facet normal -6.087614e-01 0.000000e+00 -7.933533e-01
    outer loop
      vertex   4.631218e+01 3.000000e+00 -1.199578e+01
      vertex   4.631218e+01 8.000000e+00 -1.199578e+01
      vertex   4.657106e+01 3.000000e+00 -1.219443e+01
    endloop
  endfacet
  facet normal -6.087614e-01 0.000000e+00 -7.933533e-01
    outer loop
      vertex   4.657106e+01 3.000000e+00 -1.219443e+01
      vertex   4.631218e+01 8.000000e+00 -1.199578e+01
      vertex   4.657106e+01 8.000000e+00 -1.219443e+01
    endloop
  endfacet
  facet normal -7.933533e-01 0.000000e+00 -6.087614e-01
    outer loop
      vertex   4.657106e+01 3.000000e+00 -1.219443e+01
      vertex   4.657106e+01 8.000000e+00 -1.219443e+01
      vertex   4.676971e+01 3.000000e+00 -1.245331e+01
    endloop
  endfacet
  facet normal -7.933533e-01 -4.325510e-16 -6.087614e-01
    outer loop
      vertex   4.676971e+01 3.000000e+00 -1.245331e+01
      vertex   4.657106e+01 8.000000e+00 -1.219443e+01
      vertex   4.676971e+01 8.000000e+00 -1.245331e+01
    endloop
  endfacet
  facet normal -9.238795e-01 -2.719129e-16 -3.826834e-01
    outer loop
      vertex   4.676971e+01 3.000000e+00 -1.245331e+01
      vertex   4.676971e+01 8.000000e+00 -1.245331e+01
      vertex   4.689458e+01 3.000000e+00 -1.275479e+01
    endloop
  endfacet
  facet normal -9.238795e-01 0.000000e+00 -3.826834e-01
    outer loop
      vertex   4.689458e+01 3.000000e+00 -1.275479e+01
      vertex   4.676971e+01 8.000000e+00 -1.245331e+01
      vertex   4.689458e+01 8.000000e+00 -1.275479e+01
    endloop
  endfacet
  facet normal -9.914449e-01 -0.000000e+00 -1.305262e-01
    outer loop
      vertex   4.693718e+01 1.300000e+01 -1.307831e+01
      vertex   4.693718e+01 8.000000e+00 -1.307831e+01
      vertex   4.689458e+01 1.300000e+01 -1.275479e+01
    endloop
  endfacet
  facet normal -9.914449e-01 -0.000000e+00 -1.305262e-01
    outer loop
      vertex   4.689458e+01 1.300000e+01 -1.275479e+01
      vertex   4.693718e+01 8.000000e+00 -1.307831e+01
      vertex   4.689458e+01 8.000000e+00 -1.275479e+01
    endloop
  endfacet
  facet normal -9.238795e-01 -0.000000e+00 -3.826834e-01
    outer loop
      vertex   4.689458e+01 1.300000e+01 -1.275479e+01
      vertex   4.689458e+01 8.000000e+00 -1.275479e+01
      vertex   4.676971e+01 1.300000e+01 -1.245331e+01
    endloop
  endfacet
  facet normal -9.238795e-01 -0.000000e+00 -3.826834e-01
    outer loop
      vertex   4.676971e+01 1.300000e+01 -1.245331e+01
      vertex   4.689458e+01 8.000000e+00 -1.275479e+01
      vertex   4.676971e+01 8.000000e+00 -1.245331e+01
    endloop
  endfacet
  facet normal -7.933533e-01 -0.000000e+00 -6.087614e-01
    outer loop
      vertex   4.676971e+01 1.300000e+01 -1.245331e+01
      vertex   4.676971e+01 8.000000e+00 -1.245331e+01
      vertex   4.657106e+01 1.300000e+01 -1.219443e+01
    endloop
  endfacet
  facet normal -7.933533e-01 -0.000000e+00 -6.087614e-01
    outer loop
      vertex   4.657106e+01 1.300000e+01 -1.219443e+01
      vertex   4.676971e+01 8.000000e+00 -1.245331e+01
      vertex   4.657106e+01 8.000000e+00 -1.219443e+01
    endloop
  endfacet
  facet normal -6.087614e-01 -0.000000e+00 -7.933533e-01
    outer loop
      vertex   4.657106e+01 1.300000e+01 -1.219443e+01
      vertex   4.657106e+01 8.000000e+00 -1.219443e+01
      vertex   4.631218e+01 1.300000e+01 -1.199578e+01
    endloop
  endfacet
  facet normal -6.087614e-01 -0.000000e+00 -7.933533e-01
    outer loop
      vertex   4.631218e+01 1.300000e+01 -1.199578e+01
      vertex   4.657106e+01 8.000000e+00 -1.219443e+01
      vertex   4.631218e+01 8.000000e+00 -1.199578e+01
    endloop
  endfacet
  facet normal -3.826834e-01 -0.000000e+00 -9.238795e-01
    outer loop
      vertex   4.631218e+01 1.300000e+01 -1.199578e+01
      vertex   4.631218e+01 8.000000e+00 -1.199578e+01
      vertex   4.601070e+01 1.300000e+01 -1.187091e+01
    endloop
  endfacet
  facet normal -3.826834e-01 -0.000000e+00 -9.238795e-01
    outer loop
      vertex   4.601070e+01 1.300000e+01 -1.187091e+01
      vertex   4.631218e+01 8.000000e+00 -1.199578e+01
      vertex   4.601070e+01 8.000000e+00 -1.187091e+01
    endloop
  endfacet
  facet normal -1.305262e-01 -0.000000e+00 -9.914449e-01
    outer loop
      vertex   4.601070e+01 1.300000e+01 -1.187091e+01
      vertex   4.601070e+01 8.000000e+00 -1.187091e+01
      vertex   4.568718e+01 1.300000e+01 -1.182831e+01
    endloop
  endfacet
  facet normal -1.305262e-01 -0.000000e+00 -9.914449e-01
    outer loop
      vertex   4.568718e+01 1.300000e+01 -1.182831e+01
      vertex   4.601070e+01 8.000000e+00 -1.187091e+01
      vertex   4.568718e+01 8.000000e+00 -1.182831e+01
    endloop
  endfacet
  facet normal 1.305262e-01 0.000000e+00 -9.914449e-01
    outer loop
      vertex   4.568718e+01 1.300000e+01 -1.182831e+01
      vertex   4.568718e+01 8.000000e+00 -1.182831e+01
      vertex   4.536365e+01 1.300000e+01 -1.187091e+01
    endloop
  endfacet
  facet normal 1.305262e-01 0.000000e+00 -9.914449e-01
    outer loop
      vertex   4.536365e+01 1.300000e+01 -1.187091e+01
      vertex   4.568718e+01 8.000000e+00 -1.182831e+01
      vertex   4.536365e+01 8.000000e+00 -1.187091e+01
    endloop
  endfacet
  facet normal 3.826834e-01 0.000000e+00 -9.238795e-01
    outer loop
      vertex   4.536365e+01 1.300000e+01 -1.187091e+01
      vertex   4.536365e+01 8.000000e+00 -1.187091e+01
      vertex   4.506218e+01 1.300000e+01 -1.199578e+01
    endloop
  endfacet
  facet normal 3.826834e-01 0.000000e+00 -9.238795e-01
    outer loop
      vertex   4.506218e+01 1.300000e+01 -1.199578e+01
      vertex   4.536365e+01 8.000000e+00 -1.187091e+01
      vertex   4.506218e+01 8.000000e+00 -1.199578e+01
    endloop
  endfacet
  facet normal 6.087614e-01 0.000000e+00 -7.933533e-01
    outer loop
      vertex   4.506218e+01 1.300000e+01 -1.199578e+01
      vertex   4.506218e+01 8.000000e+00 -1.199578e+01
      vertex   4.480329e+01 1.300000e+01 -1.219443e+01
    endloop
  endfacet
  facet normal 6.087614e-01 0.000000e+00 -7.933533e-01
    outer loop
      vertex   4.480329e+01 1.300000e+01 -1.219443e+01
      vertex   4.506218e+01 8.000000e+00 -1.199578e+01
      vertex   4.480329e+01 8.000000e+00 -1.219443e+01
    endloop
  endfacet
  facet normal 7.933533e-01 0.000000e+00 -6.087614e-01
    outer loop
      vertex   4.480329e+01 1.300000e+01 -1.219443e+01
      vertex   4.480329e+01 8.000000e+00 -1.219443e+01
      vertex   4.460464e+01 1.300000e+01 -1.245331e+01
    endloop
  endfacet
  facet normal 7.933533e-01 0.000000e+00 -6.087614e-01
    outer loop
      vertex   4.460464e+01 1.300000e+01 -1.245331e+01
      vertex   4.480329e+01 8.000000e+00 -1.219443e+01
      vertex   4.460464e+01 8.000000e+00 -1.245331e+01
    endloop
  endfacet
  facet normal 9.238795e-01 0.000000e+00 -3.826834e-01
    outer loop
      vertex   4.460464e+01 1.300000e+01 -1.245331e+01
      vertex   4.460464e+01 8.000000e+00 -1.245331e+01
      vertex   4.447977e+01 1.300000e+01 -1.275479e+01
    endloop
  endfacet
  facet normal 9.238795e-01 0.000000e+00 -3.826834e-01
    outer loop
      vertex   4.447977e+01 1.300000e+01 -1.275479e+01
      vertex   4.460464e+01 8.000000e+00 -1.245331e+01
      vertex   4.447977e+01 8.000000e+00 -1.275479e+01
    endloop
  endfacet
  facet normal 9.914449e-01 0.000000e+00 -1.305262e-01
    outer loop
      vertex   4.447977e+01 1.300000e+01 -1.275479e+01
      vertex   4.447977e+01 8.000000e+00 -1.275479e+01
      vertex   4.443718e+01 1.300000e+01 -1.307831e+01
    endloop
  endfacet
  facet normal 9.914449e-01 0.000000e+00 -1.305262e-01
    outer loop
      vertex   4.443718e+01 1.300000e+01 -1.307831e+01
      vertex   4.447977e+01 8.000000e+00 -1.275479e+01
      vertex   4.443718e+01 8.000000e+00 -1.307831e+01
    endloop
  endfacet
  facet normal 9.914449e-01 0.000000e+00 1.305262e-01
    outer loop
      vertex   4.443718e+01 1.300000e+01 -1.307831e+01
      vertex   4.443718e+01 8.000000e+00 -1.307831e+01
      vertex   4.447977e+01 1.300000e+01 -1.340184e+01
    endloop
  endfacet
  facet normal 9.914449e-01 0.000000e+00 1.305262e-01
    outer loop
      vertex   4.447977e+01 1.300000e+01 -1.340184e+01
      vertex   4.443718e+01 8.000000e+00 -1.307831e+01
      vertex   4.447977e+01 8.000000e+00 -1.340184e+01
    endloop
  endfacet
  facet normal 9.238795e-01 0.000000e+00 3.826834e-01
    outer loop
      vertex   4.447977e+01 1.300000e+01 -1.340184e+01
      vertex   4.447977e+01 8.000000e+00 -1.340184e+01
      vertex   4.460464e+01 1.300000e+01 -1.370331e+01
    endloop
  endfacet
  facet normal 9.238795e-01 0.000000e+00 3.826834e-01
    outer loop
      vertex   4.460464e+01 1.300000e+01 -1.370331e+01
      vertex   4.447977e+01 8.000000e+00 -1.340184e+01
      vertex   4.460464e+01 8.000000e+00 -1.370331e+01
    endloop
  endfacet
  facet normal 7.933533e-01 0.000000e+00 6.087614e-01
    outer loop
      vertex   4.460464e+01 1.300000e+01 -1.370331e+01
      vertex   4.460464e+01 8.000000e+00 -1.370331e+01
      vertex   4.480329e+01 1.300000e+01 -1.396220e+01
    endloop
  endfacet
  facet normal 7.933533e-01 0.000000e+00 6.087614e-01
    outer loop
      vertex   4.480329e+01 1.300000e+01 -1.396220e+01
      vertex   4.460464e+01 8.000000e+00 -1.370331e+01
      vertex   4.480329e+01 8.000000e+00 -1.396220e+01
    endloop
  endfacet
  facet normal 6.087614e-01 0.000000e+00 7.933533e-01
    outer loop
      vertex   4.480329e+01 1.300000e+01 -1.396220e+01
      vertex   4.480329e+01 8.000000e+00 -1.396220e+01
      vertex   4.506218e+01 1.300000e+01 -1.416085e+01
    endloop
  endfacet
  facet normal 6.087614e-01 0.000000e+00 7.933533e-01
    outer loop
      vertex   4.506218e+01 1.300000e+01 -1.416085e+01
      vertex   4.480329e+01 8.000000e+00 -1.396220e+01
      vertex   4.506218e+01 8.000000e+00 -1.416085e+01
    endloop
  endfacet
  facet normal 3.826834e-01 0.000000e+00 9.238795e-01
    outer loop
      vertex   4.506218e+01 1.300000e+01 -1.416085e+01
      vertex   4.506218e+01 8.000000e+00 -1.416085e+01
      vertex   4.536365e+01 1.300000e+01 -1.428572e+01
    endloop
  endfacet
  facet normal 3.826834e-01 0.000000e+00 9.238795e-01
    outer loop
      vertex   4.536365e+01 1.300000e+01 -1.428572e+01
      vertex   4.506218e+01 8.000000e+00 -1.416085e+01
      vertex   4.536365e+01 8.000000e+00 -1.428572e+01
    endloop
  endfacet
  facet normal 1.305262e-01 0.000000e+00 9.914449e-01
    outer loop
      vertex   4.536365e+01 1.300000e+01 -1.428572e+01
      vertex   4.536365e+01 8.000000e+00 -1.428572e+01
      vertex   4.568718e+01 1.300000e+01 -1.432831e+01
    endloop
  endfacet
  facet normal 1.305262e-01 0.000000e+00 9.914449e-01
    outer loop
      vertex   4.568718e+01 1.300000e+01 -1.432831e+01
      vertex   4.536365e+01 8.000000e+00 -1.428572e+01
      vertex   4.568718e+01 8.000000e+00 -1.432831e+01
    endloop
  endfacet
  facet normal -1.305262e-01 0.000000e+00 9.914449e-01
    outer loop
      vertex   4.568718e+01 1.300000e+01 -1.432831e+01
      vertex   4.568718e+01 8.000000e+00 -1.432831e+01
      vertex   4.601070e+01 1.300000e+01 -1.428572e+01
    endloop
  endfacet
  facet normal -1.305262e-01 0.000000e+00 9.914449e-01
    outer loop
      vertex   4.601070e+01 1.300000e+01 -1.428572e+01
      vertex   4.568718e+01 8.000000e+00 -1.432831e+01
      vertex   4.601070e+01 8.000000e+00 -1.428572e+01
    endloop
  endfacet
  facet normal -3.826834e-01 0.000000e+00 9.238795e-01
    outer loop
      vertex   4.601070e+01 1.300000e+01 -1.428572e+01
      vertex   4.601070e+01 8.000000e+00 -1.428572e+01
      vertex   4.631218e+01 1.300000e+01 -1.416085e+01
    endloop
  endfacet
  facet normal -3.826834e-01 0.000000e+00 9.238795e-01
    outer loop
      vertex   4.631218e+01 1.300000e+01 -1.416085e+01
      vertex   4.601070e+01 8.000000e+00 -1.428572e+01
      vertex   4.631218e+01 8.000000e+00 -1.416085e+01
    endloop
  endfacet
  facet normal -6.087614e-01 0.000000e+00 7.933533e-01
    outer loop
      vertex   4.631218e+01 1.300000e+01 -1.416085e+01
      vertex   4.631218e+01 8.000000e+00 -1.416085e+01
      vertex   4.657106e+01 1.300000e+01 -1.396220e+01
    endloop
  endfacet
  facet normal -6.087614e-01 0.000000e+00 7.933533e-01
    outer loop
      vertex   4.657106e+01 1.300000e+01 -1.396220e+01
      vertex   4.631218e+01 8.000000e+00 -1.416085e+01
      vertex   4.657106e+01 8.000000e+00 -1.396220e+01
    endloop
  endfacet
  facet normal -7.933533e-01 0.000000e+00 6.087614e-01
    outer loop
      vertex   4.657106e+01 1.300000e+01 -1.396220e+01
      vertex   4.657106e+01 8.000000e+00 -1.396220e+01
      vertex   4.676971e+01 1.300000e+01 -1.370331e+01
    endloop
  endfacet
  facet normal -7.933533e-01 0.000000e+00 6.087614e-01
    outer loop
      vertex   4.676971e+01 1.300000e+01 -1.370331e+01
      vertex   4.657106e+01 8.000000e+00 -1.396220e+01
      vertex   4.676971e+01 8.000000e+00 -1.370331e+01
    endloop
  endfacet
  facet normal -9.238795e-01 0.000000e+00 3.826834e-01
    outer loop
      vertex   4.676971e+01 1.300000e+01 -1.370331e+01
      vertex   4.676971e+01 8.000000e+00 -1.370331e+01
      vertex   4.689458e+01 1.300000e+01 -1.340184e+01
    endloop
  endfacet
  facet normal -9.238795e-01 0.000000e+00 3.826834e-01
    outer loop
      vertex   4.689458e+01 1.300000e+01 -1.340184e+01
      vertex   4.676971e+01 8.000000e+00 -1.370331e+01
      vertex   4.689458e+01 8.000000e+00 -1.340184e+01
    endloop
  endfacet
  facet normal -9.914449e-01 0.000000e+00 1.305262e-01
    outer loop
      vertex   4.689458e+01 1.300000e+01 -1.340184e+01
      vertex   4.689458e+01 8.000000e+00 -1.340184e+01
      vertex   4.693718e+01 1.300000e+01 -1.307831e+01
    endloop
  endfacet
  facet normal -9.914449e-01 0.000000e+00 1.305262e-01
    outer loop
      vertex   4.693718e+01 1.300000e+01 -1.307831e+01
      vertex   4.689458e+01 8.000000e+00 -1.340184e+01
      vertex   4.693718e+01 8.000000e+00 -1.307831e+01
    endloop
  endfacet
  facet normal -9.914449e-01 0.000000e+00 1.305262e-01
    outer loop
      vertex   6.439458e+01 1.800000e+01 -1.340184e+01
      vertex   6.439458e+01 1.300000e+01 -1.340184e+01
      vertex   6.443718e+01 1.800000e+01 -1.307831e+01
    endloop
  endfacet
  facet normal -9.914449e-01 0.000000e+00 1.305262e-01
    outer loop
      vertex   6.443718e+01 1.800000e+01 -1.307831e+01
      vertex   6.439458e+01 1.300000e+01 -1.340184e+01
      vertex   6.443718e+01 1.300000e+01 -1.307831e+01
    endloop
  endfacet
  facet normal -9.914449e-01 -0.000000e+00 -1.305262e-01
    outer loop
      vertex   6.443718e+01 1.800000e+01 -1.307831e+01
      vertex   6.443718e+01 1.300000e+01 -1.307831e+01
      vertex   6.439458e+01 1.800000e+01 -1.275479e+01
    endloop
  endfacet
  facet normal -9.914449e-01 -0.000000e+00 -1.305262e-01
    outer loop
      vertex   6.439458e+01 1.800000e+01 -1.275479e+01
      vertex   6.443718e+01 1.300000e+01 -1.307831e+01
      vertex   6.439458e+01 1.300000e+01 -1.275479e+01
    endloop
  endfacet
  facet normal -9.238795e-01 -0.000000e+00 -3.826834e-01
    outer loop
      vertex   6.439458e+01 1.800000e+01 -1.275479e+01
      vertex   6.439458e+01 1.300000e+01 -1.275479e+01
      vertex   6.426971e+01 1.800000e+01 -1.245331e+01
    endloop
  endfacet
  facet normal -9.238795e-01 1.359565e-16 -3.826834e-01
    outer loop
      vertex   6.426971e+01 1.800000e+01 -1.245331e+01
      vertex   6.439458e+01 1.300000e+01 -1.275479e+01
      vertex   6.426971e+01 1.300000e+01 -1.245331e+01
    endloop
  endfacet
  facet normal -7.933533e-01 2.162755e-16 -6.087614e-01
    outer loop
      vertex   6.426971e+01 1.800000e+01 -1.245331e+01
      vertex   6.426971e+01 1.300000e+01 -1.245331e+01
      vertex   6.407106e+01 1.800000e+01 -1.219443e+01
    endloop
  endfacet
  facet normal -7.933533e-01 -0.000000e+00 -6.087614e-01
    outer loop
      vertex   6.407106e+01 1.800000e+01 -1.219443e+01
      vertex   6.426971e+01 1.300000e+01 -1.245331e+01
      vertex   6.407106e+01 1.300000e+01 -1.219443e+01
    endloop
  endfacet
  facet normal -6.087614e-01 -0.000000e+00 -7.933533e-01
    outer loop
      vertex   6.407106e+01 1.800000e+01 -1.219443e+01
      vertex   6.407106e+01 1.300000e+01 -1.219443e+01
      vertex   6.381218e+01 1.800000e+01 -1.199578e+01
    endloop
  endfacet
  facet normal -6.087614e-01 -0.000000e+00 -7.933533e-01
    outer loop
      vertex   6.381218e+01 1.800000e+01 -1.199578e+01
      vertex   6.407106e+01 1.300000e+01 -1.219443e+01
      vertex   6.381218e+01 1.300000e+01 -1.199578e+01
    endloop
  endfacet
  facet normal -3.826834e-01 -0.000000e+00 -9.238795e-01
    outer loop
      vertex   6.381218e+01 1.800000e+01 -1.199578e+01
      vertex   6.381218e+01 1.300000e+01 -1.199578e+01
      vertex   6.351070e+01 1.800000e+01 -1.187091e+01
    endloop
  endfacet
  facet normal -3.826834e-01 -0.000000e+00 -9.238795e-01
    outer loop
      vertex   6.351070e+01 1.800000e+01 -1.187091e+01
      vertex   6.381218e+01 1.300000e+01 -1.199578e+01
      vertex   6.351070e+01 1.300000e+01 -1.187091e+01
    endloop
  endfacet
  facet normal -1.305262e-01 -0.000000e+00 -9.914449e-01
    outer loop
      vertex   6.351070e+01 1.800000e+01 -1.187091e+01
      vertex   6.351070e+01 1.300000e+01 -1.187091e+01
      vertex   6.318718e+01 1.800000e+01 -1.182831e+01
    endloop
  endfacet
  facet normal -1.305262e-01 -0.000000e+00 -9.914449e-01
    outer loop
      vertex   6.318718e+01 1.800000e+01 -1.182831e+01
      vertex   6.351070e+01 1.300000e+01 -1.187091e+01
      vertex   6.318718e+01 1.300000e+01 -1.182831e+01
    endloop
  endfacet
  facet normal 1.305262e-01 0.000000e+00 -9.914449e-01
    outer loop
      vertex   6.318718e+01 1.800000e+01 -1.182831e+01
      vertex   6.318718e+01 1.300000e+01 -1.182831e+01
      vertex   6.286365e+01 1.800000e+01 -1.187091e+01
    endloop
  endfacet
  facet normal 1.305262e-01 0.000000e+00 -9.914449e-01
    outer loop
      vertex   6.286365e+01 1.800000e+01 -1.187091e+01
      vertex   6.318718e+01 1.300000e+01 -1.182831e+01
      vertex   6.286365e+01 1.300000e+01 -1.187091e+01
    endloop
  endfacet
  facet normal 3.826834e-01 0.000000e+00 -9.238795e-01
    outer loop
      vertex   6.286365e+01 1.800000e+01 -1.187091e+01
      vertex   6.286365e+01 1.300000e+01 -1.187091e+01
      vertex   6.256218e+01 1.800000e+01 -1.199578e+01
    endloop
  endfacet
  facet normal 3.826834e-01 0.000000e+00 -9.238795e-01
    outer loop
      vertex   6.256218e+01 1.800000e+01 -1.199578e+01
      vertex   6.286365e+01 1.300000e+01 -1.187091e+01
      vertex   6.256218e+01 1.300000e+01 -1.199578e+01
    endloop
  endfacet
  facet normal 6.087614e-01 0.000000e+00 -7.933533e-01
    outer loop
      vertex   6.256218e+01 1.800000e+01 -1.199578e+01
      vertex   6.256218e+01 1.300000e+01 -1.199578e+01
      vertex   6.230329e+01 1.800000e+01 -1.219443e+01
    endloop
  endfacet
  facet normal 6.087614e-01 0.000000e+00 -7.933533e-01
    outer loop
      vertex   6.230329e+01 1.800000e+01 -1.219443e+01
      vertex   6.256218e+01 1.300000e+01 -1.199578e+01
      vertex   6.230329e+01 1.300000e+01 -1.219443e+01
    endloop
  endfacet
  facet normal 7.933533e-01 0.000000e+00 -6.087614e-01
    outer loop
      vertex   6.230329e+01 1.800000e+01 -1.219443e+01
      vertex   6.230329e+01 1.300000e+01 -1.219443e+01
      vertex   6.210464e+01 1.800000e+01 -1.245331e+01
    endloop
  endfacet
  facet normal 7.933533e-01 2.162755e-16 -6.087614e-01
    outer loop
      vertex   6.210464e+01 1.800000e+01 -1.245331e+01
      vertex   6.230329e+01 1.300000e+01 -1.219443e+01
      vertex   6.210464e+01 1.300000e+01 -1.245331e+01
    endloop
  endfacet
  facet normal 9.238795e-01 1.359565e-16 -3.826834e-01
    outer loop
      vertex   6.210464e+01 1.800000e+01 -1.245331e+01
      vertex   6.210464e+01 1.300000e+01 -1.245331e+01
      vertex   6.197977e+01 1.800000e+01 -1.275479e+01
    endloop
  endfacet
  facet normal 9.238795e-01 0.000000e+00 -3.826834e-01
    outer loop
      vertex   6.197977e+01 1.800000e+01 -1.275479e+01
      vertex   6.210464e+01 1.300000e+01 -1.245331e+01
      vertex   6.197977e+01 1.300000e+01 -1.275479e+01
    endloop
  endfacet
  facet normal 9.914449e-01 0.000000e+00 -1.305262e-01
    outer loop
      vertex   6.197977e+01 1.800000e+01 -1.275479e+01
      vertex   6.197977e+01 1.300000e+01 -1.275479e+01
      vertex   6.193718e+01 1.800000e+01 -1.307831e+01
    endloop
  endfacet
  facet normal 9.914449e-01 0.000000e+00 -1.305262e-01
    outer loop
      vertex   6.193718e+01 1.800000e+01 -1.307831e+01
      vertex   6.197977e+01 1.300000e+01 -1.275479e+01
      vertex   6.193718e+01 1.300000e+01 -1.307831e+01
    endloop
  endfacet
  facet normal 9.914449e-01 0.000000e+00 1.305262e-01
    outer loop
      vertex   6.193718e+01 1.800000e+01 -1.307831e+01
      vertex   6.193718e+01 1.300000e+01 -1.307831e+01
      vertex   6.197977e+01 1.800000e+01 -1.340184e+01
    endloop
  endfacet
  facet normal 9.914449e-01 -9.274444e-17 1.305262e-01
    outer loop
      vertex   6.197977e+01 1.800000e+01 -1.340184e+01
      vertex   6.193718e+01 1.300000e+01 -1.307831e+01
      vertex   6.197977e+01 1.300000e+01 -1.340184e+01
    endloop
  endfacet
  facet normal 9.238795e-01 -2.719129e-16 3.826834e-01
    outer loop
      vertex   6.197977e+01 1.800000e+01 -1.340184e+01
      vertex   6.197977e+01 1.300000e+01 -1.340184e+01
      vertex   6.210464e+01 1.800000e+01 -1.370331e+01
    endloop
  endfacet
  facet normal 9.238795e-01 2.719129e-16 3.826834e-01
    outer loop
      vertex   6.210464e+01 1.800000e+01 -1.370331e+01
      vertex   6.197977e+01 1.300000e+01 -1.340184e+01
      vertex   6.210464e+01 1.300000e+01 -1.370331e+01
    endloop
  endfacet
  facet normal 7.933533e-01 4.325510e-16 6.087614e-01
    outer loop
      vertex   6.210464e+01 1.800000e+01 -1.370331e+01
      vertex   6.210464e+01 1.300000e+01 -1.370331e+01
      vertex   6.230329e+01 1.800000e+01 -1.396220e+01
    endloop
  endfacet
  facet normal 7.933533e-01 0.000000e+00 6.087614e-01
    outer loop
      vertex   6.230329e+01 1.800000e+01 -1.396220e+01
      vertex   6.210464e+01 1.300000e+01 -1.370331e+01
      vertex   6.230329e+01 1.300000e+01 -1.396220e+01
    endloop
  endfacet
  facet normal 6.087614e-01 0.000000e+00 7.933533e-01
    outer loop
      vertex   6.230329e+01 1.800000e+01 -1.396220e+01
      vertex   6.230329e+01 1.300000e+01 -1.396220e+01
      vertex   6.256218e+01 1.800000e+01 -1.416085e+01
    endloop
  endfacet
  facet normal 6.087614e-01 0.000000e+00 7.933533e-01
    outer loop
      vertex   6.256218e+01 1.800000e+01 -1.416085e+01
      vertex   6.230329e+01 1.300000e+01 -1.396220e+01
      vertex   6.256218e+01 1.300000e+01 -1.416085e+01
    endloop
  endfacet
  facet normal 3.826834e-01 0.000000e+00 9.238795e-01
    outer loop
      vertex   6.256218e+01 1.800000e+01 -1.416085e+01
      vertex   6.256218e+01 1.300000e+01 -1.416085e+01
      vertex   6.286365e+01 1.800000e+01 -1.428572e+01
    endloop
  endfacet
  facet normal 3.826834e-01 0.000000e+00 9.238795e-01
    outer loop
      vertex   6.286365e+01 1.800000e+01 -1.428572e+01
      vertex   6.256218e+01 1.300000e+01 -1.416085e+01
      vertex   6.286365e+01 1.300000e+01 -1.428572e+01
    endloop
  endfacet
  facet normal 1.305262e-01 0.000000e+00 9.914449e-01
    outer loop
      vertex   6.286365e+01 1.800000e+01 -1.428572e+01
      vertex   6.286365e+01 1.300000e+01 -1.428572e+01
      vertex   6.318718e+01 1.800000e+01 -1.432831e+01
    endloop
  endfacet
  facet normal 1.305262e-01 0.000000e+00 9.914449e-01
    outer loop
      vertex   6.318718e+01 1.800000e+01 -1.432831e+01
      vertex   6.286365e+01 1.300000e+01 -1.428572e+01
      vertex   6.318718e+01 1.300000e+01 -1.432831e+01
    endloop
  endfacet
  facet normal -1.305262e-01 0.000000e+00 9.914449e-01
    outer loop
      vertex   6.318718e+01 1.800000e+01 -1.432831e+01
      vertex   6.318718e+01 1.300000e+01 -1.432831e+01
      vertex   6.351070e+01 1.800000e+01 -1.428572e+01
    endloop
  endfacet
  facet normal -1.305262e-01 0.000000e+00 9.914449e-01
    outer loop
      vertex   6.351070e+01 1.800000e+01 -1.428572e+01
      vertex   6.318718e+01 1.300000e+01 -1.432831e+01
      vertex   6.351070e+01 1.300000e+01 -1.428572e+01
    endloop
  endfacet
  facet normal -3.826834e-01 0.000000e+00 9.238795e-01
    outer loop
      vertex   6.351070e+01 1.800000e+01 -1.428572e+01
      vertex   6.351070e+01 1.300000e+01 -1.428572e+01
      vertex   6.381218e+01 1.800000e+01 -1.416085e+01
    endloop
  endfacet
  facet normal -3.826834e-01 0.000000e+00 9.238795e-01
    outer loop
      vertex   6.381218e+01 1.800000e+01 -1.416085e+01
      vertex   6.351070e+01 1.300000e+01 -1.428572e+01
      vertex   6.381218e+01 1.300000e+01 -1.416085e+01
    endloop
  endfacet
  facet normal -6.087614e-01 0.000000e+00 7.933533e-01
    outer loop
      vertex   6.381218e+01 1.800000e+01 -1.416085e+01
      vertex   6.381218e+01 1.300000e+01 -1.416085e+01
      vertex   6.407106e+01 1.800000e+01 -1.396220e+01
    endloop
  endfacet
  facet normal -6.087614e-01 0.000000e+00 7.933533e-01
    outer loop
      vertex   6.407106e+01 1.800000e+01 -1.396220e+01
      vertex   6.381218e+01 1.300000e+01 -1.416085e+01
      vertex   6.407106e+01 1.300000e+01 -1.396220e+01
    endloop
  endfacet
  facet normal -7.933533e-01 0.000000e+00 6.087614e-01
    outer loop
      vertex   6.407106e+01 1.800000e+01 -1.396220e+01
      vertex   6.407106e+01 1.300000e+01 -1.396220e+01
      vertex   6.426971e+01 1.800000e+01 -1.370331e+01
    endloop
  endfacet
  facet normal -7.933533e-01 4.325510e-16 6.087614e-01
    outer loop
      vertex   6.426971e+01 1.800000e+01 -1.370331e+01
      vertex   6.407106e+01 1.300000e+01 -1.396220e+01
      vertex   6.426971e+01 1.300000e+01 -1.370331e+01
    endloop
  endfacet
  facet normal -9.238795e-01 2.719129e-16 3.826834e-01
    outer loop
      vertex   6.426971e+01 1.800000e+01 -1.370331e+01
      vertex   6.426971e+01 1.300000e+01 -1.370331e+01
      vertex   6.439458e+01 1.800000e+01 -1.340184e+01
    endloop
  endfacet
  facet normal -9.238795e-01 0.000000e+00 3.826834e-01
    outer loop
      vertex   6.439458e+01 1.800000e+01 -1.340184e+01
      vertex   6.426971e+01 1.300000e+01 -1.370331e+01
      vertex   6.439458e+01 1.300000e+01 -1.340184e+01
    endloop
  endfacet
  facet normal -9.914449e-01 0.000000e+00 -1.305262e-01
    outer loop
      vertex   6.439458e+01 3.000000e+00 -1.275479e+01
      vertex   6.439458e+01 8.000000e+00 -1.275479e+01
      vertex   6.443718e+01 3.000000e+00 -1.307831e+01
    endloop
  endfacet
  facet normal -9.914449e-01 0.000000e+00 -1.305262e-01
    outer loop
      vertex   6.443718e+01 3.000000e+00 -1.307831e+01
      vertex   6.439458e+01 8.000000e+00 -1.275479e+01
      vertex   6.443718e+01 8.000000e+00 -1.307831e+01
    endloop
  endfacet
  facet normal -9.914449e-01 0.000000e+00 1.305262e-01
    outer loop
      vertex   6.443718e+01 3.000000e+00 -1.307831e+01
      vertex   6.443718e+01 8.000000e+00 -1.307831e+01
      vertex   6.439458e+01 3.000000e+00 -1.340184e+01
    endloop
  endfacet
  facet normal -9.914449e-01 0.000000e+00 1.305262e-01
    outer loop
      vertex   6.439458e+01 3.000000e+00 -1.340184e+01
      vertex   6.443718e+01 8.000000e+00 -1.307831e+01
      vertex   6.439458e+01 8.000000e+00 -1.340184e+01
    endloop
  endfacet
  facet normal -9.238795e-01 0.000000e+00 3.826834e-01
    outer loop
      vertex   6.439458e+01 3.000000e+00 -1.340184e+01
      vertex   6.439458e+01 8.000000e+00 -1.340184e+01
      vertex   6.426971e+01 3.000000e+00 -1.370331e+01
    endloop
  endfacet
  facet normal -9.238795e-01 -2.719129e-16 3.826834e-01
    outer loop
      vertex   6.426971e+01 3.000000e+00 -1.370331e+01
      vertex   6.439458e+01 8.000000e+00 -1.340184e+01
      vertex   6.426971e+01 8.000000e+00 -1.370331e+01
    endloop
  endfacet
  facet normal -7.933533e-01 -4.325510e-16 6.087614e-01
    outer loop
      vertex   6.426971e+01 3.000000e+00 -1.370331e+01
      vertex   6.426971e+01 8.000000e+00 -1.370331e+01
      vertex   6.407106e+01 3.000000e+00 -1.396220e+01
    endloop
  endfacet
  facet normal -7.933533e-01 0.000000e+00 6.087614e-01
    outer loop
      vertex   6.407106e+01 3.000000e+00 -1.396220e+01
      vertex   6.426971e+01 8.000000e+00 -1.370331e+01
      vertex   6.407106e+01 8.000000e+00 -1.396220e+01
    endloop
  endfacet
  facet normal -6.087614e-01 0.000000e+00 7.933533e-01
    outer loop
      vertex   6.407106e+01 3.000000e+00 -1.396220e+01
      vertex   6.407106e+01 8.000000e+00 -1.396220e+01
      vertex   6.381218e+01 3.000000e+00 -1.416085e+01
    endloop
  endfacet
  facet normal -6.087614e-01 0.000000e+00 7.933533e-01
    outer loop
      vertex   6.381218e+01 3.000000e+00 -1.416085e+01
      vertex   6.407106e+01 8.000000e+00 -1.396220e+01
      vertex   6.381218e+01 8.000000e+00 -1.416085e+01
    endloop
  endfacet
  facet normal -3.826834e-01 0.000000e+00 9.238795e-01
    outer loop
      vertex   6.381218e+01 3.000000e+00 -1.416085e+01
      vertex   6.381218e+01 8.000000e+00 -1.416085e+01
      vertex   6.351070e+01 3.000000e+00 -1.428572e+01
    endloop
  endfacet
  facet normal -3.826834e-01 0.000000e+00 9.238795e-01
    outer loop
      vertex   6.351070e+01 3.000000e+00 -1.428572e+01
      vertex   6.381218e+01 8.000000e+00 -1.416085e+01
      vertex   6.351070e+01 8.000000e+00 -1.428572e+01
    endloop
  endfacet
  facet normal -1.305262e-01 0.000000e+00 9.914449e-01
    outer loop
      vertex   6.351070e+01 3.000000e+00 -1.428572e+01
      vertex   6.351070e+01 8.000000e+00 -1.428572e+01
      vertex   6.318718e+01 3.000000e+00 -1.432831e+01
    endloop
  endfacet
  facet normal -1.305262e-01 0.000000e+00 9.914449e-01
    outer loop
      vertex   6.318718e+01 3.000000e+00 -1.432831e+01
      vertex   6.351070e+01 8.000000e+00 -1.428572e+01
      vertex   6.318718e+01 8.000000e+00 -1.432831e+01
    endloop
  endfacet
  facet normal 1.305262e-01 -0.000000e+00 9.914449e-01
    outer loop
      vertex   6.318718e+01 3.000000e+00 -1.432831e+01
      vertex   6.318718e+01 8.000000e+00 -1.432831e+01
      vertex   6.286365e+01 3.000000e+00 -1.428572e+01
    endloop
  endfacet
  facet normal 1.305262e-01 -0.000000e+00 9.914449e-01
    outer loop
      vertex   6.286365e+01 3.000000e+00 -1.428572e+01
      vertex   6.318718e+01 8.000000e+00 -1.432831e+01
      vertex   6.286365e+01 8.000000e+00 -1.428572e+01
    endloop
  endfacet
  facet normal 3.826834e-01 -0.000000e+00 9.238795e-01
    outer loop
      vertex   6.286365e+01 3.000000e+00 -1.428572e+01
      vertex   6.286365e+01 8.000000e+00 -1.428572e+01
      vertex   6.256218e+01 3.000000e+00 -1.416085e+01
    endloop
  endfacet
  facet normal 3.826834e-01 -0.000000e+00 9.238795e-01
    outer loop
      vertex   6.256218e+01 3.000000e+00 -1.416085e+01
      vertex   6.286365e+01 8.000000e+00 -1.428572e+01
      vertex   6.256218e+01 8.000000e+00 -1.416085e+01
    endloop
  endfacet
  facet normal 6.087614e-01 -0.000000e+00 7.933533e-01
    outer loop
      vertex   6.256218e+01 3.000000e+00 -1.416085e+01
      vertex   6.256218e+01 8.000000e+00 -1.416085e+01
      vertex   6.230329e+01 3.000000e+00 -1.396220e+01
    endloop
  endfacet
  facet normal 6.087614e-01 -0.000000e+00 7.933533e-01
    outer loop
      vertex   6.230329e+01 3.000000e+00 -1.396220e+01
      vertex   6.256218e+01 8.000000e+00 -1.416085e+01
      vertex   6.230329e+01 8.000000e+00 -1.396220e+01
    endloop
  endfacet
  facet normal 7.933533e-01 -0.000000e+00 6.087614e-01
    outer loop
      vertex   6.230329e+01 3.000000e+00 -1.396220e+01
      vertex   6.230329e+01 8.000000e+00 -1.396220e+01
      vertex   6.210464e+01 3.000000e+00 -1.370331e+01
    endloop
  endfacet
  facet normal 7.933533e-01 -4.325510e-16 6.087614e-01
    outer loop
      vertex   6.210464e+01 3.000000e+00 -1.370331e+01
      vertex   6.230329e+01 8.000000e+00 -1.396220e+01
      vertex   6.210464e+01 8.000000e+00 -1.370331e+01
    endloop
  endfacet
  facet normal 9.238795e-01 -2.719129e-16 3.826834e-01
    outer loop
      vertex   6.210464e+01 3.000000e+00 -1.370331e+01
      vertex   6.210464e+01 8.000000e+00 -1.370331e+01
      vertex   6.197977e+01 3.000000e+00 -1.340184e+01
    endloop
  endfacet
  facet normal 9.238795e-01 -0.000000e+00 3.826834e-01
    outer loop
      vertex   6.197977e+01 3.000000e+00 -1.340184e+01
      vertex   6.210464e+01 8.000000e+00 -1.370331e+01
      vertex   6.197977e+01 8.000000e+00 -1.340184e+01
    endloop
  endfacet
  facet normal 9.914449e-01 -0.000000e+00 1.305262e-01
    outer loop
      vertex   6.197977e+01 3.000000e+00 -1.340184e+01
      vertex   6.197977e+01 8.000000e+00 -1.340184e+01
      vertex   6.193718e+01 3.000000e+00 -1.307831e+01
    endloop
  endfacet
  facet normal 9.914449e-01 -0.000000e+00 1.305262e-01
    outer loop
      vertex   6.193718e+01 3.000000e+00 -1.307831e+01
      vertex   6.197977e+01 8.000000e+00 -1.340184e+01
      vertex   6.193718e+01 8.000000e+00 -1.307831e+01
    endloop
  endfacet
  facet normal 9.914449e-01 0.000000e+00 -1.305262e-01
    outer loop
      vertex   6.193718e+01 3.000000e+00 -1.307831e+01
      vertex   6.193718e+01 8.000000e+00 -1.307831e+01
      vertex   6.197977e+01 3.000000e+00 -1.275479e+01
    endloop
  endfacet
  facet normal 9.914449e-01 4.637222e-17 -1.305262e-01
    outer loop
      vertex   6.197977e+01 3.000000e+00 -1.275479e+01
      vertex   6.193718e+01 8.000000e+00 -1.307831e+01
      vertex   6.197977e+01 8.000000e+00 -1.275479e+01
    endloop
  endfacet
  facet normal 9.238795e-01 1.359565e-16 -3.826834e-01
    outer loop
      vertex   6.197977e+01 3.000000e+00 -1.275479e+01
      vertex   6.197977e+01 8.000000e+00 -1.275479e+01
      vertex   6.210464e+01 3.000000e+00 -1.245331e+01
    endloop
  endfacet
  facet normal 9.238795e-01 -1.359565e-16 -3.826834e-01
    outer loop
      vertex   6.210464e+01 3.000000e+00 -1.245331e+01
      vertex   6.197977e+01 8.000000e+00 -1.275479e+01
      vertex   6.210464e+01 8.000000e+00 -1.245331e+01
    endloop
  endfacet
  facet normal 7.933533e-01 -2.162755e-16 -6.087614e-01
    outer loop
      vertex   6.210464e+01 3.000000e+00 -1.245331e+01
      vertex   6.210464e+01 8.000000e+00 -1.245331e+01
      vertex   6.230329e+01 3.000000e+00 -1.219443e+01
    endloop
  endfacet
  facet normal 7.933533e-01 0.000000e+00 -6.087614e-01
    outer loop
      vertex   6.230329e+01 3.000000e+00 -1.219443e+01
      vertex   6.210464e+01 8.000000e+00 -1.245331e+01
      vertex   6.230329e+01 8.000000e+00 -1.219443e+01
    endloop
  endfacet
  facet normal 6.087614e-01 0.000000e+00 -7.933533e-01
    outer loop
      vertex   6.230329e+01 3.000000e+00 -1.219443e+01
      vertex   6.230329e+01 8.000000e+00 -1.219443e+01
      vertex   6.256218e+01 3.000000e+00 -1.199578e+01
    endloop
  endfacet
  facet normal 6.087614e-01 0.000000e+00 -7.933533e-01
    outer loop
      vertex   6.256218e+01 3.000000e+00 -1.199578e+01
      vertex   6.230329e+01 8.000000e+00 -1.219443e+01
      vertex   6.256218e+01 8.000000e+00 -1.199578e+01
    endloop
  endfacet
  facet normal 3.826834e-01 0.000000e+00 -9.238795e-01
    outer loop
      vertex   6.256218e+01 3.000000e+00 -1.199578e+01
      vertex   6.256218e+01 8.000000e+00 -1.199578e+01
      vertex   6.286365e+01 3.000000e+00 -1.187091e+01
    endloop
  endfacet
  facet normal 3.826834e-01 0.000000e+00 -9.238795e-01
    outer loop
      vertex   6.286365e+01 3.000000e+00 -1.187091e+01
      vertex   6.256218e+01 8.000000e+00 -1.199578e+01
      vertex   6.286365e+01 8.000000e+00 -1.187091e+01
    endloop
  endfacet
  facet normal 1.305262e-01 0.000000e+00 -9.914449e-01
    outer loop
      vertex   6.286365e+01 3.000000e+00 -1.187091e+01
      vertex   6.286365e+01 8.000000e+00 -1.187091e+01
      vertex   6.318718e+01 3.000000e+00 -1.182831e+01
    endloop
  endfacet
  facet normal 1.305262e-01 0.000000e+00 -9.914449e-01
    outer loop
      vertex   6.318718e+01 3.000000e+00 -1.182831e+01
      vertex   6.286365e+01 8.000000e+00 -1.187091e+01
      vertex   6.318718e+01 8.000000e+00 -1.182831e+01
    endloop
  endfacet
  facet normal -1.305262e-01 0.000000e+00 -9.914449e-01
    outer loop
      vertex   6.318718e+01 3.000000e+00 -1.182831e+01
      vertex   6.318718e+01 8.000000e+00 -1.182831e+01
      vertex   6.351070e+01 3.000000e+00 -1.187091e+01
    endloop
  endfacet
  facet normal -1.305262e-01 0.000000e+00 -9.914449e-01
    outer loop
      vertex   6.351070e+01 3.000000e+00 -1.187091e+01
      vertex   6.318718e+01 8.000000e+00 -1.182831e+01
      vertex   6.351070e+01 8.000000e+00 -1.187091e+01
    endloop
  endfacet
  facet normal -3.826834e-01 0.000000e+00 -9.238795e-01
    outer loop
      vertex   6.351070e+01 3.000000e+00 -1.187091e+01
      vertex   6.351070e+01 8.000000e+00 -1.187091e+01
      vertex   6.381218e+01 3.000000e+00 -1.199578e+01
    endloop
  endfacet
  facet normal -3.826834e-01 0.000000e+00 -9.238795e-01
    outer loop
      vertex   6.381218e+01 3.000000e+00 -1.199578e+01
      vertex   6.351070e+01 8.000000e+00 -1.187091e+01
      vertex   6.381218e+01 8.000000e+00 -1.199578e+01
    endloop
  endfacet
  facet normal -6.087614e-01 0.000000e+00 -7.933533e-01
    outer loop
      vertex   6.381218e+01 3.000000e+00 -1.199578e+01
      vertex   6.381218e+01 8.000000e+00 -1.199578e+01
      vertex   6.407106e+01 3.000000e+00 -1.219443e+01
    endloop
  endfacet
  facet normal -6.087614e-01 0.000000e+00 -7.933533e-01
    outer loop
      vertex   6.407106e+01 3.000000e+00 -1.219443e+01
      vertex   6.381218e+01 8.000000e+00 -1.199578e+01
      vertex   6.407106e+01 8.000000e+00 -1.219443e+01
    endloop
  endfacet
  facet normal -7.933533e-01 0.000000e+00 -6.087614e-01
    outer loop
      vertex   6.407106e+01 3.000000e+00 -1.219443e+01
      vertex   6.407106e+01 8.000000e+00 -1.219443e+01
      vertex   6.426971e+01 3.000000e+00 -1.245331e+01
    endloop
  endfacet
  facet normal -7.933533e-01 -2.162755e-16 -6.087614e-01
    outer loop
      vertex   6.426971e+01 3.000000e+00 -1.245331e+01
      vertex   6.407106e+01 8.000000e+00 -1.219443e+01
      vertex   6.426971e+01 8.000000e+00 -1.245331e+01
    endloop
  endfacet
  facet normal -9.238795e-01 -1.359565e-16 -3.826834e-01
    outer loop
      vertex   6.426971e+01 3.000000e+00 -1.245331e+01
      vertex   6.426971e+01 8.000000e+00 -1.245331e+01
      vertex   6.439458e+01 3.000000e+00 -1.275479e+01
    endloop
  endfacet
  facet normal -9.238795e-01 0.000000e+00 -3.826834e-01
    outer loop
      vertex   6.439458e+01 3.000000e+00 -1.275479e+01
      vertex   6.426971e+01 8.000000e+00 -1.245331e+01
      vertex   6.439458e+01 8.000000e+00 -1.275479e+01
    endloop
  endfacet
  facet normal -9.914449e-01 -0.000000e+00 -1.305262e-01
    outer loop
      vertex   6.443718e+01 1.300000e+01 -1.307831e+01
      vertex   6.443718e+01 8.000000e+00 -1.307831e+01
      vertex   6.439458e+01 1.300000e+01 -1.275479e+01
    endloop
  endfacet
  facet normal -9.914449e-01 -0.000000e+00 -1.305262e-01
    outer loop
      vertex   6.439458e+01 1.300000e+01 -1.275479e+01
      vertex   6.443718e+01 8.000000e+00 -1.307831e+01
      vertex   6.439458e+01 8.000000e+00 -1.275479e+01
    endloop
  endfacet
  facet normal -9.238795e-01 -0.000000e+00 -3.826834e-01
    outer loop
      vertex   6.439458e+01 1.300000e+01 -1.275479e+01
      vertex   6.439458e+01 8.000000e+00 -1.275479e+01
      vertex   6.426971e+01 1.300000e+01 -1.245331e+01
    endloop
  endfacet
  facet normal -9.238795e-01 -0.000000e+00 -3.826834e-01
    outer loop
      vertex   6.426971e+01 1.300000e+01 -1.245331e+01
      vertex   6.439458e+01 8.000000e+00 -1.275479e+01
      vertex   6.426971e+01 8.000000e+00 -1.245331e+01
    endloop
  endfacet
  facet normal -7.933533e-01 -0.000000e+00 -6.087614e-01
    outer loop
      vertex   6.426971e+01 1.300000e+01 -1.245331e+01
      vertex   6.426971e+01 8.000000e+00 -1.245331e+01
      vertex   6.407106e+01 1.300000e+01 -1.219443e+01
    endloop
  endfacet
  facet normal -7.933533e-01 -0.000000e+00 -6.087614e-01
    outer loop
      vertex   6.407106e+01 1.300000e+01 -1.219443e+01
      vertex   6.426971e+01 8.000000e+00 -1.245331e+01
      vertex   6.407106e+01 8.000000e+00 -1.219443e+01
    endloop
  endfacet
  facet normal -6.087614e-01 -0.000000e+00 -7.933533e-01
    outer loop
      vertex   6.407106e+01 1.300000e+01 -1.219443e+01
      vertex   6.407106e+01 8.000000e+00 -1.219443e+01
      vertex   6.381218e+01 1.300000e+01 -1.199578e+01
    endloop
  endfacet
  facet normal -6.087614e-01 -0.000000e+00 -7.933533e-01
    outer loop
      vertex   6.381218e+01 1.300000e+01 -1.199578e+01
      vertex   6.407106e+01 8.000000e+00 -1.219443e+01
      vertex   6.381218e+01 8.000000e+00 -1.199578e+01
    endloop
  endfacet
  facet normal -3.826834e-01 -0.000000e+00 -9.238795e-01
    outer loop
      vertex   6.381218e+01 1.300000e+01 -1.199578e+01
      vertex   6.381218e+01 8.000000e+00 -1.199578e+01
      vertex   6.351070e+01 1.300000e+01 -1.187091e+01
    endloop
  endfacet
  facet normal -3.826834e-01 -0.000000e+00 -9.238795e-01
    outer loop
      vertex   6.351070e+01 1.300000e+01 -1.187091e+01
      vertex   6.381218e+01 8.000000e+00 -1.199578e+01
      vertex   6.351070e+01 8.000000e+00 -1.187091e+01
    endloop
  endfacet
  facet normal -1.305262e-01 -0.000000e+00 -9.914449e-01
    outer loop
      vertex   6.351070e+01 1.300000e+01 -1.187091e+01
      vertex   6.351070e+01 8.000000e+00 -1.187091e+01
      vertex   6.318718e+01 1.300000e+01 -1.182831e+01
    endloop
  endfacet
  facet normal -1.305262e-01 -0.000000e+00 -9.914449e-01
    outer loop
      vertex   6.318718e+01 1.300000e+01 -1.182831e+01
      vertex   6.351070e+01 8.000000e+00 -1.187091e+01
      vertex   6.318718e+01 8.000000e+00 -1.182831e+01
    endloop
  endfacet
  facet normal 1.305262e-01 0.000000e+00 -9.914449e-01
    outer loop
      vertex   6.318718e+01 1.300000e+01 -1.182831e+01
      vertex   6.318718e+01 8.000000e+00 -1.182831e+01
      vertex   6.286365e+01 1.300000e+01 -1.187091e+01
    endloop
  endfacet
  facet normal 1.305262e-01 0.000000e+00 -9.914449e-01
    outer loop
      vertex   6.286365e+01 1.300000e+01 -1.187091e+01
      vertex   6.318718e+01 8.000000e+00 -1.182831e+01
      vertex   6.286365e+01 8.000000e+00 -1.187091e+01
    endloop
  endfacet
  facet normal 3.826834e-01 0.000000e+00 -9.238795e-01
    outer loop
      vertex   6.286365e+01 1.300000e+01 -1.187091e+01
      vertex   6.286365e+01 8.000000e+00 -1.187091e+01
      vertex   6.256218e+01 1.300000e+01 -1.199578e+01
    endloop
  endfacet
  facet normal 3.826834e-01 0.000000e+00 -9.238795e-01
    outer loop
      vertex   6.256218e+01 1.300000e+01 -1.199578e+01
      vertex   6.286365e+01 8.000000e+00 -1.187091e+01
      vertex   6.256218e+01 8.000000e+00 -1.199578e+01
    endloop
  endfacet
  facet normal 6.087614e-01 0.000000e+00 -7.933533e-01
    outer loop
      vertex   6.256218e+01 1.300000e+01 -1.199578e+01
      vertex   6.256218e+01 8.000000e+00 -1.199578e+01
      vertex   6.230329e+01 1.300000e+01 -1.219443e+01
    endloop
  endfacet
  facet normal 6.087614e-01 0.000000e+00 -7.933533e-01
    outer loop
      vertex   6.230329e+01 1.300000e+01 -1.219443e+01
      vertex   6.256218e+01 8.000000e+00 -1.199578e+01
      vertex   6.230329e+01 8.000000e+00 -1.219443e+01
    endloop
  endfacet
  facet normal 7.933533e-01 0.000000e+00 -6.087614e-01
    outer loop
      vertex   6.230329e+01 1.300000e+01 -1.219443e+01
      vertex   6.230329e+01 8.000000e+00 -1.219443e+01
      vertex   6.210464e+01 1.300000e+01 -1.245331e+01
    endloop
  endfacet
  facet normal 7.933533e-01 0.000000e+00 -6.087614e-01
    outer loop
      vertex   6.210464e+01 1.300000e+01 -1.245331e+01
      vertex   6.230329e+01 8.000000e+00 -1.219443e+01
      vertex   6.210464e+01 8.000000e+00 -1.245331e+01
    endloop
  endfacet
  facet normal 9.238795e-01 0.000000e+00 -3.826834e-01
    outer loop
      vertex   6.210464e+01 1.300000e+01 -1.245331e+01
      vertex   6.210464e+01 8.000000e+00 -1.245331e+01
      vertex   6.197977e+01 1.300000e+01 -1.275479e+01
    endloop
  endfacet
  facet normal 9.238795e-01 0.000000e+00 -3.826834e-01
    outer loop
      vertex   6.197977e+01 1.300000e+01 -1.275479e+01
      vertex   6.210464e+01 8.000000e+00 -1.245331e+01
      vertex   6.197977e+01 8.000000e+00 -1.275479e+01
    endloop
  endfacet
  facet normal 9.914449e-01 0.000000e+00 -1.305262e-01
    outer loop
      vertex   6.197977e+01 1.300000e+01 -1.275479e+01
      vertex   6.197977e+01 8.000000e+00 -1.275479e+01
      vertex   6.193718e+01 1.300000e+01 -1.307831e+01
    endloop
  endfacet
  facet normal 9.914449e-01 0.000000e+00 -1.305262e-01
    outer loop
      vertex   6.193718e+01 1.300000e+01 -1.307831e+01
      vertex   6.197977e+01 8.000000e+00 -1.275479e+01
      vertex   6.193718e+01 8.000000e+00 -1.307831e+01
    endloop
  endfacet
  facet normal 9.914449e-01 0.000000e+00 1.305262e-01
    outer loop
      vertex   6.193718e+01 1.300000e+01 -1.307831e+01
      vertex   6.193718e+01 8.000000e+00 -1.307831e+01
      vertex   6.197977e+01 1.300000e+01 -1.340184e+01
    endloop
  endfacet
  facet normal 9.914449e-01 0.000000e+00 1.305262e-01
    outer loop
      vertex   6.197977e+01 1.300000e+01 -1.340184e+01
      vertex   6.193718e+01 8.000000e+00 -1.307831e+01
      vertex   6.197977e+01 8.000000e+00 -1.340184e+01
    endloop
  endfacet
  facet normal 9.238795e-01 0.000000e+00 3.826834e-01
    outer loop
      vertex   6.197977e+01 1.300000e+01 -1.340184e+01
      vertex   6.197977e+01 8.000000e+00 -1.340184e+01
      vertex   6.210464e+01 1.300000e+01 -1.370331e+01
    endloop
  endfacet
  facet normal 9.238795e-01 0.000000e+00 3.826834e-01
    outer loop
      vertex   6.210464e+01 1.300000e+01 -1.370331e+01
      vertex   6.197977e+01 8.000000e+00 -1.340184e+01
      vertex   6.210464e+01 8.000000e+00 -1.370331e+01
    endloop
  endfacet
  facet normal 7.933533e-01 0.000000e+00 6.087614e-01
    outer loop
      vertex   6.210464e+01 1.300000e+01 -1.370331e+01
      vertex   6.210464e+01 8.000000e+00 -1.370331e+01
      vertex   6.230329e+01 1.300000e+01 -1.396220e+01
    endloop
  endfacet
  facet normal 7.933533e-01 0.000000e+00 6.087614e-01
    outer loop
      vertex   6.230329e+01 1.300000e+01 -1.396220e+01
      vertex   6.210464e+01 8.000000e+00 -1.370331e+01
      vertex   6.230329e+01 8.000000e+00 -1.396220e+01
    endloop
  endfacet
  facet normal 6.087614e-01 0.000000e+00 7.933533e-01
    outer loop
      vertex   6.230329e+01 1.300000e+01 -1.396220e+01
      vertex   6.230329e+01 8.000000e+00 -1.396220e+01
      vertex   6.256218e+01 1.300000e+01 -1.416085e+01
    endloop
  endfacet
  facet normal 6.087614e-01 0.000000e+00 7.933533e-01
    outer loop
      vertex   6.256218e+01 1.300000e+01 -1.416085e+01
      vertex   6.230329e+01 8.000000e+00 -1.396220e+01
      vertex   6.256218e+01 8.000000e+00 -1.416085e+01
    endloop
  endfacet
  facet normal 3.826834e-01 0.000000e+00 9.238795e-01
    outer loop
      vertex   6.256218e+01 1.300000e+01 -1.416085e+01
      vertex   6.256218e+01 8.000000e+00 -1.416085e+01
      vertex   6.286365e+01 1.300000e+01 -1.428572e+01
    endloop
  endfacet
  facet normal 3.826834e-01 0.000000e+00 9.238795e-01
    outer loop
      vertex   6.286365e+01 1.300000e+01 -1.428572e+01
      vertex   6.256218e+01 8.000000e+00 -1.416085e+01
      vertex   6.286365e+01 8.000000e+00 -1.428572e+01
    endloop
  endfacet
  facet normal 1.305262e-01 0.000000e+00 9.914449e-01
    outer loop
      vertex   6.286365e+01 1.300000e+01 -1.428572e+01
      vertex   6.286365e+01 8.000000e+00 -1.428572e+01
      vertex   6.318718e+01 1.300000e+01 -1.432831e+01
    endloop
  endfacet
  facet normal 1.305262e-01 0.000000e+00 9.914449e-01
    outer loop
      vertex   6.318718e+01 1.300000e+01 -1.432831e+01
      vertex   6.286365e+01 8.000000e+00 -1.428572e+01
      vertex   6.318718e+01 8.000000e+00 -1.432831e+01
    endloop
  endfacet
  facet normal -1.305262e-01 0.000000e+00 9.914449e-01
    outer loop
      vertex   6.318718e+01 1.300000e+01 -1.432831e+01
      vertex   6.318718e+01 8.000000e+00 -1.432831e+01
      vertex   6.351070e+01 1.300000e+01 -1.428572e+01
    endloop
  endfacet
  facet normal -1.305262e-01 0.000000e+00 9.914449e-01
    outer loop
      vertex   6.351070e+01 1.300000e+01 -1.428572e+01
      vertex   6.318718e+01 8.000000e+00 -1.432831e+01
      vertex   6.351070e+01 8.000000e+00 -1.428572e+01
    endloop
  endfacet
  facet normal -3.826834e-01 0.000000e+00 9.238795e-01
    outer loop
      vertex   6.351070e+01 1.300000e+01 -1.428572e+01
      vertex   6.351070e+01 8.000000e+00 -1.428572e+01
      vertex   6.381218e+01 1.300000e+01 -1.416085e+01
    endloop
  endfacet
  facet normal -3.826834e-01 0.000000e+00 9.238795e-01
    outer loop
      vertex   6.381218e+01 1.300000e+01 -1.416085e+01
      vertex   6.351070e+01 8.000000e+00 -1.428572e+01
      vertex   6.381218e+01 8.000000e+00 -1.416085e+01
    endloop
  endfacet
  facet normal -6.087614e-01 0.000000e+00 7.933533e-01
    outer loop
      vertex   6.381218e+01 1.300000e+01 -1.416085e+01
      vertex   6.381218e+01 8.000000e+00 -1.416085e+01
      vertex   6.407106e+01 1.300000e+01 -1.396220e+01
    endloop
  endfacet
  facet normal -6.087614e-01 0.000000e+00 7.933533e-01
    outer loop
      vertex   6.407106e+01 1.300000e+01 -1.396220e+01
      vertex   6.381218e+01 8.000000e+00 -1.416085e+01
      vertex   6.407106e+01 8.000000e+00 -1.396220e+01
    endloop
  endfacet
  facet normal -7.933533e-01 0.000000e+00 6.087614e-01
    outer loop
      vertex   6.407106e+01 1.300000e+01 -1.396220e+01
      vertex   6.407106e+01 8.000000e+00 -1.396220e+01
      vertex   6.426971e+01 1.300000e+01 -1.370331e+01
    endloop
  endfacet
  facet normal -7.933533e-01 0.000000e+00 6.087614e-01
    outer loop
      vertex   6.426971e+01 1.300000e+01 -1.370331e+01
      vertex   6.407106e+01 8.000000e+00 -1.396220e+01
      vertex   6.426971e+01 8.000000e+00 -1.370331e+01
    endloop
  endfacet
  facet normal -9.238795e-01 0.000000e+00 3.826834e-01
    outer loop
      vertex   6.426971e+01 1.300000e+01 -1.370331e+01
      vertex   6.426971e+01 8.000000e+00 -1.370331e+01
      vertex   6.439458e+01 1.300000e+01 -1.340184e+01
    endloop
  endfacet
  facet normal -9.238795e-01 0.000000e+00 3.826834e-01
    outer loop
      vertex   6.439458e+01 1.300000e+01 -1.340184e+01
      vertex   6.426971e+01 8.000000e+00 -1.370331e+01
      vertex   6.439458e+01 8.000000e+00 -1.340184e+01
    endloop
  endfacet
  facet normal -9.914449e-01 0.000000e+00 1.305262e-01
    outer loop
      vertex   6.439458e+01 1.300000e+01 -1.340184e+01
      vertex   6.439458e+01 8.000000e+00 -1.340184e+01
      vertex   6.443718e+01 1.300000e+01 -1.307831e+01
    endloop
  endfacet
  facet normal -9.914449e-01 0.000000e+00 1.305262e-01
    outer loop
      vertex   6.443718e+01 1.300000e+01 -1.307831e+01
      vertex   6.439458e+01 8.000000e+00 -1.340184e+01
      vertex   6.443718e+01 8.000000e+00 -1.307831e+01
    endloop
  endfacet
  facet normal -1.000000e+00 -0.000000e+00 0.000000e+00
    outer loop
      vertex   7.543718e+01 1.593185e+01 -3.259595e+01
      vertex   7.543718e+01 1.573205e+01 -3.307831e+01
      vertex   7.543718e+01 1.600000e+01 -3.207831e+01
    endloop
  endfacet
  facet normal -1.000000e+00 0.000000e+00 0.000000e+00
    outer loop
      vertex   7.543718e+01 1.600000e+01 -3.207831e+01
      vertex   7.543718e+01 1.573205e+01 -3.307831e+01
      vertex   7.543718e+01 1.541421e+01 -3.349253e+01
    endloop
  endfacet
  facet normal -1.000000e+00 0.000000e+00 0.000000e+00
    outer loop
      vertex   7.543718e+01 1.600000e+01 -3.207831e+01
      vertex   7.543718e+01 1.541421e+01 -3.349253e+01
      vertex   7.543718e+01 1.500000e+01 -3.381036e+01
    endloop
  endfacet
  facet normal -1.000000e+00 -0.000000e+00 0.000000e+00
    outer loop
      vertex   7.543718e+01 1.500000e+01 -3.381036e+01
      vertex   7.543718e+01 1.451764e+01 -3.401017e+01
      vertex   7.543718e+01 1.600000e+01 -3.207831e+01
    endloop
  endfacet
  facet normal -1.000000e+00 0.000000e+00 0.000000e+00
    outer loop
      vertex   7.543718e+01 1.600000e+01 -3.207831e+01
      vertex   7.543718e+01 1.451764e+01 -3.401017e+01
      vertex   7.543718e+01 1.400000e+01 -3.407831e+01
    endloop
  endfacet
  facet normal -1.000000e+00 -0.000000e+00 0.000000e+00
    outer loop
      vertex   7.543718e+01 1.600000e+01 -3.207831e+01
      vertex   7.543718e+01 1.400000e+01 -3.407831e+01
      vertex   7.543718e+01 1.400000e+01 -2.305817e+01
    endloop
  endfacet
  facet normal -1.000000e+00 0.000000e+00 -0.000000e+00
    outer loop
      vertex   7.543718e+01 1.400000e+01 -2.305817e+01
      vertex   7.543718e+01 1.400000e+01 -3.407831e+01
      vertex   7.543718e+01 3.000000e+00 -3.407831e+01
    endloop
  endfacet
  facet normal -1.000000e+00 -0.000000e+00 0.000000e+00
    outer loop
      vertex   7.543718e+01 1.400000e+01 -2.305817e+01
      vertex   7.543718e+01 3.000000e+00 -3.407831e+01
      vertex   7.543718e+01 3.000000e+00 -1.607831e+01
    endloop
  endfacet
  facet normal -1.000000e+00 0.000000e+00 0.000000e+00
    outer loop
      vertex   7.543718e+01 3.000000e+00 -1.607831e+01
      vertex   7.543718e+01 1.400000e+01 -1.607831e+01
      vertex   7.543718e+01 1.400000e+01 -2.305817e+01
    endloop
  endfacet
  facet normal -1.000000e+00 0.000000e+00 0.000000e+00
    outer loop
      vertex   7.543718e+01 1.400000e+01 -2.305817e+01
      vertex   7.543718e+01 1.600000e+01 -2.305817e+01
      vertex   7.543718e+01 1.600000e+01 -3.207831e+01
    endloop
  endfacet
  facet normal 0.000000e+00 0.000000e+00 -1.000000e+00
    outer loop
      vertex   7.543718e+01 1.400000e+01 -3.407831e+01
      vertex   7.743718e+01 1.400000e+01 -3.407831e+01
      vertex   7.543718e+01 3.000000e+00 -3.407831e+01
    endloop
  endfacet
  facet normal 0.000000e+00 0.000000e+00 -1.000000e+00
    outer loop
      vertex   7.543718e+01 3.000000e+00 -3.407831e+01
      vertex   7.743718e+01 1.400000e+01 -3.407831e+01
      vertex   7.743718e+01 3.000000e+00 -3.407831e+01
    endloop
  endfacet
  facet normal 0.000000e+00 0.000000e+00 -1.000000e+00
    outer loop
      vertex   3.143718e+01 1.400000e+01 -3.407831e+01
      vertex   3.343718e+01 1.400000e+01 -3.407831e+01
      vertex   3.143718e+01 3.000000e+00 -3.407831e+01
    endloop
  endfacet
  facet normal 0.000000e+00 0.000000e+00 -1.000000e+00
    outer loop
      vertex   3.143718e+01 3.000000e+00 -3.407831e+01
      vertex   3.343718e+01 1.400000e+01 -3.407831e+01
      vertex   3.343718e+01 3.000000e+00 -3.407831e+01
    endloop
  endfacet
  facet normal 8.458842e-17 0.000000e+00 -1.000000e+00
    outer loop
      vertex   7.543718e+01 3.000000e+00 -1.607831e+01
      vertex   3.343718e+01 3.000000e+00 -1.607831e+01
      vertex   7.543718e+01 1.400000e+01 -1.607831e+01
    endloop
  endfacet
  facet normal 8.458842e-17 0.000000e+00 -1.000000e+00
    outer loop
      vertex   7.543718e+01 1.400000e+01 -1.607831e+01
      vertex   3.343718e+01 3.000000e+00 -1.607831e+01
      vertex   3.343718e+01 1.400000e+01 -1.607831e+01
    endloop
  endfacet
  facet normal 0.000000e+00 1.000000e+00 0.000000e+00
    outer loop
      vertex   6.443718e+01 3.000000e+00 -1.307831e+01
      vertex   6.439458e+01 3.000000e+00 -1.340184e+01
      vertex   6.439458e+01 3.000000e+00 -1.275479e+01
    endloop
  endfacet
  facet normal 0.000000e+00 1.000000e+00 0.000000e+00
    outer loop
      vertex   6.439458e+01 3.000000e+00 -1.275479e+01
      vertex   6.439458e+01 3.000000e+00 -1.340184e+01
      vertex   6.426971e+01 3.000000e+00 -1.245331e+01
    endloop
  endfacet
  facet normal 0.000000e+00 1.000000e+00 0.000000e+00
    outer loop
      vertex   6.426971e+01 3.000000e+00 -1.245331e+01
      vertex   6.439458e+01 3.000000e+00 -1.340184e+01
      vertex   6.426971e+01 3.000000e+00 -1.370331e+01
    endloop
  endfacet
  facet normal 0.000000e+00 1.000000e+00 0.000000e+00
    outer loop
      vertex   6.426971e+01 3.000000e+00 -1.245331e+01
      vertex   6.426971e+01 3.000000e+00 -1.370331e+01
      vertex   6.407106e+01 3.000000e+00 -1.219443e+01
    endloop
  endfacet
  facet normal 0.000000e+00 1.000000e+00 0.000000e+00
    outer loop
      vertex   6.407106e+01 3.000000e+00 -1.219443e+01
      vertex   6.426971e+01 3.000000e+00 -1.370331e+01
      vertex   6.407106e+01 3.000000e+00 -1.396220e+01
    endloop
  endfacet
  facet normal 0.000000e+00 1.000000e+00 0.000000e+00
    outer loop
      vertex   6.407106e+01 3.000000e+00 -1.219443e+01
      vertex   6.407106e+01 3.000000e+00 -1.396220e+01
      vertex   6.381218e+01 3.000000e+00 -1.199578e+01
    endloop
  endfacet
  facet normal 0.000000e+00 1.000000e+00 0.000000e+00
    outer loop
      vertex   6.381218e+01 3.000000e+00 -1.199578e+01
      vertex   6.407106e+01 3.000000e+00 -1.396220e+01
      vertex   6.381218e+01 3.000000e+00 -1.416085e+01
    endloop
  endfacet
  facet normal 0.000000e+00 1.000000e+00 0.000000e+00
    outer loop
      vertex   6.381218e+01 3.000000e+00 -1.199578e+01
      vertex   6.381218e+01 3.000000e+00 -1.416085e+01
      vertex   6.351070e+01 3.000000e+00 -1.187091e+01
    endloop
  endfacet
  facet normal 0.000000e+00 1.000000e+00 0.000000e+00
    outer loop
      vertex   6.351070e+01 3.000000e+00 -1.187091e+01
      vertex   6.381218e+01 3.000000e+00 -1.416085e+01
      vertex   6.351070e+01 3.000000e+00 -1.428572e+01
    endloop
  endfacet
  facet normal 0.000000e+00 1.000000e+00 0.000000e+00
    outer loop
      vertex   6.351070e+01 3.000000e+00 -1.187091e+01
      vertex   6.351070e+01 3.000000e+00 -1.428572e+01
      vertex   6.318718e+01 3.000000e+00 -1.182831e+01
    endloop
  endfacet
  facet normal 0.000000e+00 1.000000e+00 0.000000e+00
    outer loop
      vertex   6.318718e+01 3.000000e+00 -1.182831e+01
      vertex   6.351070e+01 3.000000e+00 -1.428572e+01
      vertex   6.318718e+01 3.000000e+00 -1.432831e+01
    endloop
  endfacet
  facet normal 0.000000e+00 1.000000e+00 0.000000e+00
    outer loop
      vertex   6.318718e+01 3.000000e+00 -1.182831e+01
      vertex   6.318718e+01 3.000000e+00 -1.432831e+01
      vertex   6.286365e+01 3.000000e+00 -1.187091e+01
    endloop
  endfacet
  facet normal 0.000000e+00 1.000000e+00 0.000000e+00
    outer loop
      vertex   6.286365e+01 3.000000e+00 -1.187091e+01
      vertex   6.318718e+01 3.000000e+00 -1.432831e+01
      vertex   6.286365e+01 3.000000e+00 -1.428572e+01
    endloop
  endfacet
  facet normal 0.000000e+00 1.000000e+00 0.000000e+00
    outer loop
      vertex   6.286365e+01 3.000000e+00 -1.187091e+01
      vertex   6.286365e+01 3.000000e+00 -1.428572e+01
      vertex   6.256218e+01 3.000000e+00 -1.199578e+01
    endloop
  endfacet
  facet normal 0.000000e+00 1.000000e+00 0.000000e+00
    outer loop
      vertex   6.256218e+01 3.000000e+00 -1.199578e+01
      vertex   6.286365e+01 3.000000e+00 -1.428572e+01
      vertex   6.256218e+01 3.000000e+00 -1.416085e+01
    endloop
  endfacet
  facet normal 0.000000e+00 1.000000e+00 0.000000e+00
    outer loop
      vertex   6.256218e+01 3.000000e+00 -1.199578e+01
      vertex   6.256218e+01 3.000000e+00 -1.416085e+01
      vertex   6.230329e+01 3.000000e+00 -1.219443e+01
    endloop
  endfacet
  facet normal 0.000000e+00 1.000000e+00 0.000000e+00
    outer loop
      vertex   6.230329e+01 3.000000e+00 -1.219443e+01
      vertex   6.256218e+01 3.000000e+00 -1.416085e+01
      vertex   6.230329e+01 3.000000e+00 -1.396220e+01
    endloop
  endfacet
  facet normal 0.000000e+00 1.000000e+00 0.000000e+00
    outer loop
      vertex   6.230329e+01 3.000000e+00 -1.219443e+01
      vertex   6.230329e+01 3.000000e+00 -1.396220e+01
      vertex   6.210464e+01 3.000000e+00 -1.245331e+01
    endloop
  endfacet
  facet normal 0.000000e+00 1.000000e+00 0.000000e+00
    outer loop
      vertex   6.210464e+01 3.000000e+00 -1.245331e+01
      vertex   6.230329e+01 3.000000e+00 -1.396220e+01
      vertex   6.210464e+01 3.000000e+00 -1.370331e+01
    endloop
  endfacet
  facet normal 0.000000e+00 1.000000e+00 0.000000e+00
    outer loop
      vertex   6.210464e+01 3.000000e+00 -1.245331e+01
      vertex   6.210464e+01 3.000000e+00 -1.370331e+01
      vertex   6.197977e+01 3.000000e+00 -1.275479e+01
    endloop
  endfacet
  facet normal 0.000000e+00 1.000000e+00 0.000000e+00
    outer loop
      vertex   6.197977e+01 3.000000e+00 -1.275479e+01
      vertex   6.210464e+01 3.000000e+00 -1.370331e+01
      vertex   6.197977e+01 3.000000e+00 -1.340184e+01
    endloop
  endfacet
  facet normal 0.000000e+00 1.000000e+00 0.000000e+00
    outer loop
      vertex   6.197977e+01 3.000000e+00 -1.275479e+01
      vertex   6.197977e+01 3.000000e+00 -1.340184e+01
      vertex   6.193718e+01 3.000000e+00 -1.307831e+01
    endloop
  endfacet
  facet normal 0.000000e+00 1.000000e+00 0.000000e+00
    outer loop
      vertex   4.693718e+01 3.000000e+00 -1.307831e+01
      vertex   4.689458e+01 3.000000e+00 -1.340184e+01
      vertex   4.689458e+01 3.000000e+00 -1.275479e+01
    endloop
  endfacet
  facet normal 0.000000e+00 1.000000e+00 0.000000e+00
    outer loop
      vertex   4.689458e+01 3.000000e+00 -1.275479e+01
      vertex   4.689458e+01 3.000000e+00 -1.340184e+01
      vertex   4.676971e+01 3.000000e+00 -1.245331e+01
    endloop
  endfacet
  facet normal 0.000000e+00 1.000000e+00 0.000000e+00
    outer loop
      vertex   4.676971e+01 3.000000e+00 -1.245331e+01
      vertex   4.689458e+01 3.000000e+00 -1.340184e+01
      vertex   4.676971e+01 3.000000e+00 -1.370331e+01
    endloop
  endfacet
  facet normal 0.000000e+00 1.000000e+00 0.000000e+00
    outer loop
      vertex   4.676971e+01 3.000000e+00 -1.245331e+01
      vertex   4.676971e+01 3.000000e+00 -1.370331e+01
      vertex   4.657106e+01 3.000000e+00 -1.219443e+01
    endloop
  endfacet
  facet normal 0.000000e+00 1.000000e+00 0.000000e+00
    outer loop
      vertex   4.657106e+01 3.000000e+00 -1.219443e+01
      vertex   4.676971e+01 3.000000e+00 -1.370331e+01
      vertex   4.657106e+01 3.000000e+00 -1.396220e+01
    endloop
  endfacet
  facet normal 0.000000e+00 1.000000e+00 0.000000e+00
    outer loop
      vertex   4.657106e+01 3.000000e+00 -1.219443e+01
      vertex   4.657106e+01 3.000000e+00 -1.396220e+01
      vertex   4.631218e+01 3.000000e+00 -1.199578e+01
    endloop
  endfacet
  facet normal 0.000000e+00 1.000000e+00 0.000000e+00
    outer loop
      vertex   4.631218e+01 3.000000e+00 -1.199578e+01
      vertex   4.657106e+01 3.000000e+00 -1.396220e+01
      vertex   4.631218e+01 3.000000e+00 -1.416085e+01
    endloop
  endfacet
  facet normal 0.000000e+00 1.000000e+00 0.000000e+00
    outer loop
      vertex   4.631218e+01 3.000000e+00 -1.199578e+01
      vertex   4.631218e+01 3.000000e+00 -1.416085e+01
      vertex   4.601070e+01 3.000000e+00 -1.187091e+01
    endloop
  endfacet
  facet normal 0.000000e+00 1.000000e+00 0.000000e+00
    outer loop
      vertex   4.601070e+01 3.000000e+00 -1.187091e+01
      vertex   4.631218e+01 3.000000e+00 -1.416085e+01
      vertex   4.601070e+01 3.000000e+00 -1.428572e+01
    endloop
  endfacet
  facet normal 0.000000e+00 1.000000e+00 0.000000e+00
    outer loop
      vertex   4.601070e+01 3.000000e+00 -1.187091e+01
      vertex   4.601070e+01 3.000000e+00 -1.428572e+01
      vertex   4.568718e+01 3.000000e+00 -1.182831e+01
    endloop
  endfacet
  facet normal 0.000000e+00 1.000000e+00 0.000000e+00
    outer loop
      vertex   4.568718e+01 3.000000e+00 -1.182831e+01
      vertex   4.601070e+01 3.000000e+00 -1.428572e+01
      vertex   4.568718e+01 3.000000e+00 -1.432831e+01
    endloop
  endfacet
  facet normal 0.000000e+00 1.000000e+00 0.000000e+00
    outer loop
      vertex   4.568718e+01 3.000000e+00 -1.182831e+01
      vertex   4.568718e+01 3.000000e+00 -1.432831e+01
      vertex   4.536365e+01 3.000000e+00 -1.187091e+01
    endloop
  endfacet
  facet normal 0.000000e+00 1.000000e+00 0.000000e+00
    outer loop
      vertex   4.536365e+01 3.000000e+00 -1.187091e+01
      vertex   4.568718e+01 3.000000e+00 -1.432831e+01
      vertex   4.536365e+01 3.000000e+00 -1.428572e+01
    endloop
  endfacet
  facet normal 0.000000e+00 1.000000e+00 0.000000e+00
    outer loop
      vertex   4.536365e+01 3.000000e+00 -1.187091e+01
      vertex   4.536365e+01 3.000000e+00 -1.428572e+01
      vertex   4.506218e+01 3.000000e+00 -1.199578e+01
    endloop
  endfacet
  facet normal 0.000000e+00 1.000000e+00 0.000000e+00
    outer loop
      vertex   4.506218e+01 3.000000e+00 -1.199578e+01
      vertex   4.536365e+01 3.000000e+00 -1.428572e+01
      vertex   4.506218e+01 3.000000e+00 -1.416085e+01
    endloop
  endfacet
  facet normal 0.000000e+00 1.000000e+00 0.000000e+00
    outer loop
      vertex   4.506218e+01 3.000000e+00 -1.199578e+01
      vertex   4.506218e+01 3.000000e+00 -1.416085e+01
      vertex   4.480329e+01 3.000000e+00 -1.219443e+01
    endloop
  endfacet
  facet normal 0.000000e+00 1.000000e+00 0.000000e+00
    outer loop
      vertex   4.480329e+01 3.000000e+00 -1.219443e+01
      vertex   4.506218e+01 3.000000e+00 -1.416085e+01
      vertex   4.480329e+01 3.000000e+00 -1.396220e+01
    endloop
  endfacet
  facet normal 0.000000e+00 1.000000e+00 0.000000e+00
    outer loop
      vertex   4.480329e+01 3.000000e+00 -1.219443e+01
      vertex   4.480329e+01 3.000000e+00 -1.396220e+01
      vertex   4.460464e+01 3.000000e+00 -1.245331e+01
    endloop
  endfacet
  facet normal 0.000000e+00 1.000000e+00 0.000000e+00
    outer loop
      vertex   4.460464e+01 3.000000e+00 -1.245331e+01
      vertex   4.480329e+01 3.000000e+00 -1.396220e+01
      vertex   4.460464e+01 3.000000e+00 -1.370331e+01
    endloop
  endfacet
  facet normal 0.000000e+00 1.000000e+00 0.000000e+00
    outer loop
      vertex   4.460464e+01 3.000000e+00 -1.245331e+01
      vertex   4.460464e+01 3.000000e+00 -1.370331e+01
      vertex   4.447977e+01 3.000000e+00 -1.275479e+01
    endloop
  endfacet
  facet normal 0.000000e+00 1.000000e+00 0.000000e+00
    outer loop
      vertex   4.447977e+01 3.000000e+00 -1.275479e+01
      vertex   4.460464e+01 3.000000e+00 -1.370331e+01
      vertex   4.447977e+01 3.000000e+00 -1.340184e+01
    endloop
  endfacet
  facet normal 0.000000e+00 1.000000e+00 0.000000e+00
    outer loop
      vertex   4.447977e+01 3.000000e+00 -1.275479e+01
      vertex   4.447977e+01 3.000000e+00 -1.340184e+01
      vertex   4.443718e+01 3.000000e+00 -1.307831e+01
    endloop
  endfacet
  facet normal -9.914449e-01 0.000000e+00 -1.305262e-01
    outer loop
      vertex   7.014458e+01 3.000000e+00 -6.025479e+01
      vertex   7.014458e+01 5.500000e+00 -6.025479e+01
      vertex   7.018718e+01 3.000000e+00 -6.057831e+01
    endloop
  endfacet
  facet normal -9.914449e-01 0.000000e+00 -1.305262e-01
    outer loop
      vertex   7.018718e+01 3.000000e+00 -6.057831e+01
      vertex   7.014458e+01 5.500000e+00 -6.025479e+01
      vertex   7.018718e+01 5.500000e+00 -6.057831e+01
    endloop
  endfacet
  facet normal -9.914449e-01 0.000000e+00 1.305262e-01
    outer loop
      vertex   7.018718e+01 3.000000e+00 -6.057831e+01
      vertex   7.018718e+01 5.500000e+00 -6.057831e+01
      vertex   7.014458e+01 3.000000e+00 -6.090184e+01
    endloop
  endfacet
  facet normal -9.914449e-01 0.000000e+00 1.305262e-01
    outer loop
      vertex   7.014458e+01 3.000000e+00 -6.090184e+01
      vertex   7.018718e+01 5.500000e+00 -6.057831e+01
      vertex   7.014458e+01 5.500000e+00 -6.090184e+01
    endloop
  endfacet
  facet normal -9.238795e-01 0.000000e+00 3.826834e-01
    outer loop
      vertex   7.014458e+01 3.000000e+00 -6.090184e+01
      vertex   7.014458e+01 5.500000e+00 -6.090184e+01
      vertex   7.001971e+01 3.000000e+00 -6.120331e+01
    endloop
  endfacet
  facet normal -9.238795e-01 0.000000e+00 3.826834e-01
    outer loop
      vertex   7.001971e+01 3.000000e+00 -6.120331e+01
      vertex   7.014458e+01 5.500000e+00 -6.090184e+01
      vertex   7.001971e+01 5.500000e+00 -6.120331e+01
    endloop
  endfacet
  facet normal -7.933533e-01 0.000000e+00 6.087614e-01
    outer loop
      vertex   7.001971e+01 3.000000e+00 -6.120331e+01
      vertex   7.001971e+01 5.500000e+00 -6.120331e+01
      vertex   6.982106e+01 3.000000e+00 -6.146220e+01
    endloop
  endfacet
  facet normal -7.933533e-01 0.000000e+00 6.087614e-01
    outer loop
      vertex   6.982106e+01 3.000000e+00 -6.146220e+01
      vertex   7.001971e+01 5.500000e+00 -6.120331e+01
      vertex   6.982106e+01 5.500000e+00 -6.146220e+01
    endloop
  endfacet
  facet normal -6.087614e-01 0.000000e+00 7.933533e-01
    outer loop
      vertex   6.982106e+01 3.000000e+00 -6.146220e+01
      vertex   6.982106e+01 5.500000e+00 -6.146220e+01
      vertex   6.956218e+01 3.000000e+00 -6.166085e+01
    endloop
  endfacet
  facet normal -6.087614e-01 0.000000e+00 7.933533e-01
    outer loop
      vertex   6.956218e+01 3.000000e+00 -6.166085e+01
      vertex   6.982106e+01 5.500000e+00 -6.146220e+01
      vertex   6.956218e+01 5.500000e+00 -6.166085e+01
    endloop
  endfacet
  facet normal -3.826834e-01 0.000000e+00 9.238795e-01
    outer loop
      vertex   6.956218e+01 3.000000e+00 -6.166085e+01
      vertex   6.956218e+01 5.500000e+00 -6.166085e+01
      vertex   6.926070e+01 3.000000e+00 -6.178572e+01
    endloop
  endfacet
  facet normal -3.826834e-01 0.000000e+00 9.238795e-01
    outer loop
      vertex   6.926070e+01 3.000000e+00 -6.178572e+01
      vertex   6.956218e+01 5.500000e+00 -6.166085e+01
      vertex   6.926070e+01 5.500000e+00 -6.178572e+01
    endloop
  endfacet
  facet normal -1.305262e-01 0.000000e+00 9.914449e-01
    outer loop
      vertex   6.926070e+01 3.000000e+00 -6.178572e+01
      vertex   6.926070e+01 5.500000e+00 -6.178572e+01
      vertex   6.893718e+01 3.000000e+00 -6.182831e+01
    endloop
  endfacet
  facet normal -1.305262e-01 0.000000e+00 9.914449e-01
    outer loop
      vertex   6.893718e+01 3.000000e+00 -6.182831e+01
      vertex   6.926070e+01 5.500000e+00 -6.178572e+01
      vertex   6.893718e+01 5.500000e+00 -6.182831e+01
    endloop
  endfacet
  facet normal 1.305262e-01 -0.000000e+00 9.914449e-01
    outer loop
      vertex   6.893718e+01 3.000000e+00 -6.182831e+01
      vertex   6.893718e+01 5.500000e+00 -6.182831e+01
      vertex   6.861365e+01 3.000000e+00 -6.178572e+01
    endloop
  endfacet
  facet normal 1.305262e-01 -0.000000e+00 9.914449e-01
    outer loop
      vertex   6.861365e+01 3.000000e+00 -6.178572e+01
      vertex   6.893718e+01 5.500000e+00 -6.182831e+01
      vertex   6.861365e+01 5.500000e+00 -6.178572e+01
    endloop
  endfacet
  facet normal 3.826834e-01 -0.000000e+00 9.238795e-01
    outer loop
      vertex   6.861365e+01 3.000000e+00 -6.178572e+01
      vertex   6.861365e+01 5.500000e+00 -6.178572e+01
      vertex   6.831218e+01 3.000000e+00 -6.166085e+01
    endloop
  endfacet
  facet normal 3.826834e-01 -0.000000e+00 9.238795e-01
    outer loop
      vertex   6.831218e+01 3.000000e+00 -6.166085e+01
      vertex   6.861365e+01 5.500000e+00 -6.178572e+01
      vertex   6.831218e+01 5.500000e+00 -6.166085e+01
    endloop
  endfacet
  facet normal 6.087614e-01 -0.000000e+00 7.933533e-01
    outer loop
      vertex   6.831218e+01 3.000000e+00 -6.166085e+01
      vertex   6.831218e+01 5.500000e+00 -6.166085e+01
      vertex   6.805329e+01 3.000000e+00 -6.146220e+01
    endloop
  endfacet
  facet normal 6.087614e-01 -0.000000e+00 7.933533e-01
    outer loop
      vertex   6.805329e+01 3.000000e+00 -6.146220e+01
      vertex   6.831218e+01 5.500000e+00 -6.166085e+01
      vertex   6.805329e+01 5.500000e+00 -6.146220e+01
    endloop
  endfacet
  facet normal 7.933533e-01 -0.000000e+00 6.087614e-01
    outer loop
      vertex   6.805329e+01 3.000000e+00 -6.146220e+01
      vertex   6.805329e+01 5.500000e+00 -6.146220e+01
      vertex   6.785464e+01 3.000000e+00 -6.120331e+01
    endloop
  endfacet
  facet normal 7.933533e-01 -0.000000e+00 6.087614e-01
    outer loop
      vertex   6.785464e+01 3.000000e+00 -6.120331e+01
      vertex   6.805329e+01 5.500000e+00 -6.146220e+01
      vertex   6.785464e+01 5.500000e+00 -6.120331e+01
    endloop
  endfacet
  facet normal 9.238795e-01 -0.000000e+00 3.826834e-01
    outer loop
      vertex   6.785464e+01 3.000000e+00 -6.120331e+01
      vertex   6.785464e+01 5.500000e+00 -6.120331e+01
      vertex   6.772977e+01 3.000000e+00 -6.090184e+01
    endloop
  endfacet
  facet normal 9.238795e-01 -0.000000e+00 3.826834e-01
    outer loop
      vertex   6.772977e+01 3.000000e+00 -6.090184e+01
      vertex   6.785464e+01 5.500000e+00 -6.120331e+01
      vertex   6.772977e+01 5.500000e+00 -6.090184e+01
    endloop
  endfacet
  facet normal 9.914449e-01 -0.000000e+00 1.305262e-01
    outer loop
      vertex   6.772977e+01 3.000000e+00 -6.090184e+01
      vertex   6.772977e+01 5.500000e+00 -6.090184e+01
      vertex   6.768718e+01 3.000000e+00 -6.057831e+01
    endloop
  endfacet
  facet normal 9.914449e-01 -0.000000e+00 1.305262e-01
    outer loop
      vertex   6.768718e+01 3.000000e+00 -6.057831e+01
      vertex   6.772977e+01 5.500000e+00 -6.090184e+01
      vertex   6.768718e+01 5.500000e+00 -6.057831e+01
    endloop
  endfacet
  facet normal 9.914449e-01 0.000000e+00 -1.305262e-01
    outer loop
      vertex   6.768718e+01 3.000000e+00 -6.057831e+01
      vertex   6.768718e+01 5.500000e+00 -6.057831e+01
      vertex   6.772977e+01 3.000000e+00 -6.025479e+01
    endloop
  endfacet
  facet normal 9.914449e-01 0.000000e+00 -1.305262e-01
    outer loop
      vertex   6.772977e+01 3.000000e+00 -6.025479e+01
      vertex   6.768718e+01 5.500000e+00 -6.057831e+01
      vertex   6.772977e+01 5.500000e+00 -6.025479e+01
    endloop
  endfacet
  facet normal 9.238795e-01 0.000000e+00 -3.826834e-01
    outer loop
      vertex   6.772977e+01 3.000000e+00 -6.025479e+01
      vertex   6.772977e+01 5.500000e+00 -6.025479e+01
      vertex   6.785464e+01 3.000000e+00 -5.995331e+01
    endloop
  endfacet
  facet normal 9.238795e-01 0.000000e+00 -3.826834e-01
    outer loop
      vertex   6.785464e+01 3.000000e+00 -5.995331e+01
      vertex   6.772977e+01 5.500000e+00 -6.025479e+01
      vertex   6.785464e+01 5.500000e+00 -5.995331e+01
    endloop
  endfacet
  facet normal 7.933533e-01 0.000000e+00 -6.087614e-01
    outer loop
      vertex   6.785464e+01 3.000000e+00 -5.995331e+01
      vertex   6.785464e+01 5.500000e+00 -5.995331e+01
      vertex   6.805329e+01 3.000000e+00 -5.969443e+01
    endloop
  endfacet
  facet normal 7.933533e-01 0.000000e+00 -6.087614e-01
    outer loop
      vertex   6.805329e+01 3.000000e+00 -5.969443e+01
      vertex   6.785464e+01 5.500000e+00 -5.995331e+01
      vertex   6.805329e+01 5.500000e+00 -5.969443e+01
    endloop
  endfacet
  facet normal 6.087614e-01 0.000000e+00 -7.933533e-01
    outer loop
      vertex   6.805329e+01 3.000000e+00 -5.969443e+01
      vertex   6.805329e+01 5.500000e+00 -5.969443e+01
      vertex   6.831218e+01 3.000000e+00 -5.949578e+01
    endloop
  endfacet
  facet normal 6.087614e-01 0.000000e+00 -7.933533e-01
    outer loop
      vertex   6.831218e+01 3.000000e+00 -5.949578e+01
      vertex   6.805329e+01 5.500000e+00 -5.969443e+01
      vertex   6.831218e+01 5.500000e+00 -5.949578e+01
    endloop
  endfacet
  facet normal 3.826834e-01 0.000000e+00 -9.238795e-01
    outer loop
      vertex   6.831218e+01 3.000000e+00 -5.949578e+01
      vertex   6.831218e+01 5.500000e+00 -5.949578e+01
      vertex   6.861365e+01 3.000000e+00 -5.937091e+01
    endloop
  endfacet
  facet normal 3.826834e-01 0.000000e+00 -9.238795e-01
    outer loop
      vertex   6.861365e+01 3.000000e+00 -5.937091e+01
      vertex   6.831218e+01 5.500000e+00 -5.949578e+01
      vertex   6.861365e+01 5.500000e+00 -5.937091e+01
    endloop
  endfacet
  facet normal 1.305262e-01 0.000000e+00 -9.914449e-01
    outer loop
      vertex   6.861365e+01 3.000000e+00 -5.937091e+01
      vertex   6.861365e+01 5.500000e+00 -5.937091e+01
      vertex   6.893718e+01 3.000000e+00 -5.932831e+01
    endloop
  endfacet
  facet normal 1.305262e-01 0.000000e+00 -9.914449e-01
    outer loop
      vertex   6.893718e+01 3.000000e+00 -5.932831e+01
      vertex   6.861365e+01 5.500000e+00 -5.937091e+01
      vertex   6.893718e+01 5.500000e+00 -5.932831e+01
    endloop
  endfacet
  facet normal -1.305262e-01 0.000000e+00 -9.914449e-01
    outer loop
      vertex   6.893718e+01 3.000000e+00 -5.932831e+01
      vertex   6.893718e+01 5.500000e+00 -5.932831e+01
      vertex   6.926070e+01 3.000000e+00 -5.937091e+01
    endloop
  endfacet
  facet normal -1.305262e-01 0.000000e+00 -9.914449e-01
    outer loop
      vertex   6.926070e+01 3.000000e+00 -5.937091e+01
      vertex   6.893718e+01 5.500000e+00 -5.932831e+01
      vertex   6.926070e+01 5.500000e+00 -5.937091e+01
    endloop
  endfacet
  facet normal -3.826834e-01 0.000000e+00 -9.238795e-01
    outer loop
      vertex   6.926070e+01 3.000000e+00 -5.937091e+01
      vertex   6.926070e+01 5.500000e+00 -5.937091e+01
      vertex   6.956218e+01 3.000000e+00 -5.949578e+01
    endloop
  endfacet
  facet normal -3.826834e-01 0.000000e+00 -9.238795e-01
    outer loop
      vertex   6.956218e+01 3.000000e+00 -5.949578e+01
      vertex   6.926070e+01 5.500000e+00 -5.937091e+01
      vertex   6.956218e+01 5.500000e+00 -5.949578e+01
    endloop
  endfacet
  facet normal -6.087614e-01 0.000000e+00 -7.933533e-01
    outer loop
      vertex   6.956218e+01 3.000000e+00 -5.949578e+01
      vertex   6.956218e+01 5.500000e+00 -5.949578e+01
      vertex   6.982106e+01 3.000000e+00 -5.969443e+01
    endloop
  endfacet
  facet normal -6.087614e-01 0.000000e+00 -7.933533e-01
    outer loop
      vertex   6.982106e+01 3.000000e+00 -5.969443e+01
      vertex   6.956218e+01 5.500000e+00 -5.949578e+01
      vertex   6.982106e+01 5.500000e+00 -5.969443e+01
    endloop
  endfacet
  facet normal -7.933533e-01 0.000000e+00 -6.087614e-01
    outer loop
      vertex   6.982106e+01 3.000000e+00 -5.969443e+01
      vertex   6.982106e+01 5.500000e+00 -5.969443e+01
      vertex   7.001971e+01 3.000000e+00 -5.995331e+01
    endloop
  endfacet
  facet normal -7.933533e-01 0.000000e+00 -6.087614e-01
    outer loop
      vertex   7.001971e+01 3.000000e+00 -5.995331e+01
      vertex   6.982106e+01 5.500000e+00 -5.969443e+01
      vertex   7.001971e+01 5.500000e+00 -5.995331e+01
    endloop
  endfacet
  facet normal -9.238795e-01 0.000000e+00 -3.826834e-01
    outer loop
      vertex   7.001971e+01 3.000000e+00 -5.995331e+01
      vertex   7.001971e+01 5.500000e+00 -5.995331e+01
      vertex   7.014458e+01 3.000000e+00 -6.025479e+01
    endloop
  endfacet
  facet normal -9.238795e-01 0.000000e+00 -3.826834e-01
    outer loop
      vertex   7.014458e+01 3.000000e+00 -6.025479e+01
      vertex   7.001971e+01 5.500000e+00 -5.995331e+01
      vertex   7.014458e+01 5.500000e+00 -6.025479e+01
    endloop
  endfacet
  facet normal 0.000000e+00 1.000000e+00 -0.000000e+00
    outer loop
      vertex   7.014458e+01 3.000000e+00 -6.090184e+01
      vertex   6.772977e+01 3.000000e+00 -6.090184e+01
      vertex   7.018718e+01 3.000000e+00 -6.057831e+01
    endloop
  endfacet
  facet normal 0.000000e+00 1.000000e+00 0.000000e+00
    outer loop
      vertex   7.018718e+01 3.000000e+00 -6.057831e+01
      vertex   6.772977e+01 3.000000e+00 -6.090184e+01
      vertex   6.768718e+01 3.000000e+00 -6.057831e+01
    endloop
  endfacet
  facet normal 0.000000e+00 1.000000e+00 0.000000e+00
    outer loop
      vertex   7.018718e+01 3.000000e+00 -6.057831e+01
      vertex   6.768718e+01 3.000000e+00 -6.057831e+01
      vertex   7.014458e+01 3.000000e+00 -6.025479e+01
    endloop
  endfacet
  facet normal 0.000000e+00 1.000000e+00 0.000000e+00
    outer loop
      vertex   7.014458e+01 3.000000e+00 -6.025479e+01
      vertex   6.768718e+01 3.000000e+00 -6.057831e+01
      vertex   6.772977e+01 3.000000e+00 -6.025479e+01
    endloop
  endfacet
  facet normal 0.000000e+00 1.000000e+00 0.000000e+00
    outer loop
      vertex   7.014458e+01 3.000000e+00 -6.025479e+01
      vertex   6.772977e+01 3.000000e+00 -6.025479e+01
      vertex   7.001971e+01 3.000000e+00 -5.995331e+01
    endloop
  endfacet
  facet normal 0.000000e+00 1.000000e+00 0.000000e+00
    outer loop
      vertex   7.001971e+01 3.000000e+00 -5.995331e+01
      vertex   6.772977e+01 3.000000e+00 -6.025479e+01
      vertex   6.785464e+01 3.000000e+00 -5.995331e+01
    endloop
  endfacet
  facet normal 0.000000e+00 1.000000e+00 0.000000e+00
    outer loop
      vertex   7.001971e+01 3.000000e+00 -5.995331e+01
      vertex   6.785464e+01 3.000000e+00 -5.995331e+01
      vertex   6.982106e+01 3.000000e+00 -5.969443e+01
    endloop
  endfacet
  facet normal 0.000000e+00 1.000000e+00 0.000000e+00
    outer loop
      vertex   6.982106e+01 3.000000e+00 -5.969443e+01
      vertex   6.785464e+01 3.000000e+00 -5.995331e+01
      vertex   6.805329e+01 3.000000e+00 -5.969443e+01
    endloop
  endfacet
  facet normal 0.000000e+00 1.000000e+00 0.000000e+00
    outer loop
      vertex   6.982106e+01 3.000000e+00 -5.969443e+01
      vertex   6.805329e+01 3.000000e+00 -5.969443e+01
      vertex   6.956218e+01 3.000000e+00 -5.949578e+01
    endloop
  endfacet
  facet normal 0.000000e+00 1.000000e+00 0.000000e+00
    outer loop
      vertex   6.956218e+01 3.000000e+00 -5.949578e+01
      vertex   6.805329e+01 3.000000e+00 -5.969443e+01
      vertex   6.831218e+01 3.000000e+00 -5.949578e+01
    endloop
  endfacet
  facet normal 0.000000e+00 1.000000e+00 0.000000e+00
    outer loop
      vertex   6.956218e+01 3.000000e+00 -5.949578e+01
      vertex   6.831218e+01 3.000000e+00 -5.949578e+01
      vertex   6.926070e+01 3.000000e+00 -5.937091e+01
    endloop
  endfacet
  facet normal 0.000000e+00 1.000000e+00 0.000000e+00
    outer loop
      vertex   6.926070e+01 3.000000e+00 -5.937091e+01
      vertex   6.831218e+01 3.000000e+00 -5.949578e+01
      vertex   6.861365e+01 3.000000e+00 -5.937091e+01
    endloop
  endfacet
  facet normal 0.000000e+00 1.000000e+00 0.000000e+00
    outer loop
      vertex   6.926070e+01 3.000000e+00 -5.937091e+01
      vertex   6.861365e+01 3.000000e+00 -5.937091e+01
      vertex   6.893718e+01 3.000000e+00 -5.932831e+01
    endloop
  endfacet
  facet normal -0.000000e+00 1.000000e+00 0.000000e+00
    outer loop
      vertex   6.772977e+01 3.000000e+00 -6.090184e+01
      vertex   7.014458e+01 3.000000e+00 -6.090184e+01
      vertex   6.785464e+01 3.000000e+00 -6.120331e+01
    endloop
  endfacet
  facet normal 0.000000e+00 1.000000e+00 0.000000e+00
    outer loop
      vertex   6.785464e+01 3.000000e+00 -6.120331e+01
      vertex   7.014458e+01 3.000000e+00 -6.090184e+01
      vertex   7.001971e+01 3.000000e+00 -6.120331e+01
    endloop
  endfacet
  facet normal -0.000000e+00 1.000000e+00 0.000000e+00
    outer loop
      vertex   6.785464e+01 3.000000e+00 -6.120331e+01
      vertex   7.001971e+01 3.000000e+00 -6.120331e+01
      vertex   6.805329e+01 3.000000e+00 -6.146220e+01
    endloop
  endfacet
  facet normal 0.000000e+00 1.000000e+00 0.000000e+00
    outer loop
      vertex   6.805329e+01 3.000000e+00 -6.146220e+01
      vertex   7.001971e+01 3.000000e+00 -6.120331e+01
      vertex   6.982106e+01 3.000000e+00 -6.146220e+01
    endloop
  endfacet
  facet normal -0.000000e+00 1.000000e+00 0.000000e+00
    outer loop
      vertex   6.805329e+01 3.000000e+00 -6.146220e+01
      vertex   6.982106e+01 3.000000e+00 -6.146220e+01
      vertex   6.831218e+01 3.000000e+00 -6.166085e+01
    endloop
  endfacet
  facet normal 0.000000e+00 1.000000e+00 0.000000e+00
    outer loop
      vertex   6.831218e+01 3.000000e+00 -6.166085e+01
      vertex   6.982106e+01 3.000000e+00 -6.146220e+01
      vertex   6.956218e+01 3.000000e+00 -6.166085e+01
    endloop
  endfacet
  facet normal -0.000000e+00 1.000000e+00 0.000000e+00
    outer loop
      vertex   6.831218e+01 3.000000e+00 -6.166085e+01
      vertex   6.956218e+01 3.000000e+00 -6.166085e+01
      vertex   6.861365e+01 3.000000e+00 -6.178572e+01
    endloop
  endfacet
  facet normal 0.000000e+00 1.000000e+00 0.000000e+00
    outer loop
      vertex   6.861365e+01 3.000000e+00 -6.178572e+01
      vertex   6.956218e+01 3.000000e+00 -6.166085e+01
      vertex   6.926070e+01 3.000000e+00 -6.178572e+01
    endloop
  endfacet
  facet normal -0.000000e+00 1.000000e+00 0.000000e+00
    outer loop
      vertex   6.861365e+01 3.000000e+00 -6.178572e+01
      vertex   6.926070e+01 3.000000e+00 -6.178572e+01
      vertex   6.893718e+01 3.000000e+00 -6.182831e+01
    endloop
  endfacet
  facet normal -9.914449e-01 0.000000e+00 -1.305262e-01
    outer loop
      vertex   7.014458e+01 3.000000e+00 -8.925479e+01
      vertex   7.014458e+01 5.500000e+00 -8.925479e+01
      vertex   7.018718e+01 3.000000e+00 -8.957831e+01
    endloop
  endfacet
  facet normal -9.914449e-01 0.000000e+00 -1.305262e-01
    outer loop
      vertex   7.018718e+01 3.000000e+00 -8.957831e+01
      vertex   7.014458e+01 5.500000e+00 -8.925479e+01
      vertex   7.018718e+01 5.500000e+00 -8.957831e+01
    endloop
  endfacet
  facet normal -9.914449e-01 0.000000e+00 1.305262e-01
    outer loop
      vertex   7.018718e+01 3.000000e+00 -8.957831e+01
      vertex   7.018718e+01 5.500000e+00 -8.957831e+01
      vertex   7.014458e+01 3.000000e+00 -8.990184e+01
    endloop
  endfacet
  facet normal -9.914449e-01 0.000000e+00 1.305262e-01
    outer loop
      vertex   7.014458e+01 3.000000e+00 -8.990184e+01
      vertex   7.018718e+01 5.500000e+00 -8.957831e+01
      vertex   7.014458e+01 5.500000e+00 -8.990184e+01
    endloop
  endfacet
  facet normal -9.238795e-01 0.000000e+00 3.826834e-01
    outer loop
      vertex   7.014458e+01 3.000000e+00 -8.990184e+01
      vertex   7.014458e+01 5.500000e+00 -8.990184e+01
      vertex   7.001971e+01 3.000000e+00 -9.020331e+01
    endloop
  endfacet
  facet normal -9.238795e-01 0.000000e+00 3.826834e-01
    outer loop
      vertex   7.001971e+01 3.000000e+00 -9.020331e+01
      vertex   7.014458e+01 5.500000e+00 -8.990184e+01
      vertex   7.001971e+01 5.500000e+00 -9.020331e+01
    endloop
  endfacet
  facet normal -7.933533e-01 0.000000e+00 6.087614e-01
    outer loop
      vertex   7.001971e+01 3.000000e+00 -9.020331e+01
      vertex   7.001971e+01 5.500000e+00 -9.020331e+01
      vertex   6.982106e+01 3.000000e+00 -9.046220e+01
    endloop
  endfacet
  facet normal -7.933533e-01 0.000000e+00 6.087614e-01
    outer loop
      vertex   6.982106e+01 3.000000e+00 -9.046220e+01
      vertex   7.001971e+01 5.500000e+00 -9.020331e+01
      vertex   6.982106e+01 5.500000e+00 -9.046220e+01
    endloop
  endfacet
  facet normal -6.087614e-01 0.000000e+00 7.933533e-01
    outer loop
      vertex   6.982106e+01 3.000000e+00 -9.046220e+01
      vertex   6.982106e+01 5.500000e+00 -9.046220e+01
      vertex   6.956218e+01 3.000000e+00 -9.066085e+01
    endloop
  endfacet
  facet normal -6.087614e-01 0.000000e+00 7.933533e-01
    outer loop
      vertex   6.956218e+01 3.000000e+00 -9.066085e+01
      vertex   6.982106e+01 5.500000e+00 -9.046220e+01
      vertex   6.956218e+01 5.500000e+00 -9.066085e+01
    endloop
  endfacet
  facet normal -3.826834e-01 0.000000e+00 9.238795e-01
    outer loop
      vertex   6.956218e+01 3.000000e+00 -9.066085e+01
      vertex   6.956218e+01 5.500000e+00 -9.066085e+01
      vertex   6.926070e+01 3.000000e+00 -9.078572e+01
    endloop
  endfacet
  facet normal -3.826834e-01 0.000000e+00 9.238795e-01
    outer loop
      vertex   6.926070e+01 3.000000e+00 -9.078572e+01
      vertex   6.956218e+01 5.500000e+00 -9.066085e+01
      vertex   6.926070e+01 5.500000e+00 -9.078572e+01
    endloop
  endfacet
  facet normal -1.305262e-01 0.000000e+00 9.914449e-01
    outer loop
      vertex   6.926070e+01 3.000000e+00 -9.078572e+01
      vertex   6.926070e+01 5.500000e+00 -9.078572e+01
      vertex   6.893718e+01 3.000000e+00 -9.082831e+01
    endloop
  endfacet
  facet normal -1.305262e-01 0.000000e+00 9.914449e-01
    outer loop
      vertex   6.893718e+01 3.000000e+00 -9.082831e+01
      vertex   6.926070e+01 5.500000e+00 -9.078572e+01
      vertex   6.893718e+01 5.500000e+00 -9.082831e+01
    endloop
  endfacet
  facet normal 1.305262e-01 -0.000000e+00 9.914449e-01
    outer loop
      vertex   6.893718e+01 3.000000e+00 -9.082831e+01
      vertex   6.893718e+01 5.500000e+00 -9.082831e+01
      vertex   6.861365e+01 3.000000e+00 -9.078572e+01
    endloop
  endfacet
  facet normal 1.305262e-01 -0.000000e+00 9.914449e-01
    outer loop
      vertex   6.861365e+01 3.000000e+00 -9.078572e+01
      vertex   6.893718e+01 5.500000e+00 -9.082831e+01
      vertex   6.861365e+01 5.500000e+00 -9.078572e+01
    endloop
  endfacet
  facet normal 3.826834e-01 -0.000000e+00 9.238795e-01
    outer loop
      vertex   6.861365e+01 3.000000e+00 -9.078572e+01
      vertex   6.861365e+01 5.500000e+00 -9.078572e+01
      vertex   6.831218e+01 3.000000e+00 -9.066085e+01
    endloop
  endfacet
  facet normal 3.826834e-01 -0.000000e+00 9.238795e-01
    outer loop
      vertex   6.831218e+01 3.000000e+00 -9.066085e+01
      vertex   6.861365e+01 5.500000e+00 -9.078572e+01
      vertex   6.831218e+01 5.500000e+00 -9.066085e+01
    endloop
  endfacet
  facet normal 6.087614e-01 -0.000000e+00 7.933533e-01
    outer loop
      vertex   6.831218e+01 3.000000e+00 -9.066085e+01
      vertex   6.831218e+01 5.500000e+00 -9.066085e+01
      vertex   6.805329e+01 3.000000e+00 -9.046220e+01
    endloop
  endfacet
  facet normal 6.087614e-01 -0.000000e+00 7.933533e-01
    outer loop
      vertex   6.805329e+01 3.000000e+00 -9.046220e+01
      vertex   6.831218e+01 5.500000e+00 -9.066085e+01
      vertex   6.805329e+01 5.500000e+00 -9.046220e+01
    endloop
  endfacet
  facet normal 7.933533e-01 -0.000000e+00 6.087614e-01
    outer loop
      vertex   6.805329e+01 3.000000e+00 -9.046220e+01
      vertex   6.805329e+01 5.500000e+00 -9.046220e+01
      vertex   6.785464e+01 3.000000e+00 -9.020331e+01
    endloop
  endfacet
  facet normal 7.933533e-01 -0.000000e+00 6.087614e-01
    outer loop
      vertex   6.785464e+01 3.000000e+00 -9.020331e+01
      vertex   6.805329e+01 5.500000e+00 -9.046220e+01
      vertex   6.785464e+01 5.500000e+00 -9.020331e+01
    endloop
  endfacet
  facet normal 9.238795e-01 -0.000000e+00 3.826834e-01
    outer loop
      vertex   6.785464e+01 3.000000e+00 -9.020331e+01
      vertex   6.785464e+01 5.500000e+00 -9.020331e+01
      vertex   6.772977e+01 3.000000e+00 -8.990184e+01
    endloop
  endfacet
  facet normal 9.238795e-01 -0.000000e+00 3.826834e-01
    outer loop
      vertex   6.772977e+01 3.000000e+00 -8.990184e+01
      vertex   6.785464e+01 5.500000e+00 -9.020331e+01
      vertex   6.772977e+01 5.500000e+00 -8.990184e+01
    endloop
  endfacet
  facet normal 9.914449e-01 -0.000000e+00 1.305262e-01
    outer loop
      vertex   6.772977e+01 3.000000e+00 -8.990184e+01
      vertex   6.772977e+01 5.500000e+00 -8.990184e+01
      vertex   6.768718e+01 3.000000e+00 -8.957831e+01
    endloop
  endfacet
  facet normal 9.914449e-01 -0.000000e+00 1.305262e-01
    outer loop
      vertex   6.768718e+01 3.000000e+00 -8.957831e+01
      vertex   6.772977e+01 5.500000e+00 -8.990184e+01
      vertex   6.768718e+01 5.500000e+00 -8.957831e+01
    endloop
  endfacet
  facet normal 9.914449e-01 0.000000e+00 -1.305262e-01
    outer loop
      vertex   6.768718e+01 3.000000e+00 -8.957831e+01
      vertex   6.768718e+01 5.500000e+00 -8.957831e+01
      vertex   6.772977e+01 3.000000e+00 -8.925479e+01
    endloop
  endfacet
  facet normal 9.914449e-01 0.000000e+00 -1.305262e-01
    outer loop
      vertex   6.772977e+01 3.000000e+00 -8.925479e+01
      vertex   6.768718e+01 5.500000e+00 -8.957831e+01
      vertex   6.772977e+01 5.500000e+00 -8.925479e+01
    endloop
  endfacet
  facet normal 9.238795e-01 0.000000e+00 -3.826834e-01
    outer loop
      vertex   6.772977e+01 3.000000e+00 -8.925479e+01
      vertex   6.772977e+01 5.500000e+00 -8.925479e+01
      vertex   6.785464e+01 3.000000e+00 -8.895331e+01
    endloop
  endfacet
  facet normal 9.238795e-01 0.000000e+00 -3.826834e-01
    outer loop
      vertex   6.785464e+01 3.000000e+00 -8.895331e+01
      vertex   6.772977e+01 5.500000e+00 -8.925479e+01
      vertex   6.785464e+01 5.500000e+00 -8.895331e+01
    endloop
  endfacet
  facet normal 7.933533e-01 0.000000e+00 -6.087614e-01
    outer loop
      vertex   6.785464e+01 3.000000e+00 -8.895331e+01
      vertex   6.785464e+01 5.500000e+00 -8.895331e+01
      vertex   6.805329e+01 3.000000e+00 -8.869443e+01
    endloop
  endfacet
  facet normal 7.933533e-01 0.000000e+00 -6.087614e-01
    outer loop
      vertex   6.805329e+01 3.000000e+00 -8.869443e+01
      vertex   6.785464e+01 5.500000e+00 -8.895331e+01
      vertex   6.805329e+01 5.500000e+00 -8.869443e+01
    endloop
  endfacet
  facet normal 6.087614e-01 0.000000e+00 -7.933533e-01
    outer loop
      vertex   6.805329e+01 3.000000e+00 -8.869443e+01
      vertex   6.805329e+01 5.500000e+00 -8.869443e+01
      vertex   6.831218e+01 3.000000e+00 -8.849578e+01
    endloop
  endfacet
  facet normal 6.087614e-01 0.000000e+00 -7.933533e-01
    outer loop
      vertex   6.831218e+01 3.000000e+00 -8.849578e+01
      vertex   6.805329e+01 5.500000e+00 -8.869443e+01
      vertex   6.831218e+01 5.500000e+00 -8.849578e+01
    endloop
  endfacet
  facet normal 3.826834e-01 0.000000e+00 -9.238795e-01
    outer loop
      vertex   6.831218e+01 3.000000e+00 -8.849578e+01
      vertex   6.831218e+01 5.500000e+00 -8.849578e+01
      vertex   6.861365e+01 3.000000e+00 -8.837091e+01
    endloop
  endfacet
  facet normal 3.826834e-01 0.000000e+00 -9.238795e-01
    outer loop
      vertex   6.861365e+01 3.000000e+00 -8.837091e+01
      vertex   6.831218e+01 5.500000e+00 -8.849578e+01
      vertex   6.861365e+01 5.500000e+00 -8.837091e+01
    endloop
  endfacet
  facet normal 1.305262e-01 0.000000e+00 -9.914449e-01
    outer loop
      vertex   6.861365e+01 3.000000e+00 -8.837091e+01
      vertex   6.861365e+01 5.500000e+00 -8.837091e+01
      vertex   6.893718e+01 3.000000e+00 -8.832831e+01
    endloop
  endfacet
  facet normal 1.305262e-01 0.000000e+00 -9.914449e-01
    outer loop
      vertex   6.893718e+01 3.000000e+00 -8.832831e+01
      vertex   6.861365e+01 5.500000e+00 -8.837091e+01
      vertex   6.893718e+01 5.500000e+00 -8.832831e+01
    endloop
  endfacet
  facet normal -1.305262e-01 0.000000e+00 -9.914449e-01
    outer loop
      vertex   6.893718e+01 3.000000e+00 -8.832831e+01
      vertex   6.893718e+01 5.500000e+00 -8.832831e+01
      vertex   6.926070e+01 3.000000e+00 -8.837091e+01
    endloop
  endfacet
  facet normal -1.305262e-01 0.000000e+00 -9.914449e-01
    outer loop
      vertex   6.926070e+01 3.000000e+00 -8.837091e+01
      vertex   6.893718e+01 5.500000e+00 -8.832831e+01
      vertex   6.926070e+01 5.500000e+00 -8.837091e+01
    endloop
  endfacet
  facet normal -3.826834e-01 0.000000e+00 -9.238795e-01
    outer loop
      vertex   6.926070e+01 3.000000e+00 -8.837091e+01
      vertex   6.926070e+01 5.500000e+00 -8.837091e+01
      vertex   6.956218e+01 3.000000e+00 -8.849578e+01
    endloop
  endfacet
  facet normal -3.826834e-01 0.000000e+00 -9.238795e-01
    outer loop
      vertex   6.956218e+01 3.000000e+00 -8.849578e+01
      vertex   6.926070e+01 5.500000e+00 -8.837091e+01
      vertex   6.956218e+01 5.500000e+00 -8.849578e+01
    endloop
  endfacet
  facet normal -6.087614e-01 0.000000e+00 -7.933533e-01
    outer loop
      vertex   6.956218e+01 3.000000e+00 -8.849578e+01
      vertex   6.956218e+01 5.500000e+00 -8.849578e+01
      vertex   6.982106e+01 3.000000e+00 -8.869443e+01
    endloop
  endfacet
  facet normal -6.087614e-01 0.000000e+00 -7.933533e-01
    outer loop
      vertex   6.982106e+01 3.000000e+00 -8.869443e+01
      vertex   6.956218e+01 5.500000e+00 -8.849578e+01
      vertex   6.982106e+01 5.500000e+00 -8.869443e+01
    endloop
  endfacet
  facet normal -7.933533e-01 0.000000e+00 -6.087614e-01
    outer loop
      vertex   6.982106e+01 3.000000e+00 -8.869443e+01
      vertex   6.982106e+01 5.500000e+00 -8.869443e+01
      vertex   7.001971e+01 3.000000e+00 -8.895331e+01
    endloop
  endfacet
  facet normal -7.933533e-01 0.000000e+00 -6.087614e-01
    outer loop
      vertex   7.001971e+01 3.000000e+00 -8.895331e+01
      vertex   6.982106e+01 5.500000e+00 -8.869443e+01
      vertex   7.001971e+01 5.500000e+00 -8.895331e+01
    endloop
  endfacet
  facet normal -9.238795e-01 0.000000e+00 -3.826834e-01
    outer loop
      vertex   7.001971e+01 3.000000e+00 -8.895331e+01
      vertex   7.001971e+01 5.500000e+00 -8.895331e+01
      vertex   7.014458e+01 3.000000e+00 -8.925479e+01
    endloop
  endfacet
  facet normal -9.238795e-01 0.000000e+00 -3.826834e-01
    outer loop
      vertex   7.014458e+01 3.000000e+00 -8.925479e+01
      vertex   7.001971e+01 5.500000e+00 -8.895331e+01
      vertex   7.014458e+01 5.500000e+00 -8.925479e+01
    endloop
  endfacet
  facet normal 0.000000e+00 1.000000e+00 -0.000000e+00
    outer loop
      vertex   7.014458e+01 3.000000e+00 -8.990184e+01
      vertex   6.772977e+01 3.000000e+00 -8.990184e+01
      vertex   7.018718e+01 3.000000e+00 -8.957831e+01
    endloop
  endfacet
  facet normal 0.000000e+00 1.000000e+00 0.000000e+00
    outer loop
      vertex   7.018718e+01 3.000000e+00 -8.957831e+01
      vertex   6.772977e+01 3.000000e+00 -8.990184e+01
      vertex   6.768718e+01 3.000000e+00 -8.957831e+01
    endloop
  endfacet
  facet normal 0.000000e+00 1.000000e+00 0.000000e+00
    outer loop
      vertex   7.018718e+01 3.000000e+00 -8.957831e+01
      vertex   6.768718e+01 3.000000e+00 -8.957831e+01
      vertex   7.014458e+01 3.000000e+00 -8.925479e+01
    endloop
  endfacet
  facet normal 0.000000e+00 1.000000e+00 0.000000e+00
    outer loop
      vertex   7.014458e+01 3.000000e+00 -8.925479e+01
      vertex   6.768718e+01 3.000000e+00 -8.957831e+01
      vertex   6.772977e+01 3.000000e+00 -8.925479e+01
    endloop
  endfacet
  facet normal 0.000000e+00 1.000000e+00 0.000000e+00
    outer loop
      vertex   7.014458e+01 3.000000e+00 -8.925479e+01
      vertex   6.772977e+01 3.000000e+00 -8.925479e+01
      vertex   7.001971e+01 3.000000e+00 -8.895331e+01
    endloop
  endfacet
  facet normal 0.000000e+00 1.000000e+00 0.000000e+00
    outer loop
      vertex   7.001971e+01 3.000000e+00 -8.895331e+01
      vertex   6.772977e+01 3.000000e+00 -8.925479e+01
      vertex   6.785464e+01 3.000000e+00 -8.895331e+01
    endloop
  endfacet
  facet normal 0.000000e+00 1.000000e+00 0.000000e+00
    outer loop
      vertex   7.001971e+01 3.000000e+00 -8.895331e+01
      vertex   6.785464e+01 3.000000e+00 -8.895331e+01
      vertex   6.982106e+01 3.000000e+00 -8.869443e+01
    endloop
  endfacet
  facet normal 0.000000e+00 1.000000e+00 0.000000e+00
    outer loop
      vertex   6.982106e+01 3.000000e+00 -8.869443e+01
      vertex   6.785464e+01 3.000000e+00 -8.895331e+01
      vertex   6.805329e+01 3.000000e+00 -8.869443e+01
    endloop
  endfacet
  facet normal 0.000000e+00 1.000000e+00 0.000000e+00
    outer loop
      vertex   6.982106e+01 3.000000e+00 -8.869443e+01
      vertex   6.805329e+01 3.000000e+00 -8.869443e+01
      vertex   6.956218e+01 3.000000e+00 -8.849578e+01
    endloop
  endfacet
  facet normal 0.000000e+00 1.000000e+00 0.000000e+00
    outer loop
      vertex   6.956218e+01 3.000000e+00 -8.849578e+01
      vertex   6.805329e+01 3.000000e+00 -8.869443e+01
      vertex   6.831218e+01 3.000000e+00 -8.849578e+01
    endloop
  endfacet
  facet normal 0.000000e+00 1.000000e+00 0.000000e+00
    outer loop
      vertex   6.956218e+01 3.000000e+00 -8.849578e+01
      vertex   6.831218e+01 3.000000e+00 -8.849578e+01
      vertex   6.926070e+01 3.000000e+00 -8.837091e+01
    endloop
  endfacet
  facet normal 0.000000e+00 1.000000e+00 0.000000e+00
    outer loop
      vertex   6.926070e+01 3.000000e+00 -8.837091e+01
      vertex   6.831218e+01 3.000000e+00 -8.849578e+01
      vertex   6.861365e+01 3.000000e+00 -8.837091e+01
    endloop
  endfacet
  facet normal 0.000000e+00 1.000000e+00 0.000000e+00
    outer loop
      vertex   6.926070e+01 3.000000e+00 -8.837091e+01
      vertex   6.861365e+01 3.000000e+00 -8.837091e+01
      vertex   6.893718e+01 3.000000e+00 -8.832831e+01
    endloop
  endfacet
  facet normal -0.000000e+00 1.000000e+00 0.000000e+00
    outer loop
      vertex   6.772977e+01 3.000000e+00 -8.990184e+01
      vertex   7.014458e+01 3.000000e+00 -8.990184e+01
      vertex   6.785464e+01 3.000000e+00 -9.020331e+01
    endloop
  endfacet
  facet normal 0.000000e+00 1.000000e+00 0.000000e+00
    outer loop
      vertex   6.785464e+01 3.000000e+00 -9.020331e+01
      vertex   7.014458e+01 3.000000e+00 -8.990184e+01
      vertex   7.001971e+01 3.000000e+00 -9.020331e+01
    endloop
  endfacet
  facet normal -0.000000e+00 1.000000e+00 0.000000e+00
    outer loop
      vertex   6.785464e+01 3.000000e+00 -9.020331e+01
      vertex   7.001971e+01 3.000000e+00 -9.020331e+01
      vertex   6.805329e+01 3.000000e+00 -9.046220e+01
    endloop
  endfacet
  facet normal 0.000000e+00 1.000000e+00 0.000000e+00
    outer loop
      vertex   6.805329e+01 3.000000e+00 -9.046220e+01
      vertex   7.001971e+01 3.000000e+00 -9.020331e+01
      vertex   6.982106e+01 3.000000e+00 -9.046220e+01
    endloop
  endfacet
  facet normal -0.000000e+00 1.000000e+00 0.000000e+00
    outer loop
      vertex   6.805329e+01 3.000000e+00 -9.046220e+01
      vertex   6.982106e+01 3.000000e+00 -9.046220e+01
      vertex   6.831218e+01 3.000000e+00 -9.066085e+01
    endloop
  endfacet
  facet normal 0.000000e+00 1.000000e+00 0.000000e+00
    outer loop
      vertex   6.831218e+01 3.000000e+00 -9.066085e+01
      vertex   6.982106e+01 3.000000e+00 -9.046220e+01
      vertex   6.956218e+01 3.000000e+00 -9.066085e+01
    endloop
  endfacet
  facet normal -0.000000e+00 1.000000e+00 0.000000e+00
    outer loop
      vertex   6.831218e+01 3.000000e+00 -9.066085e+01
      vertex   6.956218e+01 3.000000e+00 -9.066085e+01
      vertex   6.861365e+01 3.000000e+00 -9.078572e+01
    endloop
  endfacet
  facet normal 0.000000e+00 1.000000e+00 0.000000e+00
    outer loop
      vertex   6.861365e+01 3.000000e+00 -9.078572e+01
      vertex   6.956218e+01 3.000000e+00 -9.066085e+01
      vertex   6.926070e+01 3.000000e+00 -9.078572e+01
    endloop
  endfacet
  facet normal -0.000000e+00 1.000000e+00 0.000000e+00
    outer loop
      vertex   6.861365e+01 3.000000e+00 -9.078572e+01
      vertex   6.926070e+01 3.000000e+00 -9.078572e+01
      vertex   6.893718e+01 3.000000e+00 -9.082831e+01
    endloop
  endfacet
  facet normal -7.187449e-10 -2.532785e-01 -9.673934e-01
    outer loop
      vertex   6.000000e+01 3.000000e+00 -9.685858e+01
      vertex   6.000000e+01 3.611981e+00 -9.701880e+01
      vertex   6.600000e+01 3.000000e+00 -9.685858e+01
    endloop
  endfacet
  facet normal -7.170843e-04 -2.598520e-01 -9.656482e-01
    outer loop
      vertex   6.600000e+01 3.000000e+00 -9.685858e+01
      vertex   6.000000e+01 3.611981e+00 -9.701880e+01
      vertex   6.600000e+01 3.717620e+00 -9.705169e+01
    endloop
  endfacet
  facet normal 5.062626e-04 -3.233098e-01 -9.462930e-01
    outer loop
      vertex   6.600000e+01 3.717620e+00 -9.705169e+01
      vertex   6.000000e+01 3.611981e+00 -9.701880e+01
      vertex   6.000000e+01 4.092446e+00 -9.718296e+01
    endloop
  endfacet
  facet normal -1.580085e-03 -3.529731e-01 -9.356321e-01
    outer loop
      vertex   6.600000e+01 3.717620e+00 -9.705169e+01
      vertex   6.000000e+01 4.092446e+00 -9.718296e+01
      vertex   6.600000e+01 4.337890e+00 -9.728569e+01
    endloop
  endfacet
  facet normal 5.808675e-04 -3.981368e-01 -9.173259e-01
    outer loop
      vertex   6.600000e+01 4.337890e+00 -9.728569e+01
      vertex   6.000000e+01 4.092446e+00 -9.718296e+01
      vertex   6.000000e+01 4.458259e+00 -9.734173e+01
    endloop
  endfacet
  facet normal -1.271203e-03 -4.734579e-01 -8.808155e-01
    outer loop
      vertex   6.600000e+01 4.337890e+00 -9.728569e+01
      vertex   6.000000e+01 4.458259e+00 -9.734173e+01
      vertex   6.000000e+01 4.726284e+00 -9.748580e+01
    endloop
  endfacet
  facet normal -1.604080e-03 -4.774800e-01 -8.786412e-01
    outer loop
      vertex   6.600000e+01 4.337890e+00 -9.728569e+01
      vertex   6.000000e+01 4.726284e+00 -9.748580e+01
      vertex   6.600000e+01 4.857022e+00 -9.756780e+01
    endloop
  endfacet
  facet normal 1.257131e-03 -5.721169e-01 -8.201711e-01
    outer loop
      vertex   6.600000e+01 4.857022e+00 -9.756780e+01
      vertex   6.000000e+01 4.726284e+00 -9.748580e+01
      vertex   6.000000e+01 5.088615e+00 -9.773854e+01
    endloop
  endfacet
  facet normal -2.292346e-03 -6.312165e-01 -7.756033e-01
    outer loop
      vertex   6.600000e+01 4.857022e+00 -9.756780e+01
      vertex   6.000000e+01 5.088615e+00 -9.773854e+01
      vertex   6.600000e+01 5.276146e+00 -9.790890e+01
    endloop
  endfacet
  facet normal 1.379934e-03 -6.962235e-01 -7.178238e-01
    outer loop
      vertex   6.600000e+01 5.276146e+00 -9.790890e+01
      vertex   6.000000e+01 5.088615e+00 -9.773854e+01
      vertex   6.000000e+01 5.388721e+00 -9.802962e+01
    endloop
  endfacet
  facet normal -1.825773e-03 -7.750005e-01 -6.319580e-01
    outer loop
      vertex   6.600000e+01 5.276146e+00 -9.790890e+01
      vertex   6.000000e+01 5.388721e+00 -9.802962e+01
      vertex   6.600000e+01 5.602544e+00 -9.830918e+01
    endloop
  endfacet
  facet normal 8.030284e-04 -8.025385e-01 -5.965998e-01
    outer loop
      vertex   6.600000e+01 5.602544e+00 -9.830918e+01
      vertex   6.000000e+01 5.388721e+00 -9.802962e+01
      vertex   6.000000e+01 5.645546e+00 -9.837510e+01
    endloop
  endfacet
  facet normal -8.178076e-04 -8.699866e-01 -4.930746e-01
    outer loop
      vertex   6.600000e+01 5.602544e+00 -9.830918e+01
      vertex   6.000000e+01 5.645546e+00 -9.837510e+01
      vertex   6.600000e+01 5.847834e+00 -9.874197e+01
    endloop
  endfacet
  facet normal 1.892545e-04 -8.770079e-01 -4.804760e-01
    outer loop
      vertex   6.600000e+01 5.847834e+00 -9.874197e+01
      vertex   6.000000e+01 5.645546e+00 -9.837510e+01
      vertex   6.000000e+01 5.860134e+00 -9.876678e+01
    endloop
  endfacet
  facet normal -3.203130e-04 -9.246264e-01 -3.808751e-01
    outer loop
      vertex   6.600000e+01 5.847834e+00 -9.874197e+01
      vertex   6.000000e+01 5.860134e+00 -9.876678e+01
      vertex   6.600000e+01 6.023937e+00 -9.916948e+01
    endloop
  endfacet
  facet normal 4.451027e-06 -9.263243e-01 -3.767270e-01
    outer loop
      vertex   6.600000e+01 6.023937e+00 -9.916948e+01
      vertex   6.000000e+01 5.860134e+00 -9.876678e+01
      vertex   6.000000e+01 6.026308e+00 -9.917538e+01
    endloop
  endfacet
  facet normal -1.100441e-04 -9.615951e-01 -2.744719e-01
    outer loop
      vertex   6.600000e+01 6.023937e+00 -9.916948e+01
      vertex   6.000000e+01 6.026308e+00 -9.917538e+01
      vertex   6.600000e+01 6.138726e+00 -9.957164e+01
    endloop
  endfacet
  facet normal -1.290078e-11 -9.620339e-01 -2.729301e-01
    outer loop
      vertex   6.600000e+01 6.138726e+00 -9.957164e+01
      vertex   6.000000e+01 6.026308e+00 -9.917538e+01
      vertex   6.000000e+01 6.138726e+00 -9.957164e+01
    endloop
  endfacet
  facet normal -1.000000e+00 1.293815e-10 2.420300e-11
    outer loop
      vertex   6.000000e+01 3.000000e+00 -9.422432e+01
      vertex   6.000000e+01 3.677093e+00 -9.460863e+01
      vertex   6.000000e+01 3.000000e+00 -9.685858e+01
    endloop
  endfacet
  facet normal -1.000000e+00 9.344874e-11 3.501654e-11
    outer loop
      vertex   6.000000e+01 3.000000e+00 -9.685858e+01
      vertex   6.000000e+01 3.677093e+00 -9.460863e+01
      vertex   6.000000e+01 3.611981e+00 -9.701880e+01
    endloop
  endfacet
  facet normal -1.000000e+00 3.291622e-10 2.864858e-11
    outer loop
      vertex   6.000000e+01 3.611981e+00 -9.701880e+01
      vertex   6.000000e+01 3.677093e+00 -9.460863e+01
      vertex   6.000000e+01 4.303250e+00 -9.502084e+01
    endloop
  endfacet
  facet normal -1.000000e+00 2.634074e-10 5.139891e-11
    outer loop
      vertex   6.000000e+01 3.611981e+00 -9.701880e+01
      vertex   6.000000e+01 4.303250e+00 -9.502084e+01
      vertex   6.000000e+01 4.092446e+00 -9.718296e+01
    endloop
  endfacet
  facet normal -1.000000e+00 4.366142e-10 3.451143e-11
    outer loop
      vertex   6.000000e+01 4.092446e+00 -9.718296e+01
      vertex   6.000000e+01 4.303250e+00 -9.502084e+01
      vertex   6.000000e+01 4.879291e+00 -9.546381e+01
    endloop
  endfacet
  facet normal -1.000000e+00 3.854511e-10 5.792857e-11
    outer loop
      vertex   6.000000e+01 4.092446e+00 -9.718296e+01
      vertex   6.000000e+01 4.879291e+00 -9.546381e+01
      vertex   6.000000e+01 4.458259e+00 -9.734173e+01
    endloop
  endfacet
  facet normal -1.000000e+00 4.305444e-10 4.781856e-11
    outer loop
      vertex   6.000000e+01 4.458259e+00 -9.734173e+01
      vertex   6.000000e+01 4.879291e+00 -9.546381e+01
      vertex   6.000000e+01 5.406036e+00 -9.594042e+01
    endloop
  endfacet
  facet normal -1.000000e+00 3.873429e-10 7.703801e-11
    outer loop
      vertex   6.000000e+01 4.458259e+00 -9.734173e+01
      vertex   6.000000e+01 5.406036e+00 -9.594042e+01
      vertex   6.000000e+01 4.726284e+00 -9.748580e+01
    endloop
  endfacet
  facet normal -1.000000e+00 1.805946e-10 1.679787e-10
    outer loop
      vertex   6.000000e+01 4.726284e+00 -9.748580e+01
      vertex   6.000000e+01 5.406036e+00 -9.594042e+01
      vertex   6.000000e+01 5.088615e+00 -9.773854e+01
    endloop
  endfacet
  facet normal -1.000000e+00 3.520740e-10 1.377076e-10
    outer loop
      vertex   6.000000e+01 5.088615e+00 -9.773854e+01
      vertex   6.000000e+01 5.406036e+00 -9.594042e+01
      vertex   6.000000e+01 5.884308e+00 -9.645353e+01
    endloop
  endfacet
  facet normal -1.000000e+00 1.929680e-10 2.362274e-10
    outer loop
      vertex   6.000000e+01 5.088615e+00 -9.773854e+01
      vertex   6.000000e+01 5.884308e+00 -9.645353e+01
      vertex   6.000000e+01 6.127771e+00 -9.675278e+01
    endloop
  endfacet
  facet normal -1.000000e+00 2.504121e-10 1.756720e-10
    outer loop
      vertex   6.000000e+01 5.088615e+00 -9.773854e+01
      vertex   6.000000e+01 6.127771e+00 -9.675278e+01
      vertex   6.000000e+01 5.388721e+00 -9.802962e+01
    endloop
  endfacet
  facet normal -1.000000e+00 9.096138e-11 2.679640e-10
    outer loop
      vertex   6.000000e+01 5.388721e+00 -9.802962e+01
      vertex   6.000000e+01 6.127771e+00 -9.675278e+01
      vertex   6.000000e+01 6.424521e+00 -9.716593e+01
    endloop
  endfacet
  facet normal -1.000000e+00 1.914115e-10 1.474970e-10
    outer loop
      vertex   6.000000e+01 5.388721e+00 -9.802962e+01
      vertex   6.000000e+01 6.424521e+00 -9.716593e+01
      vertex   6.000000e+01 5.645546e+00 -9.837510e+01
    endloop
  endfacet
  facet normal -1.000000e+00 8.462631e-11 2.162905e-10
    outer loop
      vertex   6.000000e+01 5.645546e+00 -9.837510e+01
      vertex   6.000000e+01 6.424521e+00 -9.716593e+01
      vertex   6.000000e+01 6.723868e+00 -9.767405e+01
    endloop
  endfacet
  facet normal -1.000000e+00 -2.042307e-11 3.778727e-10
    outer loop
      vertex   6.000000e+01 5.645546e+00 -9.837510e+01
      vertex   6.000000e+01 6.723868e+00 -9.767405e+01
      vertex   6.000000e+01 5.860134e+00 -9.876678e+01
    endloop
  endfacet
  facet normal -1.000000e+00 4.122519e-11 3.291439e-10
    outer loop
      vertex   6.000000e+01 5.860134e+00 -9.876678e+01
      vertex   6.000000e+01 6.723868e+00 -9.767405e+01
      vertex   6.000000e+01 6.968427e+00 -9.824927e+01
    endloop
  endfacet
  facet normal -1.000000e+00 -4.459904e-11 5.129424e-10
    outer loop
      vertex   6.000000e+01 5.860134e+00 -9.876678e+01
      vertex   6.000000e+01 6.968427e+00 -9.824927e+01
      vertex   6.000000e+01 6.026308e+00 -9.917538e+01
    endloop
  endfacet
  facet normal -1.000000e+00 -3.156659e-10 7.886935e-10
    outer loop
      vertex   6.000000e+01 6.026308e+00 -9.917538e+01
      vertex   6.000000e+01 6.968427e+00 -9.824927e+01
      vertex   6.000000e+01 7.109495e+00 -9.885791e+01
    endloop
  endfacet
  facet normal -1.000000e+00 -1.134754e-10 9.885043e-11
    outer loop
      vertex   6.000000e+01 6.026308e+00 -9.917538e+01
      vertex   6.000000e+01 7.109495e+00 -9.885791e+01
      vertex   6.000000e+01 6.138726e+00 -9.957164e+01
    endloop
  endfacet
  facet normal -1.000000e+00 5.527060e-12 -6.300848e-11
    outer loop
      vertex   6.000000e+01 6.138726e+00 -9.957164e+01
      vertex   6.000000e+01 7.109495e+00 -9.885791e+01
      vertex   6.000000e+01 7.134901e+00 -9.948425e+01
    endloop
  endfacet
  facet normal -2.353909e-11 8.738375e-02 -9.961747e-01
    outer loop
      vertex   6.000000e+01 6.138726e+00 -9.957164e+01
      vertex   6.000000e+01 7.134901e+00 -9.948425e+01
      vertex   6.600000e+01 6.138726e+00 -9.957164e+01
    endloop
  endfacet
  facet normal -2.353671e-11 8.738375e-02 -9.961747e-01
    outer loop
      vertex   6.600000e+01 6.138726e+00 -9.957164e+01
      vertex   6.000000e+01 7.134901e+00 -9.948425e+01
      vertex   6.600000e+01 7.134901e+00 -9.948425e+01
    endloop
  endfacet
  facet normal 9.034111e-10 4.936244e-01 8.696752e-01
    outer loop
      vertex   6.000000e+01 3.000000e+00 -9.422432e+01
      vertex   6.600000e+01 3.000000e+00 -9.422432e+01
      vertex   6.000000e+01 3.677093e+00 -9.460863e+01
    endloop
  endfacet
  facet normal 2.102060e-03 5.076469e-01 8.615626e-01
    outer loop
      vertex   6.000000e+01 3.677093e+00 -9.460863e+01
      vertex   6.600000e+01 3.000000e+00 -9.422432e+01
      vertex   6.600000e+01 4.005996e+00 -9.481707e+01
    endloop
  endfacet
  facet normal -1.125960e-03 5.498620e-01 8.352547e-01
    outer loop
      vertex   6.000000e+01 3.677093e+00 -9.460863e+01
      vertex   6.600000e+01 4.005996e+00 -9.481707e+01
      vertex   6.000000e+01 4.303250e+00 -9.502084e+01
    endloop
  endfacet
  facet normal 2.156739e-03 5.946726e-01 8.039650e-01
    outer loop
      vertex   6.000000e+01 4.303250e+00 -9.502084e+01
      vertex   6.600000e+01 4.005996e+00 -9.481707e+01
      vertex   6.600000e+01 4.879976e+00 -9.546353e+01
    endloop
  endfacet
  facet normal -1.075676e-04 6.095935e-01 7.927142e-01
    outer loop
      vertex   6.000000e+01 4.303250e+00 -9.502084e+01
      vertex   6.600000e+01 4.879976e+00 -9.546353e+01
      vertex   6.000000e+01 4.879291e+00 -9.546381e+01
    endloop
  endfacet
  facet normal -1.121204e-04 6.709336e-01 7.415174e-01
    outer loop
      vertex   6.000000e+01 4.879291e+00 -9.546381e+01
      vertex   6.600000e+01 4.879976e+00 -9.546353e+01
      vertex   6.000000e+01 5.406036e+00 -9.594042e+01
    endloop
  endfacet
  facet normal 2.047897e-03 6.843549e-01 7.291462e-01
    outer loop
      vertex   6.000000e+01 5.406036e+00 -9.594042e+01
      vertex   6.600000e+01 4.879976e+00 -9.546353e+01
      vertex   6.600000e+01 5.613880e+00 -9.615235e+01
    endloop
  endfacet
  facet normal -1.256314e-03 7.315023e-01 6.818378e-01
    outer loop
      vertex   6.000000e+01 5.406036e+00 -9.594042e+01
      vertex   6.600000e+01 5.613880e+00 -9.615235e+01
      vertex   6.000000e+01 5.884308e+00 -9.645353e+01
    endloop
  endfacet
  facet normal 2.175479e-03 7.652292e-01 6.437542e-01
    outer loop
      vertex   6.000000e+01 5.884308e+00 -9.645353e+01
      vertex   6.600000e+01 5.613880e+00 -9.615235e+01
      vertex   6.600000e+01 6.202334e+00 -9.685184e+01
    endloop
  endfacet
  facet normal 7.797057e-04 7.757061e-01 6.310939e-01
    outer loop
      vertex   6.000000e+01 5.884308e+00 -9.645353e+01
      vertex   6.600000e+01 6.202334e+00 -9.685184e+01
      vertex   6.000000e+01 6.127771e+00 -9.675278e+01
    endloop
  endfacet
  facet normal -4.616546e-04 8.122018e-01 5.833764e-01
    outer loop
      vertex   6.000000e+01 6.127771e+00 -9.675278e+01
      vertex   6.600000e+01 6.202334e+00 -9.685184e+01
      vertex   6.000000e+01 6.424521e+00 -9.716593e+01
    endloop
  endfacet
  facet normal 2.320889e-03 8.367469e-01 5.475850e-01
    outer loop
      vertex   6.000000e+01 6.424521e+00 -9.716593e+01
      vertex   6.600000e+01 6.202334e+00 -9.685184e+01
      vertex   6.600000e+01 6.644611e+00 -9.752767e+01
    endloop
  endfacet
  facet normal -1.001981e-03 8.615980e-01 5.075903e-01
    outer loop
      vertex   6.000000e+01 6.424521e+00 -9.716593e+01
      vertex   6.600000e+01 6.644611e+00 -9.752767e+01
      vertex   6.000000e+01 6.723868e+00 -9.767405e+01
    endloop
  endfacet
  facet normal 1.795012e-03 9.083320e-01 4.182460e-01
    outer loop
      vertex   6.000000e+01 6.723868e+00 -9.767405e+01
      vertex   6.600000e+01 6.644611e+00 -9.752767e+01
      vertex   6.600000e+01 6.943554e+00 -9.817690e+01
    endloop
  endfacet
  facet normal -9.038640e-04 9.202786e-01 3.912626e-01
    outer loop
      vertex   6.000000e+01 6.723868e+00 -9.767405e+01
      vertex   6.600000e+01 6.943554e+00 -9.817690e+01
      vertex   6.000000e+01 6.968427e+00 -9.824927e+01
    endloop
  endfacet
  facet normal 1.106114e-03 9.703225e-01 2.418120e-01
    outer loop
      vertex   6.000000e+01 6.968427e+00 -9.824927e+01
      vertex   6.600000e+01 6.943554e+00 -9.817690e+01
      vertex   6.600000e+01 7.104698e+00 -9.882353e+01
    endloop
  endfacet
  facet normal -5.148151e-04 9.741757e-01 2.257905e-01
    outer loop
      vertex   6.000000e+01 6.968427e+00 -9.824927e+01
      vertex   6.600000e+01 7.104698e+00 -9.882353e+01
      vertex   6.000000e+01 7.109495e+00 -9.885791e+01
    endloop
  endfacet
  facet normal 5.370147e-04 9.989567e-01 4.566381e-02
    outer loop
      vertex   6.000000e+01 7.109495e+00 -9.885791e+01
      vertex   6.600000e+01 7.104698e+00 -9.882353e+01
      vertex   6.600000e+01 7.134901e+00 -9.948425e+01
    endloop
  endfacet
  facet normal 7.518965e-12 9.991784e-01 4.052855e-02
    outer loop
      vertex   6.000000e+01 7.109495e+00 -9.885791e+01
      vertex   6.600000e+01 7.134901e+00 -9.948425e+01
      vertex   6.000000e+01 7.134901e+00 -9.948425e+01
    endloop
  endfacet
  facet normal 1.000000e+00 -8.708207e-11 1.294711e-13
    outer loop
      vertex   6.600000e+01 3.000000e+00 -9.422432e+01
      vertex   6.600000e+01 3.000000e+00 -9.685858e+01
      vertex   6.600000e+01 4.005996e+00 -9.481707e+01
    endloop
  endfacet
  facet normal 1.000000e+00 -8.230478e-11 -2.224635e-12
    outer loop
      vertex   6.600000e+01 4.005996e+00 -9.481707e+01
      vertex   6.600000e+01 3.000000e+00 -9.685858e+01
      vertex   6.600000e+01 3.717620e+00 -9.705169e+01
    endloop
  endfacet
  facet normal 1.000000e+00 5.320697e-11 -1.971232e-11
    outer loop
      vertex   6.600000e+01 4.005996e+00 -9.481707e+01
      vertex   6.600000e+01 3.717620e+00 -9.705169e+01
      vertex   6.600000e+01 4.879976e+00 -9.546353e+01
    endloop
  endfacet
  facet normal 1.000000e+00 6.816329e-11 -3.065868e-11
    outer loop
      vertex   6.600000e+01 4.879976e+00 -9.546353e+01
      vertex   6.600000e+01 3.717620e+00 -9.705169e+01
      vertex   6.600000e+01 4.337890e+00 -9.728569e+01
    endloop
  endfacet
  facet normal 1.000000e+00 6.790156e-11 -3.058082e-11
    outer loop
      vertex   6.600000e+01 4.879976e+00 -9.546353e+01
      vertex   6.600000e+01 4.337890e+00 -9.728569e+01
      vertex   6.600000e+01 5.613880e+00 -9.615235e+01
    endloop
  endfacet
  facet normal 1.000000e+00 4.474350e-11 -4.507887e-12
    outer loop
      vertex   6.600000e+01 5.613880e+00 -9.615235e+01
      vertex   6.600000e+01 4.337890e+00 -9.728569e+01
      vertex   6.600000e+01 4.857022e+00 -9.756780e+01
    endloop
  endfacet
  facet normal 1.000000e+00 -8.456380e-12 2.393872e-11
    outer loop
      vertex   6.600000e+01 5.613880e+00 -9.615235e+01
      vertex   6.600000e+01 4.857022e+00 -9.756780e+01
      vertex   6.600000e+01 5.276146e+00 -9.790890e+01
    endloop
  endfacet
  facet normal 1.000000e+00 7.829146e-12 2.080747e-11
    outer loop
      vertex   6.600000e+01 5.613880e+00 -9.615235e+01
      vertex   6.600000e+01 5.276146e+00 -9.790890e+01
      vertex   6.600000e+01 6.202334e+00 -9.685184e+01
    endloop
  endfacet
  facet normal 1.000000e+00 2.714291e-11 3.884843e-12
    outer loop
      vertex   6.600000e+01 6.202334e+00 -9.685184e+01
      vertex   6.600000e+01 5.276146e+00 -9.790890e+01
      vertex   6.600000e+01 5.602544e+00 -9.830918e+01
    endloop
  endfacet
  facet normal 1.000000e+00 -8.083517e-11 4.832499e-11
    outer loop
      vertex   6.600000e+01 6.202334e+00 -9.685184e+01
      vertex   6.600000e+01 5.602544e+00 -9.830918e+01
      vertex   6.600000e+01 6.644611e+00 -9.752767e+01
    endloop
  endfacet
  facet normal 1.000000e+00 -3.353914e-11 -1.474010e-11
    outer loop
      vertex   6.600000e+01 6.644611e+00 -9.752767e+01
      vertex   6.600000e+01 5.602544e+00 -9.830918e+01
      vertex   6.600000e+01 5.847834e+00 -9.874197e+01
    endloop
  endfacet
  facet normal 1.000000e+00 -1.963841e-11 -2.386125e-11
    outer loop
      vertex   6.600000e+01 6.644611e+00 -9.752767e+01
      vertex   6.600000e+01 5.847834e+00 -9.874197e+01
      vertex   6.600000e+01 6.943554e+00 -9.817690e+01
    endloop
  endfacet
  facet normal 1.000000e+00 -6.568075e-11 6.541974e-11
    outer loop
      vertex   6.600000e+01 6.943554e+00 -9.817690e+01
      vertex   6.600000e+01 5.847834e+00 -9.874197e+01
      vertex   6.600000e+01 6.023937e+00 -9.916948e+01
    endloop
  endfacet
  facet normal 1.000000e+00 1.626414e-10 -1.461185e-10
    outer loop
      vertex   6.600000e+01 6.943554e+00 -9.817690e+01
      vertex   6.600000e+01 6.023937e+00 -9.916948e+01
      vertex   6.600000e+01 7.104698e+00 -9.882353e+01
    endloop
  endfacet
  facet normal 1.000000e+00 1.304830e-10 -4.565595e-11
    outer loop
      vertex   6.600000e+01 7.104698e+00 -9.882353e+01
      vertex   6.600000e+01 6.023937e+00 -9.916948e+01
      vertex   6.600000e+01 6.138726e+00 -9.957164e+01
    endloop
  endfacet
  facet normal 1.000000e+00 -1.215046e-11 1.385153e-10
    outer loop
      vertex   6.600000e+01 7.104698e+00 -9.882353e+01
      vertex   6.600000e+01 6.138726e+00 -9.957164e+01
      vertex   6.600000e+01 7.134901e+00 -9.948425e+01
    endloop
  endfacet
  facet normal 1.000000e+00 1.054029e-10 1.254251e-13
    outer loop
      vertex   2.100000e+01 3.000000e+00 -9.422432e+01
      vertex   2.100000e+01 3.000000e+00 -9.685858e+01
      vertex   2.100000e+01 3.791959e+00 -9.467964e+01
    endloop
  endfacet
  facet normal 1.000000e+00 -2.288497e-10 1.216132e-10
    outer loop
      vertex   2.100000e+01 3.791959e+00 -9.467964e+01
      vertex   2.100000e+01 3.000000e+00 -9.685858e+01
      vertex   2.100000e+01 3.651314e+00 -9.703021e+01
    endloop
  endfacet
  facet normal 1.000000e+00 3.069304e-10 8.955519e-11
    outer loop
      vertex   2.100000e+01 3.791959e+00 -9.467964e+01
      vertex   2.100000e+01 3.651314e+00 -9.703021e+01
      vertex   2.100000e+01 4.547678e+00 -9.519960e+01
    endloop
  endfacet
  facet normal 1.000000e+00 -4.010148e-10 4.362022e-10
    outer loop
      vertex   2.100000e+01 4.547678e+00 -9.519960e+01
      vertex   2.100000e+01 3.651314e+00 -9.703021e+01
      vertex   2.100000e+01 4.265608e+00 -9.725328e+01
    endloop
  endfacet
  facet normal 1.000000e+00 3.343309e-10 3.352037e-10
    outer loop
      vertex   2.100000e+01 4.547678e+00 -9.519960e+01
      vertex   2.100000e+01 4.265608e+00 -9.725328e+01
      vertex   2.100000e+01 5.233621e+00 -9.577474e+01
    endloop
  endfacet
  facet normal 1.000000e+00 2.973393e-12 5.521461e-10
    outer loop
      vertex   2.100000e+01 5.233621e+00 -9.577474e+01
      vertex   2.100000e+01 4.265608e+00 -9.725328e+01
      vertex   2.100000e+01 4.813531e+00 -9.753955e+01
    endloop
  endfacet
  facet normal 1.000000e+00 4.804492e-10 4.384893e-10
    outer loop
      vertex   2.100000e+01 5.233621e+00 -9.577474e+01
      vertex   2.100000e+01 4.813531e+00 -9.753955e+01
      vertex   2.100000e+01 5.782734e+00 -9.633633e+01
    endloop
  endfacet
  facet normal 1.000000e+00 4.891934e-10 4.314457e-10
    outer loop
      vertex   2.100000e+01 5.782734e+00 -9.633633e+01
      vertex   2.100000e+01 4.813531e+00 -9.753955e+01
      vertex   2.100000e+01 5.258960e+00 -9.789182e+01
    endloop
  endfacet
  facet normal 1.000000e+00 5.431563e-10 4.132750e-10
    outer loop
      vertex   2.100000e+01 5.782734e+00 -9.633633e+01
      vertex   2.100000e+01 5.258960e+00 -9.789182e+01
      vertex   2.100000e+01 6.208073e+00 -9.685946e+01
    endloop
  endfacet
  facet normal 1.000000e+00 5.856021e-10 3.742516e-10
    outer loop
      vertex   2.100000e+01 6.208073e+00 -9.685946e+01
      vertex   2.100000e+01 5.258960e+00 -9.789182e+01
      vertex   2.100000e+01 5.610554e+00 -9.832117e+01
    endloop
  endfacet
  facet normal 1.000000e+00 6.301131e-10 3.560563e-10
    outer loop
      vertex   2.100000e+01 6.208073e+00 -9.685946e+01
      vertex   2.100000e+01 5.610554e+00 -9.832117e+01
      vertex   2.100000e+01 6.413995e+00 -9.715075e+01
    endloop
  endfacet
  facet normal 1.000000e+00 6.933133e-10 3.126723e-10
    outer loop
      vertex   2.100000e+01 6.413995e+00 -9.715075e+01
      vertex   2.100000e+01 5.610554e+00 -9.832117e+01
      vertex   2.100000e+01 6.624079e+00 -9.748986e+01
    endloop
  endfacet
  facet normal 1.000000e+00 6.176069e-10 4.049728e-10
    outer loop
      vertex   2.100000e+01 6.624079e+00 -9.748986e+01
      vertex   2.100000e+01 5.610554e+00 -9.832117e+01
      vertex   2.100000e+01 5.861131e+00 -9.876984e+01
    endloop
  endfacet
  facet normal 1.000000e+00 7.823329e-10 3.067857e-10
    outer loop
      vertex   2.100000e+01 6.624079e+00 -9.748986e+01
      vertex   2.100000e+01 5.861131e+00 -9.876984e+01
      vertex   2.100000e+01 6.819162e+00 -9.787017e+01
    endloop
  endfacet
  facet normal 1.000000e+00 7.813891e-10 3.077907e-10
    outer loop
      vertex   2.100000e+01 6.819162e+00 -9.787017e+01
      vertex   2.100000e+01 5.861131e+00 -9.876984e+01
      vertex   2.100000e+01 6.981552e+00 -9.828968e+01
    endloop
  endfacet
  facet normal 1.000000e+00 9.746960e-10 -1.432766e-10
    outer loop
      vertex   2.100000e+01 6.981552e+00 -9.828968e+01
      vertex   2.100000e+01 5.861131e+00 -9.876984e+01
      vertex   2.100000e+01 6.022602e+00 -9.916566e+01
    endloop
  endfacet
  facet normal 1.000000e+00 3.796527e-10 5.081209e-10
    outer loop
      vertex   2.100000e+01 6.981552e+00 -9.828968e+01
      vertex   2.100000e+01 6.022602e+00 -9.916566e+01
      vertex   2.100000e+01 7.104097e+00 -9.881990e+01
    endloop
  endfacet
  facet normal 1.000000e+00 4.142663e-10 3.998555e-10
    outer loop
      vertex   2.100000e+01 7.104097e+00 -9.881990e+01
      vertex   2.100000e+01 6.022602e+00 -9.916566e+01
      vertex   2.100000e+01 7.134994e+00 -9.913555e+01
    endloop
  endfacet
  facet normal 1.000000e+00 4.466068e-10 -7.949603e-10
    outer loop
      vertex   2.100000e+01 7.134994e+00 -9.913555e+01
      vertex   2.100000e+01 6.022602e+00 -9.916566e+01
      vertex   2.100000e+01 6.138726e+00 -9.957164e+01
    endloop
  endfacet
  facet normal 1.000000e+00 -2.472194e-11 2.818301e-10
    outer loop
      vertex   2.100000e+01 7.134994e+00 -9.913555e+01
      vertex   2.100000e+01 6.138726e+00 -9.957164e+01
      vertex   2.100000e+01 7.134901e+00 -9.948425e+01
    endloop
  endfacet
  facet normal -1.293537e-11 -9.615951e-01 -2.744719e-01
    outer loop
      vertex   1.500000e+01 6.138726e+00 -9.957164e+01
      vertex   2.100000e+01 6.138726e+00 -9.957164e+01
      vertex   1.500000e+01 6.023937e+00 -9.916948e+01
    endloop
  endfacet
  facet normal -3.900709e-05 -9.614414e-01 -2.750100e-01
    outer loop
      vertex   1.500000e+01 6.023937e+00 -9.916948e+01
      vertex   2.100000e+01 6.138726e+00 -9.957164e+01
      vertex   2.100000e+01 6.022602e+00 -9.916566e+01
    endloop
  endfacet
  facet normal 3.427635e-05 -9.259231e-01 -3.777120e-01
    outer loop
      vertex   1.500000e+01 6.023937e+00 -9.916948e+01
      vertex   2.100000e+01 6.022602e+00 -9.916566e+01
      vertex   2.100000e+01 5.861131e+00 -9.876984e+01
    endloop
  endfacet
  facet normal 2.801512e-04 -9.246264e-01 -3.808751e-01
    outer loop
      vertex   1.500000e+01 6.023937e+00 -9.916948e+01
      vertex   2.100000e+01 5.861131e+00 -9.876984e+01
      vertex   1.500000e+01 5.847834e+00 -9.874197e+01
    endloop
  endfacet
  facet normal -3.298322e-04 -8.730670e-01 -4.876002e-01
    outer loop
      vertex   1.500000e+01 5.847834e+00 -9.874197e+01
      vertex   2.100000e+01 5.861131e+00 -9.876984e+01
      vertex   2.100000e+01 5.610554e+00 -9.832117e+01
    endloop
  endfacet
  facet normal 1.759227e-04 -8.699869e-01 -4.930748e-01
    outer loop
      vertex   1.500000e+01 5.847834e+00 -9.874197e+01
      vertex   2.100000e+01 5.610554e+00 -9.832117e+01
      vertex   1.500000e+01 5.602544e+00 -9.830918e+01
    endloop
  endfacet
  facet normal -2.284731e-04 -7.750018e-01 -6.319590e-01
    outer loop
      vertex   1.500000e+01 5.602544e+00 -9.830918e+01
      vertex   2.100000e+01 5.610554e+00 -9.832117e+01
      vertex   1.500000e+01 5.276146e+00 -9.790890e+01
    endloop
  endfacet
  facet normal -4.122593e-04 -7.736873e-01 -6.335675e-01
    outer loop
      vertex   1.500000e+01 5.276146e+00 -9.790890e+01
      vertex   2.100000e+01 5.610554e+00 -9.832117e+01
      vertex   2.100000e+01 5.258960e+00 -9.789182e+01
    endloop
  endfacet
  facet normal 4.001991e-04 -6.312181e-01 -7.756052e-01
    outer loop
      vertex   1.500000e+01 5.276146e+00 -9.790890e+01
      vertex   2.100000e+01 5.258960e+00 -9.789182e+01
      vertex   1.500000e+01 4.857022e+00 -9.756780e+01
    endloop
  endfacet
  facet normal -8.033718e-04 -6.203077e-01 -7.843582e-01
    outer loop
      vertex   1.500000e+01 4.857022e+00 -9.756780e+01
      vertex   2.100000e+01 5.258960e+00 -9.789182e+01
      vertex   2.100000e+01 4.813531e+00 -9.753955e+01
    endloop
  endfacet
  facet normal 6.758199e-04 -4.774805e-01 -8.786421e-01
    outer loop
      vertex   1.500000e+01 4.857022e+00 -9.756780e+01
      vertex   2.100000e+01 4.813531e+00 -9.753955e+01
      vertex   1.500000e+01 4.337890e+00 -9.728569e+01
    endloop
  endfacet
  facet normal -7.914991e-04 -4.630697e-01 -8.863215e-01
    outer loop
      vertex   1.500000e+01 4.337890e+00 -9.728569e+01
      vertex   2.100000e+01 4.813531e+00 -9.753955e+01
      vertex   2.100000e+01 4.265608e+00 -9.725328e+01
    endloop
  endfacet
  facet normal 8.011547e-04 -3.529735e-01 -9.356330e-01
    outer loop
      vertex   1.500000e+01 4.337890e+00 -9.728569e+01
      vertex   2.100000e+01 4.265608e+00 -9.725328e+01
      vertex   1.500000e+01 3.717620e+00 -9.705169e+01
    endloop
  endfacet
  facet normal -4.080817e-04 -3.413204e-01 -9.399469e-01
    outer loop
      vertex   1.500000e+01 3.717620e+00 -9.705169e+01
      vertex   2.100000e+01 4.265608e+00 -9.725328e+01
      vertex   2.100000e+01 3.651314e+00 -9.703021e+01
    endloop
  endfacet
  facet normal 5.842049e-04 -2.598520e-01 -9.656483e-01
    outer loop
      vertex   1.500000e+01 3.717620e+00 -9.705169e+01
      vertex   2.100000e+01 3.651314e+00 -9.703021e+01
      vertex   1.500000e+01 3.000000e+00 -9.685858e+01
    endloop
  endfacet
  facet normal -2.506957e-11 -2.548232e-01 -9.669877e-01
    outer loop
      vertex   1.500000e+01 3.000000e+00 -9.685858e+01
      vertex   2.100000e+01 3.651314e+00 -9.703021e+01
      vertex   2.100000e+01 3.000000e+00 -9.685858e+01
    endloop
  endfacet
  facet normal -2.353907e-11 8.738375e-02 -9.961747e-01
    outer loop
      vertex   2.100000e+01 7.134901e+00 -9.948425e+01
      vertex   2.100000e+01 6.138726e+00 -9.957164e+01
      vertex   1.500000e+01 7.134901e+00 -9.948425e+01
    endloop
  endfacet
  facet normal -2.353907e-11 8.738375e-02 -9.961747e-01
    outer loop
      vertex   1.500000e+01 7.134901e+00 -9.948425e+01
      vertex   2.100000e+01 6.138726e+00 -9.957164e+01
      vertex   1.500000e+01 6.138726e+00 -9.957164e+01
    endloop
  endfacet
  facet normal 2.424212e-11 4.984261e-01 8.669322e-01
    outer loop
      vertex   2.100000e+01 3.000000e+00 -9.422432e+01
      vertex   2.100000e+01 3.791959e+00 -9.467964e+01
      vertex   1.500000e+01 3.000000e+00 -9.422432e+01
    endloop
  endfacet
  facet normal -1.624569e-03 5.076474e-01 8.615634e-01
    outer loop
      vertex   1.500000e+01 3.000000e+00 -9.422432e+01
      vertex   2.100000e+01 3.791959e+00 -9.467964e+01
      vertex   1.500000e+01 4.005996e+00 -9.481707e+01
    endloop
  endfacet
  facet normal 1.350748e-03 5.668285e-01 8.238347e-01
    outer loop
      vertex   1.500000e+01 4.005996e+00 -9.481707e+01
      vertex   2.100000e+01 3.791959e+00 -9.467964e+01
      vertex   2.100000e+01 4.547678e+00 -9.519960e+01
    endloop
  endfacet
  facet normal -2.429836e-03 5.946723e-01 8.039645e-01
    outer loop
      vertex   1.500000e+01 4.005996e+00 -9.481707e+01
      vertex   2.100000e+01 4.547678e+00 -9.519960e+01
      vertex   1.500000e+01 4.879976e+00 -9.546353e+01
    endloop
  endfacet
  facet normal 1.876602e-03 6.425009e-01 7.662826e-01
    outer loop
      vertex   1.500000e+01 4.879976e+00 -9.546353e+01
      vertex   2.100000e+01 4.547678e+00 -9.519960e+01
      vertex   2.100000e+01 5.233621e+00 -9.577474e+01
    endloop
  endfacet
  facet normal -2.516516e-03 6.843541e-01 7.291454e-01
    outer loop
      vertex   1.500000e+01 4.879976e+00 -9.546353e+01
      vertex   2.100000e+01 5.233621e+00 -9.577474e+01
      vertex   1.500000e+01 5.613880e+00 -9.615235e+01
    endloop
  endfacet
  facet normal 1.315339e-03 7.150014e-01 6.991218e-01
    outer loop
      vertex   1.500000e+01 5.613880e+00 -9.615235e+01
      vertex   2.100000e+01 5.233621e+00 -9.577474e+01
      vertex   2.100000e+01 5.782734e+00 -9.633633e+01
    endloop
  endfacet
  facet normal -1.795924e-03 7.652298e-01 6.437547e-01
    outer loop
      vertex   1.500000e+01 5.613880e+00 -9.615235e+01
      vertex   2.100000e+01 5.782734e+00 -9.633633e+01
      vertex   1.500000e+01 6.202334e+00 -9.685184e+01
    endloop
  endfacet
  facet normal 5.926430e-05 7.759042e-01 6.308508e-01
    outer loop
      vertex   1.500000e+01 6.202334e+00 -9.685184e+01
      vertex   2.100000e+01 5.782734e+00 -9.633633e+01
      vertex   2.100000e+01 6.208073e+00 -9.685946e+01
    endloop
  endfacet
  facet normal -4.769995e-05 8.165567e-01 5.772653e-01
    outer loop
      vertex   1.500000e+01 6.202334e+00 -9.685184e+01
      vertex   2.100000e+01 6.208073e+00 -9.685946e+01
      vertex   2.100000e+01 6.413995e+00 -9.715075e+01
    endloop
  endfacet
  facet normal -2.238547e-03 8.367470e-01 5.475851e-01
    outer loop
      vertex   1.500000e+01 6.202334e+00 -9.685184e+01
      vertex   2.100000e+01 6.413995e+00 -9.715075e+01
      vertex   1.500000e+01 6.644611e+00 -9.752767e+01
    endloop
  endfacet
  facet normal -4.100485e-04 8.500878e-01 5.266409e-01
    outer loop
      vertex   1.500000e+01 6.644611e+00 -9.752767e+01
      vertex   2.100000e+01 6.413995e+00 -9.715075e+01
      vertex   2.100000e+01 6.624079e+00 -9.748986e+01
    endloop
  endfacet
  facet normal 1.683168e-04 8.897675e-01 4.564141e-01
    outer loop
      vertex   1.500000e+01 6.644611e+00 -9.752767e+01
      vertex   2.100000e+01 6.624079e+00 -9.748986e+01
      vertex   2.100000e+01 6.819162e+00 -9.787017e+01
    endloop
  endfacet
  facet normal -2.550490e-03 9.083305e-01 4.182453e-01
    outer loop
      vertex   1.500000e+01 6.644611e+00 -9.752767e+01
      vertex   2.100000e+01 6.819162e+00 -9.787017e+01
      vertex   1.500000e+01 6.943554e+00 -9.817690e+01
    endloop
  endfacet
  facet normal 8.788990e-04 9.325681e-01 3.609931e-01
    outer loop
      vertex   1.500000e+01 6.943554e+00 -9.817690e+01
      vertex   2.100000e+01 6.819162e+00 -9.787017e+01
      vertex   2.100000e+01 6.981552e+00 -9.828968e+01
    endloop
  endfacet
  facet normal -1.600246e-03 9.703218e-01 2.418118e-01
    outer loop
      vertex   1.500000e+01 6.943554e+00 -9.817690e+01
      vertex   2.100000e+01 6.981552e+00 -9.828968e+01
      vertex   1.500000e+01 7.104698e+00 -9.882353e+01
    endloop
  endfacet
  facet normal -3.865990e-05 9.743166e-01 2.251826e-01
    outer loop
      vertex   1.500000e+01 7.104698e+00 -9.882353e+01
      vertex   2.100000e+01 6.981552e+00 -9.828968e+01
      vertex   2.100000e+01 7.104097e+00 -9.881990e+01
    endloop
  endfacet
  facet normal 4.073352e-05 9.952437e-01 9.741694e-02
    outer loop
      vertex   1.500000e+01 7.104698e+00 -9.882353e+01
      vertex   2.100000e+01 7.104097e+00 -9.881990e+01
      vertex   2.100000e+01 7.134994e+00 -9.913555e+01
    endloop
  endfacet
  facet normal 6.537014e-12 1.000000e+00 -2.682450e-04
    outer loop
      vertex   2.100000e+01 7.134901e+00 -9.948425e+01
      vertex   1.500000e+01 7.134901e+00 -9.948425e+01
      vertex   2.100000e+01 7.134994e+00 -9.913555e+01
    endloop
  endfacet
  facet normal -2.669386e-03 9.989533e-01 4.566365e-02
    outer loop
      vertex   2.100000e+01 7.134994e+00 -9.913555e+01
      vertex   1.500000e+01 7.134901e+00 -9.948425e+01
      vertex   1.500000e+01 7.104698e+00 -9.882353e+01
    endloop
  endfacet
  facet normal -1.000000e+00 8.707739e-11 -1.254251e-13
    outer loop
      vertex   1.500000e+01 3.000000e+00 -9.422432e+01
      vertex   1.500000e+01 4.005996e+00 -9.481707e+01
      vertex   1.500000e+01 3.000000e+00 -9.685858e+01
    endloop
  endfacet
  facet normal -1.000000e+00 8.228771e-11 2.234787e-12
    outer loop
      vertex   1.500000e+01 3.000000e+00 -9.685858e+01
      vertex   1.500000e+01 4.005996e+00 -9.481707e+01
      vertex   1.500000e+01 3.717620e+00 -9.705169e+01
    endloop
  endfacet
  facet normal -1.000000e+00 -5.319604e-11 1.971886e-11
    outer loop
      vertex   1.500000e+01 3.717620e+00 -9.705169e+01
      vertex   1.500000e+01 4.005996e+00 -9.481707e+01
      vertex   1.500000e+01 4.879976e+00 -9.546353e+01
    endloop
  endfacet
  facet normal -1.000000e+00 -6.812084e-11 3.064216e-11
    outer loop
      vertex   1.500000e+01 3.717620e+00 -9.705169e+01
      vertex   1.500000e+01 4.879976e+00 -9.546353e+01
      vertex   1.500000e+01 4.337890e+00 -9.728569e+01
    endloop
  endfacet
  facet normal -1.000000e+00 -6.791009e-11 3.057946e-11
    outer loop
      vertex   1.500000e+01 4.337890e+00 -9.728569e+01
      vertex   1.500000e+01 4.879976e+00 -9.546353e+01
      vertex   1.500000e+01 5.613880e+00 -9.615235e+01
    endloop
  endfacet
  facet normal -1.000000e+00 -4.477479e-11 4.532151e-12
    outer loop
      vertex   1.500000e+01 4.337890e+00 -9.728569e+01
      vertex   1.500000e+01 5.613880e+00 -9.615235e+01
      vertex   1.500000e+01 4.857022e+00 -9.756780e+01
    endloop
  endfacet
  facet normal -1.000000e+00 8.469509e-12 -2.393821e-11
    outer loop
      vertex   1.500000e+01 4.857022e+00 -9.756780e+01
      vertex   1.500000e+01 5.613880e+00 -9.615235e+01
      vertex   1.500000e+01 5.276146e+00 -9.790890e+01
    endloop
  endfacet
  facet normal -1.000000e+00 -7.816382e-12 -2.080689e-11
    outer loop
      vertex   1.500000e+01 5.276146e+00 -9.790890e+01
      vertex   1.500000e+01 5.613880e+00 -9.615235e+01
      vertex   1.500000e+01 6.202334e+00 -9.685184e+01
    endloop
  endfacet
  facet normal -1.000000e+00 -2.713071e-11 -3.883770e-12
    outer loop
      vertex   1.500000e+01 5.276146e+00 -9.790890e+01
      vertex   1.500000e+01 6.202334e+00 -9.685184e+01
      vertex   1.500000e+01 5.602544e+00 -9.830918e+01
    endloop
  endfacet
  facet normal -1.000000e+00 8.082116e-11 -4.831313e-11
    outer loop
      vertex   1.500000e+01 5.602544e+00 -9.830918e+01
      vertex   1.500000e+01 6.202334e+00 -9.685184e+01
      vertex   1.500000e+01 6.644611e+00 -9.752767e+01
    endloop
  endfacet
  facet normal -1.000000e+00 3.353555e-11 1.473806e-11
    outer loop
      vertex   1.500000e+01 5.602544e+00 -9.830918e+01
      vertex   1.500000e+01 6.644611e+00 -9.752767e+01
      vertex   1.500000e+01 5.847834e+00 -9.874197e+01
    endloop
  endfacet
  facet normal -1.000000e+00 1.964918e-11 2.384979e-11
    outer loop
      vertex   1.500000e+01 5.847834e+00 -9.874197e+01
      vertex   1.500000e+01 6.644611e+00 -9.752767e+01
      vertex   1.500000e+01 6.943554e+00 -9.817690e+01
    endloop
  endfacet
  facet normal -1.000000e+00 6.568653e-11 -6.542152e-11
    outer loop
      vertex   1.500000e+01 5.847834e+00 -9.874197e+01
      vertex   1.500000e+01 6.943554e+00 -9.817690e+01
      vertex   1.500000e+01 6.023937e+00 -9.916948e+01
    endloop
  endfacet
  facet normal -1.000000e+00 -1.626687e-10 1.461474e-10
    outer loop
      vertex   1.500000e+01 6.023937e+00 -9.916948e+01
      vertex   1.500000e+01 6.943554e+00 -9.817690e+01
      vertex   1.500000e+01 7.104698e+00 -9.882353e+01
    endloop
  endfacet
  facet normal -1.000000e+00 -1.305048e-10 4.566741e-11
    outer loop
      vertex   1.500000e+01 6.023937e+00 -9.916948e+01
      vertex   1.500000e+01 7.104698e+00 -9.882353e+01
      vertex   1.500000e+01 6.138726e+00 -9.957164e+01
    endloop
  endfacet
  facet normal -1.000000e+00 1.215211e-11 -1.385340e-10
    outer loop
      vertex   1.500000e+01 6.138726e+00 -9.957164e+01
      vertex   1.500000e+01 7.104698e+00 -9.882353e+01
      vertex   1.500000e+01 7.134901e+00 -9.948425e+01
    endloop
  endfacet
  facet normal -2.480374e-11 -2.598521e-01 -9.656484e-01
    outer loop
      vertex   3.900000e+01 3.000000e+00 -9.685858e+01
      vertex   3.900000e+01 3.717620e+00 -9.705169e+01
      vertex   4.500000e+01 3.000000e+00 -9.685858e+01
    endloop
  endfacet
  facet normal -2.530465e-11 -2.598521e-01 -9.656484e-01
    outer loop
      vertex   4.500000e+01 3.000000e+00 -9.685858e+01
      vertex   3.900000e+01 3.717620e+00 -9.705169e+01
      vertex   4.500000e+01 3.717620e+00 -9.705169e+01
    endloop
  endfacet
  facet normal -2.467309e-11 -3.529736e-01 -9.356333e-01
    outer loop
      vertex   4.500000e+01 3.717620e+00 -9.705169e+01
      vertex   3.900000e+01 3.717620e+00 -9.705169e+01
      vertex   3.900000e+01 4.337890e+00 -9.728569e+01
    endloop
  endfacet
  facet normal -2.520675e-11 -3.529736e-01 -9.356333e-01
    outer loop
      vertex   4.500000e+01 3.717620e+00 -9.705169e+01
      vertex   3.900000e+01 4.337890e+00 -9.728569e+01
      vertex   4.500000e+01 4.337890e+00 -9.728569e+01
    endloop
  endfacet
  facet normal -2.409280e-11 -4.774806e-01 -8.786423e-01
    outer loop
      vertex   4.500000e+01 4.337890e+00 -9.728569e+01
      vertex   3.900000e+01 4.337890e+00 -9.728569e+01
      vertex   3.900000e+01 4.857022e+00 -9.756780e+01
    endloop
  endfacet
  facet normal -2.464756e-11 -4.774806e-01 -8.786423e-01
    outer loop
      vertex   4.500000e+01 4.337890e+00 -9.728569e+01
      vertex   3.900000e+01 4.857022e+00 -9.756780e+01
      vertex   4.500000e+01 4.857022e+00 -9.756780e+01
    endloop
  endfacet
  facet normal -2.260441e-11 -6.312182e-01 -7.756053e-01
    outer loop
      vertex   4.500000e+01 4.857022e+00 -9.756780e+01
      vertex   3.900000e+01 4.857022e+00 -9.756780e+01
      vertex   3.900000e+01 5.276146e+00 -9.790890e+01
    endloop
  endfacet
  facet normal -2.313706e-11 -6.312182e-01 -7.756053e-01
    outer loop
      vertex   4.500000e+01 4.857022e+00 -9.756780e+01
      vertex   3.900000e+01 5.276146e+00 -9.790890e+01
      vertex   4.500000e+01 5.276146e+00 -9.790890e+01
    endloop
  endfacet
  facet normal -2.014397e-11 -7.750018e-01 -6.319590e-01
    outer loop
      vertex   4.500000e+01 5.276146e+00 -9.790890e+01
      vertex   3.900000e+01 5.276146e+00 -9.790890e+01
      vertex   3.900000e+01 5.602544e+00 -9.830918e+01
    endloop
  endfacet
  facet normal -2.051443e-11 -7.750018e-01 -6.319590e-01
    outer loop
      vertex   4.500000e+01 5.276146e+00 -9.790890e+01
      vertex   3.900000e+01 5.602544e+00 -9.830918e+01
      vertex   4.500000e+01 5.602544e+00 -9.830918e+01
    endloop
  endfacet
  facet normal -1.750052e-11 -8.699869e-01 -4.930748e-01
    outer loop
      vertex   4.500000e+01 5.602544e+00 -9.830918e+01
      vertex   3.900000e+01 5.602544e+00 -9.830918e+01
      vertex   3.900000e+01 5.847834e+00 -9.874197e+01
    endloop
  endfacet
  facet normal -1.769549e-11 -8.699869e-01 -4.930748e-01
    outer loop
      vertex   4.500000e+01 5.602544e+00 -9.830918e+01
      vertex   3.900000e+01 5.847834e+00 -9.874197e+01
      vertex   4.500000e+01 5.847834e+00 -9.874197e+01
    endloop
  endfacet
  facet normal -1.520879e-11 -9.246265e-01 -3.808752e-01
    outer loop
      vertex   4.500000e+01 5.847834e+00 -9.874197e+01
      vertex   3.900000e+01 5.847834e+00 -9.874197e+01
      vertex   3.900000e+01 6.023937e+00 -9.916948e+01
    endloop
  endfacet
  facet normal -1.529238e-11 -9.246265e-01 -3.808752e-01
    outer loop
      vertex   4.500000e+01 5.847834e+00 -9.874197e+01
      vertex   3.900000e+01 6.023937e+00 -9.916948e+01
      vertex   4.500000e+01 6.023937e+00 -9.916948e+01
    endloop
  endfacet
  facet normal -1.290660e-11 -9.615951e-01 -2.744719e-01
    outer loop
      vertex   4.500000e+01 6.023937e+00 -9.916948e+01
      vertex   3.900000e+01 6.023937e+00 -9.916948e+01
      vertex   3.900000e+01 6.138726e+00 -9.957164e+01
    endloop
  endfacet
  facet normal -1.293393e-11 -9.615951e-01 -2.744719e-01
    outer loop
      vertex   4.500000e+01 6.023937e+00 -9.916948e+01
      vertex   3.900000e+01 6.138726e+00 -9.957164e+01
      vertex   4.500000e+01 6.138726e+00 -9.957164e+01
    endloop
  endfacet
  facet normal -1.000000e+00 8.707112e-11 -1.240764e-13
    outer loop
      vertex   3.900000e+01 3.000000e+00 -9.422432e+01
      vertex   3.900000e+01 4.005996e+00 -9.481707e+01
      vertex   3.900000e+01 3.000000e+00 -9.685858e+01
    endloop
  endfacet
  facet normal -1.000000e+00 8.229604e-11 2.228943e-12
    outer loop
      vertex   3.900000e+01 3.000000e+00 -9.685858e+01
      vertex   3.900000e+01 4.005996e+00 -9.481707e+01
      vertex   3.900000e+01 3.717620e+00 -9.705169e+01
    endloop
  endfacet
  facet normal -1.000000e+00 -5.319740e-11 1.971426e-11
    outer loop
      vertex   3.900000e+01 3.717620e+00 -9.705169e+01
      vertex   3.900000e+01 4.005996e+00 -9.481707e+01
      vertex   3.900000e+01 4.879976e+00 -9.546353e+01
    endloop
  endfacet
  facet normal -1.000000e+00 -6.813371e-11 3.064599e-11
    outer loop
      vertex   3.900000e+01 3.717620e+00 -9.705169e+01
      vertex   3.900000e+01 4.879976e+00 -9.546353e+01
      vertex   3.900000e+01 4.337890e+00 -9.728569e+01
    endloop
  endfacet
  facet normal -1.000000e+00 -6.790442e-11 3.057777e-11
    outer loop
      vertex   3.900000e+01 4.337890e+00 -9.728569e+01
      vertex   3.900000e+01 4.879976e+00 -9.546353e+01
      vertex   3.900000e+01 5.613880e+00 -9.615235e+01
    endloop
  endfacet
  facet normal -1.000000e+00 -4.477958e-11 4.542239e-12
    outer loop
      vertex   3.900000e+01 4.337890e+00 -9.728569e+01
      vertex   3.900000e+01 5.613880e+00 -9.615235e+01
      vertex   3.900000e+01 4.857022e+00 -9.756780e+01
    endloop
  endfacet
  facet normal -1.000000e+00 8.488545e-12 -2.394086e-11
    outer loop
      vertex   3.900000e+01 4.857022e+00 -9.756780e+01
      vertex   3.900000e+01 5.613880e+00 -9.615235e+01
      vertex   3.900000e+01 5.276146e+00 -9.790890e+01
    endloop
  endfacet
  facet normal -1.000000e+00 -7.825232e-12 -2.080418e-11
    outer loop
      vertex   3.900000e+01 5.276146e+00 -9.790890e+01
      vertex   3.900000e+01 5.613880e+00 -9.615235e+01
      vertex   3.900000e+01 6.202334e+00 -9.685184e+01
    endloop
  endfacet
  facet normal -1.000000e+00 -2.713894e-11 -3.881603e-12
    outer loop
      vertex   3.900000e+01 5.276146e+00 -9.790890e+01
      vertex   3.900000e+01 6.202334e+00 -9.685184e+01
      vertex   3.900000e+01 5.602544e+00 -9.830918e+01
    endloop
  endfacet
  facet normal -1.000000e+00 8.082001e-11 -4.831388e-11
    outer loop
      vertex   3.900000e+01 5.602544e+00 -9.830918e+01
      vertex   3.900000e+01 6.202334e+00 -9.685184e+01
      vertex   3.900000e+01 6.644611e+00 -9.752767e+01
    endloop
  endfacet
  facet normal -1.000000e+00 3.353435e-11 1.473739e-11
    outer loop
      vertex   3.900000e+01 5.602544e+00 -9.830918e+01
      vertex   3.900000e+01 6.644611e+00 -9.752767e+01
      vertex   3.900000e+01 5.847834e+00 -9.874197e+01
    endloop
  endfacet
  facet normal -1.000000e+00 1.965277e-11 2.384597e-11
    outer loop
      vertex   3.900000e+01 5.847834e+00 -9.874197e+01
      vertex   3.900000e+01 6.644611e+00 -9.752767e+01
      vertex   3.900000e+01 6.943554e+00 -9.817690e+01
    endloop
  endfacet
  facet normal -1.000000e+00 6.569317e-11 -6.543125e-11
    outer loop
      vertex   3.900000e+01 5.847834e+00 -9.874197e+01
      vertex   3.900000e+01 6.943554e+00 -9.817690e+01
      vertex   3.900000e+01 6.023937e+00 -9.916948e+01
    endloop
  endfacet
  facet normal -1.000000e+00 -1.626694e-10 1.461445e-10
    outer loop
      vertex   3.900000e+01 6.023937e+00 -9.916948e+01
      vertex   3.900000e+01 6.943554e+00 -9.817690e+01
      vertex   3.900000e+01 7.104698e+00 -9.882353e+01
    endloop
  endfacet
  facet normal -1.000000e+00 -1.305115e-10 4.568317e-11
    outer loop
      vertex   3.900000e+01 6.023937e+00 -9.916948e+01
      vertex   3.900000e+01 7.104698e+00 -9.882353e+01
      vertex   3.900000e+01 6.138726e+00 -9.957164e+01
    endloop
  endfacet
  facet normal -1.000000e+00 1.215140e-11 -1.385260e-10
    outer loop
      vertex   3.900000e+01 6.138726e+00 -9.957164e+01
      vertex   3.900000e+01 7.104698e+00 -9.882353e+01
      vertex   3.900000e+01 7.134901e+00 -9.948425e+01
    endloop
  endfacet
  facet normal -2.353673e-11 8.738375e-02 -9.961747e-01
    outer loop
      vertex   4.500000e+01 7.134901e+00 -9.948425e+01
      vertex   4.500000e+01 6.138726e+00 -9.957164e+01
      vertex   3.900000e+01 7.134901e+00 -9.948425e+01
    endloop
  endfacet
  facet normal -2.353437e-11 8.738375e-02 -9.961747e-01
    outer loop
      vertex   3.900000e+01 7.134901e+00 -9.948425e+01
      vertex   4.500000e+01 6.138726e+00 -9.957164e+01
      vertex   3.900000e+01 6.138726e+00 -9.957164e+01
    endloop
  endfacet
  facet normal 2.382598e-11 5.076481e-01 8.615645e-01
    outer loop
      vertex   4.500000e+01 3.000000e+00 -9.422432e+01
      vertex   4.500000e+01 4.005996e+00 -9.481707e+01
      vertex   3.900000e+01 3.000000e+00 -9.422432e+01
    endloop
  endfacet
  facet normal 2.447496e-11 5.076481e-01 8.615645e-01
    outer loop
      vertex   3.900000e+01 3.000000e+00 -9.422432e+01
      vertex   4.500000e+01 4.005996e+00 -9.481707e+01
      vertex   3.900000e+01 4.005996e+00 -9.481707e+01
    endloop
  endfacet
  facet normal 2.302111e-11 5.946740e-01 8.039669e-01
    outer loop
      vertex   3.900000e+01 4.005996e+00 -9.481707e+01
      vertex   4.500000e+01 4.005996e+00 -9.481707e+01
      vertex   4.500000e+01 4.879976e+00 -9.546353e+01
    endloop
  endfacet
  facet normal 2.362549e-11 5.946740e-01 8.039669e-01
    outer loop
      vertex   3.900000e+01 4.005996e+00 -9.481707e+01
      vertex   4.500000e+01 4.879976e+00 -9.546353e+01
      vertex   3.900000e+01 4.879976e+00 -9.546353e+01
    endloop
  endfacet
  facet normal 2.184023e-11 6.843563e-01 7.291478e-01
    outer loop
      vertex   3.900000e+01 4.879976e+00 -9.546353e+01
      vertex   4.500000e+01 4.879976e+00 -9.546353e+01
      vertex   4.500000e+01 5.613880e+00 -9.615235e+01
    endloop
  endfacet
  facet normal 2.234535e-11 6.843563e-01 7.291478e-01
    outer loop
      vertex   3.900000e+01 4.879976e+00 -9.546353e+01
      vertex   4.500000e+01 5.613880e+00 -9.615235e+01
      vertex   3.900000e+01 5.613880e+00 -9.615235e+01
    endloop
  endfacet
  facet normal 2.037493e-11 7.652311e-01 6.437557e-01
    outer loop
      vertex   3.900000e+01 5.613880e+00 -9.615235e+01
      vertex   4.500000e+01 5.613880e+00 -9.615235e+01
      vertex   4.500000e+01 6.202334e+00 -9.685184e+01
    endloop
  endfacet
  facet normal 2.074472e-11 7.652311e-01 6.437557e-01
    outer loop
      vertex   3.900000e+01 5.613880e+00 -9.615235e+01
      vertex   4.500000e+01 6.202334e+00 -9.685184e+01
      vertex   3.900000e+01 6.202334e+00 -9.685184e+01
    endloop
  endfacet
  facet normal 1.856902e-11 8.367491e-01 5.475865e-01
    outer loop
      vertex   3.900000e+01 6.202334e+00 -9.685184e+01
      vertex   4.500000e+01 6.202334e+00 -9.685184e+01
      vertex   4.500000e+01 6.644611e+00 -9.752767e+01
    endloop
  endfacet
  facet normal 1.884505e-11 8.367491e-01 5.475865e-01
    outer loop
      vertex   3.900000e+01 6.202334e+00 -9.685184e+01
      vertex   4.500000e+01 6.644611e+00 -9.752767e+01
      vertex   3.900000e+01 6.644611e+00 -9.752767e+01
    endloop
  endfacet
  facet normal 1.592712e-11 9.083335e-01 4.182467e-01
    outer loop
      vertex   3.900000e+01 6.644611e+00 -9.752767e+01
      vertex   4.500000e+01 6.644611e+00 -9.752767e+01
      vertex   4.500000e+01 6.943554e+00 -9.817690e+01
    endloop
  endfacet
  facet normal 1.615755e-11 9.083335e-01 4.182467e-01
    outer loop
      vertex   3.900000e+01 6.644611e+00 -9.752767e+01
      vertex   4.500000e+01 6.943554e+00 -9.817690e+01
      vertex   3.900000e+01 6.943554e+00 -9.817690e+01
    endloop
  endfacet
  facet normal 1.209855e-11 9.703231e-01 2.418121e-01
    outer loop
      vertex   3.900000e+01 6.943554e+00 -9.817690e+01
      vertex   4.500000e+01 6.943554e+00 -9.817690e+01
      vertex   4.500000e+01 7.104698e+00 -9.882353e+01
    endloop
  endfacet
  facet normal 1.225218e-11 9.703231e-01 2.418121e-01
    outer loop
      vertex   3.900000e+01 6.943554e+00 -9.817690e+01
      vertex   4.500000e+01 7.104698e+00 -9.882353e+01
      vertex   3.900000e+01 7.104698e+00 -9.882353e+01
    endloop
  endfacet
  facet normal 7.592452e-12 9.989569e-01 4.566382e-02
    outer loop
      vertex   3.900000e+01 7.104698e+00 -9.882353e+01
      vertex   4.500000e+01 7.104698e+00 -9.882353e+01
      vertex   4.500000e+01 7.134901e+00 -9.948425e+01
    endloop
  endfacet
  facet normal 7.641647e-12 9.989569e-01 4.566382e-02
    outer loop
      vertex   3.900000e+01 7.104698e+00 -9.882353e+01
      vertex   4.500000e+01 7.134901e+00 -9.948425e+01
      vertex   3.900000e+01 7.134901e+00 -9.948425e+01
    endloop
  endfacet
  facet normal 1.000000e+00 -8.707818e-11 1.240764e-13
    outer loop
      vertex   4.500000e+01 3.000000e+00 -9.422432e+01
      vertex   4.500000e+01 3.000000e+00 -9.685858e+01
      vertex   4.500000e+01 4.005996e+00 -9.481707e+01
    endloop
  endfacet
  facet normal 1.000000e+00 -8.227938e-11 -2.240631e-12
    outer loop
      vertex   4.500000e+01 4.005996e+00 -9.481707e+01
      vertex   4.500000e+01 3.000000e+00 -9.685858e+01
      vertex   4.500000e+01 3.717620e+00 -9.705169e+01
    endloop
  endfacet
  facet normal 1.000000e+00 5.320580e-11 -1.972489e-11
    outer loop
      vertex   4.500000e+01 4.005996e+00 -9.481707e+01
      vertex   4.500000e+01 3.717620e+00 -9.705169e+01
      vertex   4.500000e+01 4.879976e+00 -9.546353e+01
    endloop
  endfacet
  facet normal 1.000000e+00 6.812342e-11 -3.064292e-11
    outer loop
      vertex   4.500000e+01 4.879976e+00 -9.546353e+01
      vertex   4.500000e+01 3.717620e+00 -9.705169e+01
      vertex   4.500000e+01 4.337890e+00 -9.728569e+01
    endloop
  endfacet
  facet normal 1.000000e+00 6.791199e-11 -3.058002e-11
    outer loop
      vertex   4.500000e+01 4.879976e+00 -9.546353e+01
      vertex   4.500000e+01 4.337890e+00 -9.728569e+01
      vertex   4.500000e+01 5.613880e+00 -9.615235e+01
    endloop
  endfacet
  facet normal 1.000000e+00 4.478169e-11 -4.538349e-12
    outer loop
      vertex   4.500000e+01 5.613880e+00 -9.615235e+01
      vertex   4.500000e+01 4.337890e+00 -9.728569e+01
      vertex   4.500000e+01 4.857022e+00 -9.756780e+01
    endloop
  endfacet
  facet normal 1.000000e+00 -8.485698e-12 2.394436e-11
    outer loop
      vertex   4.500000e+01 5.613880e+00 -9.615235e+01
      vertex   4.500000e+01 4.857022e+00 -9.756780e+01
      vertex   4.500000e+01 5.276146e+00 -9.790890e+01
    endloop
  endfacet
  facet normal 1.000000e+00 7.809489e-12 2.081125e-11
    outer loop
      vertex   4.500000e+01 5.613880e+00 -9.615235e+01
      vertex   4.500000e+01 5.276146e+00 -9.790890e+01
      vertex   4.500000e+01 6.202334e+00 -9.685184e+01
    endloop
  endfacet
  facet normal 1.000000e+00 2.712447e-11 3.887557e-12
    outer loop
      vertex   4.500000e+01 6.202334e+00 -9.685184e+01
      vertex   4.500000e+01 5.276146e+00 -9.790890e+01
      vertex   4.500000e+01 5.602544e+00 -9.830918e+01
    endloop
  endfacet
  facet normal 1.000000e+00 -8.082001e-11 4.831388e-11
    outer loop
      vertex   4.500000e+01 6.202334e+00 -9.685184e+01
      vertex   4.500000e+01 5.602544e+00 -9.830918e+01
      vertex   4.500000e+01 6.644611e+00 -9.752767e+01
    endloop
  endfacet
  facet normal 1.000000e+00 -3.353435e-11 -1.473739e-11
    outer loop
      vertex   4.500000e+01 6.644611e+00 -9.752767e+01
      vertex   4.500000e+01 5.602544e+00 -9.830918e+01
      vertex   4.500000e+01 5.847834e+00 -9.874197e+01
    endloop
  endfacet
  facet normal 1.000000e+00 -1.965277e-11 -2.384597e-11
    outer loop
      vertex   4.500000e+01 6.644611e+00 -9.752767e+01
      vertex   4.500000e+01 5.847834e+00 -9.874197e+01
      vertex   4.500000e+01 6.943554e+00 -9.817690e+01
    endloop
  endfacet
  facet normal 1.000000e+00 -6.567903e-11 6.540383e-11
    outer loop
      vertex   4.500000e+01 6.943554e+00 -9.817690e+01
      vertex   4.500000e+01 5.847834e+00 -9.874197e+01
      vertex   4.500000e+01 6.023937e+00 -9.916948e+01
    endloop
  endfacet
  facet normal 1.000000e+00 1.626479e-10 -1.461389e-10
    outer loop
      vertex   4.500000e+01 6.943554e+00 -9.817690e+01
      vertex   4.500000e+01 6.023937e+00 -9.916948e+01
      vertex   4.500000e+01 7.104698e+00 -9.882353e+01
    endloop
  endfacet
  facet normal 1.000000e+00 1.304830e-10 -4.565595e-11
    outer loop
      vertex   4.500000e+01 7.104698e+00 -9.882353e+01
      vertex   4.500000e+01 6.023937e+00 -9.916948e+01
      vertex   4.500000e+01 6.138726e+00 -9.957164e+01
    endloop
  endfacet
  facet normal 1.000000e+00 -1.215046e-11 1.385153e-10
    outer loop
      vertex   4.500000e+01 7.104698e+00 -9.882353e+01
      vertex   4.500000e+01 6.138726e+00 -9.957164e+01
      vertex   4.500000e+01 7.134901e+00 -9.948425e+01
    endloop
  endfacet
  facet normal -9.914449e-01 2.318611e-17 1.305262e-01
    outer loop
      vertex   4.264458e+01 8.000000e+00 6.598162e+00
      vertex   4.264458e+01 3.000000e+00 6.598162e+00
      vertex   4.268718e+01 8.000000e+00 6.921686e+00
    endloop
  endfacet
  facet normal -9.914449e-01 0.000000e+00 1.305262e-01
    outer loop
      vertex   4.268718e+01 8.000000e+00 6.921686e+00
      vertex   4.264458e+01 3.000000e+00 6.598162e+00
      vertex   4.268718e+01 3.000000e+00 6.921686e+00
    endloop
  endfacet
  facet normal -9.914449e-01 -0.000000e+00 -1.305262e-01
    outer loop
      vertex   4.268718e+01 8.000000e+00 6.921686e+00
      vertex   4.268718e+01 3.000000e+00 6.921686e+00
      vertex   4.264458e+01 8.000000e+00 7.245210e+00
    endloop
  endfacet
  facet normal -9.914449e-01 -2.318611e-17 -1.305262e-01
    outer loop
      vertex   4.264458e+01 8.000000e+00 7.245210e+00
      vertex   4.268718e+01 3.000000e+00 6.921686e+00
      vertex   4.264458e+01 3.000000e+00 7.245210e+00
    endloop
  endfacet
  facet normal -9.238795e-01 -6.797823e-17 -3.826834e-01
    outer loop
      vertex   4.264458e+01 8.000000e+00 7.245210e+00
      vertex   4.264458e+01 3.000000e+00 7.245210e+00
      vertex   4.251971e+01 8.000000e+00 7.546686e+00
    endloop
  endfacet
  facet normal -9.238795e-01 -0.000000e+00 -3.826834e-01
    outer loop
      vertex   4.251971e+01 8.000000e+00 7.546686e+00
      vertex   4.264458e+01 3.000000e+00 7.245210e+00
      vertex   4.251971e+01 3.000000e+00 7.546686e+00
    endloop
  endfacet
  facet normal -7.933533e-01 -0.000000e+00 -6.087614e-01
    outer loop
      vertex   4.251971e+01 8.000000e+00 7.546686e+00
      vertex   4.251971e+01 3.000000e+00 7.546686e+00
      vertex   4.232106e+01 8.000000e+00 7.805569e+00
    endloop
  endfacet
  facet normal -7.933533e-01 -0.000000e+00 -6.087614e-01
    outer loop
      vertex   4.232106e+01 8.000000e+00 7.805569e+00
      vertex   4.251971e+01 3.000000e+00 7.546686e+00
      vertex   4.232106e+01 3.000000e+00 7.805569e+00
    endloop
  endfacet
  facet normal -6.087614e-01 -0.000000e+00 -7.933533e-01
    outer loop
      vertex   4.232106e+01 8.000000e+00 7.805569e+00
      vertex   4.232106e+01 3.000000e+00 7.805569e+00
      vertex   4.206218e+01 8.000000e+00 8.004218e+00
    endloop
  endfacet
  facet normal -6.087614e-01 -2.818557e-16 -7.933533e-01
    outer loop
      vertex   4.206218e+01 8.000000e+00 8.004218e+00
      vertex   4.232106e+01 3.000000e+00 7.805569e+00
      vertex   4.206218e+01 3.000000e+00 8.004218e+00
    endloop
  endfacet
  facet normal -3.826834e-01 -3.282279e-16 -9.238795e-01
    outer loop
      vertex   4.206218e+01 8.000000e+00 8.004218e+00
      vertex   4.206218e+01 3.000000e+00 8.004218e+00
      vertex   4.176070e+01 8.000000e+00 8.129093e+00
    endloop
  endfacet
  facet normal -3.826834e-01 -0.000000e+00 -9.238795e-01
    outer loop
      vertex   4.176070e+01 8.000000e+00 8.129093e+00
      vertex   4.206218e+01 3.000000e+00 8.004218e+00
      vertex   4.176070e+01 3.000000e+00 8.129093e+00
    endloop
  endfacet
  facet normal -1.305262e-01 -0.000000e+00 -9.914449e-01
    outer loop
      vertex   4.176070e+01 8.000000e+00 8.129093e+00
      vertex   4.176070e+01 3.000000e+00 8.129093e+00
      vertex   4.143718e+01 8.000000e+00 8.171686e+00
    endloop
  endfacet
  facet normal -1.305262e-01 -0.000000e+00 -9.914449e-01
    outer loop
      vertex   4.143718e+01 8.000000e+00 8.171686e+00
      vertex   4.176070e+01 3.000000e+00 8.129093e+00
      vertex   4.143718e+01 3.000000e+00 8.171686e+00
    endloop
  endfacet
  facet normal 1.305262e-01 0.000000e+00 -9.914449e-01
    outer loop
      vertex   4.143718e+01 8.000000e+00 8.171686e+00
      vertex   4.143718e+01 3.000000e+00 8.171686e+00
      vertex   4.111365e+01 8.000000e+00 8.129093e+00
    endloop
  endfacet
  facet normal 1.305262e-01 3.522320e-16 -9.914449e-01
    outer loop
      vertex   4.111365e+01 8.000000e+00 8.129093e+00
      vertex   4.143718e+01 3.000000e+00 8.171686e+00
      vertex   4.111365e+01 3.000000e+00 8.129093e+00
    endloop
  endfacet
  facet normal 3.826834e-01 3.282279e-16 -9.238795e-01
    outer loop
      vertex   4.111365e+01 8.000000e+00 8.129093e+00
      vertex   4.111365e+01 3.000000e+00 8.129093e+00
      vertex   4.081218e+01 8.000000e+00 8.004218e+00
    endloop
  endfacet
  facet normal 3.826834e-01 0.000000e+00 -9.238795e-01
    outer loop
      vertex   4.081218e+01 8.000000e+00 8.004218e+00
      vertex   4.111365e+01 3.000000e+00 8.129093e+00
      vertex   4.081218e+01 3.000000e+00 8.004218e+00
    endloop
  endfacet
  facet normal 6.087614e-01 0.000000e+00 -7.933533e-01
    outer loop
      vertex   4.081218e+01 8.000000e+00 8.004218e+00
      vertex   4.081218e+01 3.000000e+00 8.004218e+00
      vertex   4.055329e+01 8.000000e+00 7.805569e+00
    endloop
  endfacet
  facet normal 6.087614e-01 1.409279e-16 -7.933533e-01
    outer loop
      vertex   4.055329e+01 8.000000e+00 7.805569e+00
      vertex   4.081218e+01 3.000000e+00 8.004218e+00
      vertex   4.055329e+01 3.000000e+00 7.805569e+00
    endloop
  endfacet
  facet normal 7.933533e-01 1.081378e-16 -6.087614e-01
    outer loop
      vertex   4.055329e+01 8.000000e+00 7.805569e+00
      vertex   4.055329e+01 3.000000e+00 7.805569e+00
      vertex   4.035464e+01 8.000000e+00 7.546686e+00
    endloop
  endfacet
  facet normal 7.933533e-01 0.000000e+00 -6.087614e-01
    outer loop
      vertex   4.035464e+01 8.000000e+00 7.546686e+00
      vertex   4.055329e+01 3.000000e+00 7.805569e+00
      vertex   4.035464e+01 3.000000e+00 7.546686e+00
    endloop
  endfacet
  facet normal 9.238795e-01 0.000000e+00 -3.826834e-01
    outer loop
      vertex   4.035464e+01 8.000000e+00 7.546686e+00
      vertex   4.035464e+01 3.000000e+00 7.546686e+00
      vertex   4.022977e+01 8.000000e+00 7.245210e+00
    endloop
  endfacet
  facet normal 9.238795e-01 0.000000e+00 -3.826834e-01
    outer loop
      vertex   4.022977e+01 8.000000e+00 7.245210e+00
      vertex   4.035464e+01 3.000000e+00 7.546686e+00
      vertex   4.022977e+01 3.000000e+00 7.245210e+00
    endloop
  endfacet
  facet normal 9.914449e-01 0.000000e+00 -1.305262e-01
    outer loop
      vertex   4.022977e+01 8.000000e+00 7.245210e+00
      vertex   4.022977e+01 3.000000e+00 7.245210e+00
      vertex   4.018718e+01 8.000000e+00 6.921686e+00
    endloop
  endfacet
  facet normal 9.914449e-01 0.000000e+00 -1.305262e-01
    outer loop
      vertex   4.018718e+01 8.000000e+00 6.921686e+00
      vertex   4.022977e+01 3.000000e+00 7.245210e+00
      vertex   4.018718e+01 3.000000e+00 6.921686e+00
    endloop
  endfacet
  facet normal 9.914449e-01 0.000000e+00 1.305262e-01
    outer loop
      vertex   4.018718e+01 8.000000e+00 6.921686e+00
      vertex   4.018718e+01 3.000000e+00 6.921686e+00
      vertex   4.022977e+01 8.000000e+00 6.598162e+00
    endloop
  endfacet
  facet normal 9.914449e-01 0.000000e+00 1.305262e-01
    outer loop
      vertex   4.022977e+01 8.000000e+00 6.598162e+00
      vertex   4.018718e+01 3.000000e+00 6.921686e+00
      vertex   4.022977e+01 3.000000e+00 6.598162e+00
    endloop
  endfacet
  facet normal 9.238795e-01 0.000000e+00 3.826834e-01
    outer loop
      vertex   4.022977e+01 8.000000e+00 6.598162e+00
      vertex   4.022977e+01 3.000000e+00 6.598162e+00
      vertex   4.035464e+01 8.000000e+00 6.296686e+00
    endloop
  endfacet
  facet normal 9.238795e-01 0.000000e+00 3.826834e-01
    outer loop
      vertex   4.035464e+01 8.000000e+00 6.296686e+00
      vertex   4.022977e+01 3.000000e+00 6.598162e+00
      vertex   4.035464e+01 3.000000e+00 6.296686e+00
    endloop
  endfacet
  facet normal 7.933533e-01 0.000000e+00 6.087614e-01
    outer loop
      vertex   4.035464e+01 8.000000e+00 6.296686e+00
      vertex   4.035464e+01 3.000000e+00 6.296686e+00
      vertex   4.055329e+01 8.000000e+00 6.037802e+00
    endloop
  endfacet
  facet normal 7.933533e-01 -1.081378e-16 6.087614e-01
    outer loop
      vertex   4.055329e+01 8.000000e+00 6.037802e+00
      vertex   4.035464e+01 3.000000e+00 6.296686e+00
      vertex   4.055329e+01 3.000000e+00 6.037802e+00
    endloop
  endfacet
  facet normal 6.087614e-01 -1.409279e-16 7.933533e-01
    outer loop
      vertex   4.055329e+01 8.000000e+00 6.037802e+00
      vertex   4.055329e+01 3.000000e+00 6.037802e+00
      vertex   4.081218e+01 8.000000e+00 5.839154e+00
    endloop
  endfacet
  facet normal 6.087614e-01 0.000000e+00 7.933533e-01
    outer loop
      vertex   4.081218e+01 8.000000e+00 5.839154e+00
      vertex   4.055329e+01 3.000000e+00 6.037802e+00
      vertex   4.081218e+01 3.000000e+00 5.839154e+00
    endloop
  endfacet
  facet normal 3.826834e-01 0.000000e+00 9.238795e-01
    outer loop
      vertex   4.081218e+01 8.000000e+00 5.839154e+00
      vertex   4.081218e+01 3.000000e+00 5.839154e+00
      vertex   4.111365e+01 8.000000e+00 5.714279e+00
    endloop
  endfacet
  facet normal 3.826834e-01 -1.641140e-16 9.238795e-01
    outer loop
      vertex   4.111365e+01 8.000000e+00 5.714279e+00
      vertex   4.081218e+01 3.000000e+00 5.839154e+00
      vertex   4.111365e+01 3.000000e+00 5.714279e+00
    endloop
  endfacet
  facet normal 1.305262e-01 -1.761160e-16 9.914449e-01
    outer loop
      vertex   4.111365e+01 8.000000e+00 5.714279e+00
      vertex   4.111365e+01 3.000000e+00 5.714279e+00
      vertex   4.143718e+01 8.000000e+00 5.671686e+00
    endloop
  endfacet
  facet normal 1.305262e-01 0.000000e+00 9.914449e-01
    outer loop
      vertex   4.143718e+01 8.000000e+00 5.671686e+00
      vertex   4.111365e+01 3.000000e+00 5.714279e+00
      vertex   4.143718e+01 3.000000e+00 5.671686e+00
    endloop
  endfacet
  facet normal -1.305262e-01 0.000000e+00 9.914449e-01
    outer loop
      vertex   4.143718e+01 8.000000e+00 5.671686e+00
      vertex   4.143718e+01 3.000000e+00 5.671686e+00
      vertex   4.176070e+01 8.000000e+00 5.714279e+00
    endloop
  endfacet
  facet normal -1.305262e-01 0.000000e+00 9.914449e-01
    outer loop
      vertex   4.176070e+01 8.000000e+00 5.714279e+00
      vertex   4.143718e+01 3.000000e+00 5.671686e+00
      vertex   4.176070e+01 3.000000e+00 5.714279e+00
    endloop
  endfacet
  facet normal -3.826834e-01 0.000000e+00 9.238795e-01
    outer loop
      vertex   4.176070e+01 8.000000e+00 5.714279e+00
      vertex   4.176070e+01 3.000000e+00 5.714279e+00
      vertex   4.206218e+01 8.000000e+00 5.839154e+00
    endloop
  endfacet
  facet normal -3.826834e-01 1.641140e-16 9.238795e-01
    outer loop
      vertex   4.206218e+01 8.000000e+00 5.839154e+00
      vertex   4.176070e+01 3.000000e+00 5.714279e+00
      vertex   4.206218e+01 3.000000e+00 5.839154e+00
    endloop
  endfacet
  facet normal -6.087614e-01 1.409279e-16 7.933533e-01
    outer loop
      vertex   4.206218e+01 8.000000e+00 5.839154e+00
      vertex   4.206218e+01 3.000000e+00 5.839154e+00
      vertex   4.232106e+01 8.000000e+00 6.037802e+00
    endloop
  endfacet
  facet normal -6.087614e-01 0.000000e+00 7.933533e-01
    outer loop
      vertex   4.232106e+01 8.000000e+00 6.037802e+00
      vertex   4.206218e+01 3.000000e+00 5.839154e+00
      vertex   4.232106e+01 3.000000e+00 6.037802e+00
    endloop
  endfacet
  facet normal -7.933533e-01 0.000000e+00 6.087614e-01
    outer loop
      vertex   4.232106e+01 8.000000e+00 6.037802e+00
      vertex   4.232106e+01 3.000000e+00 6.037802e+00
      vertex   4.251971e+01 8.000000e+00 6.296686e+00
    endloop
  endfacet
  facet normal -7.933533e-01 0.000000e+00 6.087614e-01
    outer loop
      vertex   4.251971e+01 8.000000e+00 6.296686e+00
      vertex   4.232106e+01 3.000000e+00 6.037802e+00
      vertex   4.251971e+01 3.000000e+00 6.296686e+00
    endloop
  endfacet
  facet normal -9.238795e-01 0.000000e+00 3.826834e-01
    outer loop
      vertex   4.251971e+01 8.000000e+00 6.296686e+00
      vertex   4.251971e+01 3.000000e+00 6.296686e+00
      vertex   4.264458e+01 8.000000e+00 6.598162e+00
    endloop
  endfacet
  facet normal -9.238795e-01 6.797823e-17 3.826834e-01
    outer loop
      vertex   4.264458e+01 8.000000e+00 6.598162e+00
      vertex   4.251971e+01 3.000000e+00 6.296686e+00
      vertex   4.264458e+01 3.000000e+00 6.598162e+00
    endloop
  endfacet
  facet normal -1.000000e+00 0.000000e+00 0.000000e+00
    outer loop
      vertex   3.843718e+01 3.000000e+00 3.921686e+00
      vertex   3.843718e+01 3.000000e+00 9.921686e+00
      vertex   3.843718e+01 8.000000e+00 3.921686e+00
    endloop
  endfacet
  facet normal -1.000000e+00 0.000000e+00 0.000000e+00
    outer loop
      vertex   3.843718e+01 8.000000e+00 3.921686e+00
      vertex   3.843718e+01 3.000000e+00 9.921686e+00
      vertex   3.843718e+01 8.000000e+00 9.921686e+00
    endloop
  endfacet
  facet normal 7.401487e-17 0.000000e+00 -1.000000e+00
    outer loop
      vertex   4.443718e+01 3.000000e+00 3.921686e+00
      vertex   3.843718e+01 3.000000e+00 3.921686e+00
      vertex   4.443718e+01 8.000000e+00 3.921686e+00
    endloop
  endfacet
  facet normal 7.401487e-17 0.000000e+00 -1.000000e+00
    outer loop
      vertex   4.443718e+01 8.000000e+00 3.921686e+00
      vertex   3.843718e+01 3.000000e+00 3.921686e+00
      vertex   3.843718e+01 8.000000e+00 3.921686e+00
    endloop
  endfacet
  facet normal 1.000000e+00 -0.000000e+00 0.000000e+00
    outer loop
      vertex   4.443718e+01 3.000000e+00 9.921686e+00
      vertex   4.443718e+01 3.000000e+00 3.921686e+00
      vertex   4.443718e+01 8.000000e+00 9.921686e+00
    endloop
  endfacet
  facet normal 1.000000e+00 0.000000e+00 0.000000e+00
    outer loop
      vertex   4.443718e+01 8.000000e+00 9.921686e+00
      vertex   4.443718e+01 3.000000e+00 3.921686e+00
      vertex   4.443718e+01 8.000000e+00 3.921686e+00
    endloop
  endfacet
  facet normal -0.000000e+00 1.000000e+00 0.000000e+00
    outer loop
      vertex   4.264458e+01 8.000000e+00 7.245210e+00
      vertex   4.443718e+01 8.000000e+00 9.921686e+00
      vertex   4.268718e+01 8.000000e+00 6.921686e+00
    endloop
  endfacet
  facet normal -0.000000e+00 1.000000e+00 0.000000e+00
    outer loop
      vertex   4.268718e+01 8.000000e+00 6.921686e+00
      vertex   4.443718e+01 8.000000e+00 9.921686e+00
      vertex   4.443718e+01 8.000000e+00 3.921686e+00
    endloop
  endfacet
  facet normal 0.000000e+00 1.000000e+00 0.000000e+00
    outer loop
      vertex   4.268718e+01 8.000000e+00 6.921686e+00
      vertex   4.443718e+01 8.000000e+00 3.921686e+00
      vertex   4.264458e+01 8.000000e+00 6.598162e+00
    endloop
  endfacet
  facet normal 0.000000e+00 1.000000e+00 0.000000e+00
    outer loop
      vertex   4.264458e+01 8.000000e+00 6.598162e+00
      vertex   4.443718e+01 8.000000e+00 3.921686e+00
      vertex   4.251971e+01 8.000000e+00 6.296686e+00
    endloop
  endfacet
  facet normal 0.000000e+00 1.000000e+00 0.000000e+00
    outer loop
      vertex   4.251971e+01 8.000000e+00 6.296686e+00
      vertex   4.443718e+01 8.000000e+00 3.921686e+00
      vertex   4.232106e+01 8.000000e+00 6.037802e+00
    endloop
  endfacet
  facet normal 0.000000e+00 1.000000e+00 0.000000e+00
    outer loop
      vertex   4.232106e+01 8.000000e+00 6.037802e+00
      vertex   4.443718e+01 8.000000e+00 3.921686e+00
      vertex   4.206218e+01 8.000000e+00 5.839154e+00
    endloop
  endfacet
  facet normal 0.000000e+00 1.000000e+00 0.000000e+00
    outer loop
      vertex   4.206218e+01 8.000000e+00 5.839154e+00
      vertex   4.443718e+01 8.000000e+00 3.921686e+00
      vertex   4.176070e+01 8.000000e+00 5.714279e+00
    endloop
  endfacet
  facet normal 0.000000e+00 1.000000e+00 0.000000e+00
    outer loop
      vertex   4.176070e+01 8.000000e+00 5.714279e+00
      vertex   4.443718e+01 8.000000e+00 3.921686e+00
      vertex   4.143718e+01 8.000000e+00 5.671686e+00
    endloop
  endfacet
  facet normal 0.000000e+00 1.000000e+00 0.000000e+00
    outer loop
      vertex   4.143718e+01 8.000000e+00 5.671686e+00
      vertex   4.443718e+01 8.000000e+00 3.921686e+00
      vertex   3.843718e+01 8.000000e+00 3.921686e+00
    endloop
  endfacet
  facet normal 0.000000e+00 1.000000e+00 0.000000e+00
    outer loop
      vertex   4.143718e+01 8.000000e+00 5.671686e+00
      vertex   3.843718e+01 8.000000e+00 3.921686e+00
      vertex   4.111365e+01 8.000000e+00 5.714279e+00
    endloop
  endfacet
  facet normal 0.000000e+00 1.000000e+00 0.000000e+00
    outer loop
      vertex   4.111365e+01 8.000000e+00 5.714279e+00
      vertex   3.843718e+01 8.000000e+00 3.921686e+00
      vertex   4.081218e+01 8.000000e+00 5.839154e+00
    endloop
  endfacet
  facet normal 0.000000e+00 1.000000e+00 0.000000e+00
    outer loop
      vertex   4.081218e+01 8.000000e+00 5.839154e+00
      vertex   3.843718e+01 8.000000e+00 3.921686e+00
      vertex   4.055329e+01 8.000000e+00 6.037802e+00
    endloop
  endfacet
  facet normal 0.000000e+00 1.000000e+00 0.000000e+00
    outer loop
      vertex   4.055329e+01 8.000000e+00 6.037802e+00
      vertex   3.843718e+01 8.000000e+00 3.921686e+00
      vertex   4.035464e+01 8.000000e+00 6.296686e+00
    endloop
  endfacet
  facet normal 0.000000e+00 1.000000e+00 0.000000e+00
    outer loop
      vertex   4.035464e+01 8.000000e+00 6.296686e+00
      vertex   3.843718e+01 8.000000e+00 3.921686e+00
      vertex   4.022977e+01 8.000000e+00 6.598162e+00
    endloop
  endfacet
  facet normal 0.000000e+00 1.000000e+00 0.000000e+00
    outer loop
      vertex   4.022977e+01 8.000000e+00 6.598162e+00
      vertex   3.843718e+01 8.000000e+00 3.921686e+00
      vertex   4.018718e+01 8.000000e+00 6.921686e+00
    endloop
  endfacet
  facet normal 0.000000e+00 1.000000e+00 0.000000e+00
    outer loop
      vertex   4.018718e+01 8.000000e+00 6.921686e+00
      vertex   3.843718e+01 8.000000e+00 3.921686e+00
      vertex   3.843718e+01 8.000000e+00 9.921686e+00
    endloop
  endfacet
  facet normal 0.000000e+00 1.000000e+00 -0.000000e+00
    outer loop
      vertex   4.018718e+01 8.000000e+00 6.921686e+00
      vertex   3.843718e+01 8.000000e+00 9.921686e+00
      vertex   4.022977e+01 8.000000e+00 7.245210e+00
    endloop
  endfacet
  facet normal 0.000000e+00 1.000000e+00 -0.000000e+00
    outer loop
      vertex   4.022977e+01 8.000000e+00 7.245210e+00
      vertex   3.843718e+01 8.000000e+00 9.921686e+00
      vertex   4.035464e+01 8.000000e+00 7.546686e+00
    endloop
  endfacet
  facet normal 0.000000e+00 1.000000e+00 -0.000000e+00
    outer loop
      vertex   4.035464e+01 8.000000e+00 7.546686e+00
      vertex   3.843718e+01 8.000000e+00 9.921686e+00
      vertex   4.055329e+01 8.000000e+00 7.805569e+00
    endloop
  endfacet
  facet normal 0.000000e+00 1.000000e+00 -0.000000e+00
    outer loop
      vertex   4.055329e+01 8.000000e+00 7.805569e+00
      vertex   3.843718e+01 8.000000e+00 9.921686e+00
      vertex   4.081218e+01 8.000000e+00 8.004218e+00
    endloop
  endfacet
  facet normal 0.000000e+00 1.000000e+00 -0.000000e+00
    outer loop
      vertex   4.081218e+01 8.000000e+00 8.004218e+00
      vertex   3.843718e+01 8.000000e+00 9.921686e+00
      vertex   4.111365e+01 8.000000e+00 8.129093e+00
    endloop
  endfacet
  facet normal 0.000000e+00 1.000000e+00 -0.000000e+00
    outer loop
      vertex   4.111365e+01 8.000000e+00 8.129093e+00
      vertex   3.843718e+01 8.000000e+00 9.921686e+00
      vertex   4.143718e+01 8.000000e+00 8.171686e+00
    endloop
  endfacet
  facet normal 0.000000e+00 1.000000e+00 -0.000000e+00
    outer loop
      vertex   4.143718e+01 8.000000e+00 8.171686e+00
      vertex   3.843718e+01 8.000000e+00 9.921686e+00
      vertex   4.443718e+01 8.000000e+00 9.921686e+00
    endloop
  endfacet
  facet normal -0.000000e+00 1.000000e+00 0.000000e+00
    outer loop
      vertex   4.143718e+01 8.000000e+00 8.171686e+00
      vertex   4.443718e+01 8.000000e+00 9.921686e+00
      vertex   4.176070e+01 8.000000e+00 8.129093e+00
    endloop
  endfacet
  facet normal -0.000000e+00 1.000000e+00 0.000000e+00
    outer loop
      vertex   4.176070e+01 8.000000e+00 8.129093e+00
      vertex   4.443718e+01 8.000000e+00 9.921686e+00
      vertex   4.206218e+01 8.000000e+00 8.004218e+00
    endloop
  endfacet
  facet normal -0.000000e+00 1.000000e+00 0.000000e+00
    outer loop
      vertex   4.206218e+01 8.000000e+00 8.004218e+00
      vertex   4.443718e+01 8.000000e+00 9.921686e+00
      vertex   4.232106e+01 8.000000e+00 7.805569e+00
    endloop
  endfacet
  facet normal -0.000000e+00 1.000000e+00 0.000000e+00
    outer loop
      vertex   4.232106e+01 8.000000e+00 7.805569e+00
      vertex   4.443718e+01 8.000000e+00 9.921686e+00
      vertex   4.251971e+01 8.000000e+00 7.546686e+00
    endloop
  endfacet
  facet normal -0.000000e+00 1.000000e+00 0.000000e+00
    outer loop
      vertex   4.251971e+01 8.000000e+00 7.546686e+00
      vertex   4.443718e+01 8.000000e+00 9.921686e+00
      vertex   4.264458e+01 8.000000e+00 7.245210e+00
    endloop
  endfacet
  facet normal 0.000000e+00 1.000000e+00 -0.000000e+00
    outer loop
      vertex   7.095481e+01 3.000000e+00 -5.664646e+01
      vertex   7.043718e+01 3.000000e+00 -5.657831e+01
      vertex   7.543718e+01 3.000000e+00 -3.407831e+01
    endloop
  endfacet
  facet normal 0.000000e+00 1.000000e+00 0.000000e+00
    outer loop
      vertex   7.543718e+01 3.000000e+00 -3.407831e+01
      vertex   7.043718e+01 3.000000e+00 -5.657831e+01
      vertex   6.743718e+01 3.000000e+00 -5.657831e+01
    endloop
  endfacet
  facet normal 0.000000e+00 1.000000e+00 0.000000e+00
    outer loop
      vertex   7.543718e+01 3.000000e+00 -3.407831e+01
      vertex   6.743718e+01 3.000000e+00 -5.657831e+01
      vertex   6.691954e+01 3.000000e+00 -5.664646e+01
    endloop
  endfacet
  facet normal 0.000000e+00 1.000000e+00 -0.000000e+00
    outer loop
      vertex   6.691954e+01 3.000000e+00 -5.664646e+01
      vertex   6.643718e+01 3.000000e+00 -5.684626e+01
      vertex   7.543718e+01 3.000000e+00 -3.407831e+01
    endloop
  endfacet
  facet normal 0.000000e+00 1.000000e+00 0.000000e+00
    outer loop
      vertex   7.543718e+01 3.000000e+00 -3.407831e+01
      vertex   6.643718e+01 3.000000e+00 -5.684626e+01
      vertex   6.243718e+01 3.000000e+00 -5.907831e+01
    endloop
  endfacet
  facet normal 0.000000e+00 1.000000e+00 0.000000e+00
    outer loop
      vertex   7.543718e+01 3.000000e+00 -3.407831e+01
      vertex   6.243718e+01 3.000000e+00 -5.907831e+01
      vertex   3.343718e+01 3.000000e+00 -3.407831e+01
    endloop
  endfacet
  facet normal 0.000000e+00 1.000000e+00 0.000000e+00
    outer loop
      vertex   3.343718e+01 3.000000e+00 -3.407831e+01
      vertex   6.243718e+01 3.000000e+00 -5.907831e+01
      vertex   2.043718e+01 3.000000e+00 -5.907831e+01
    endloop
  endfacet
  facet normal 0.000000e+00 1.000000e+00 0.000000e+00
    outer loop
      vertex   3.343718e+01 3.000000e+00 -3.407831e+01
      vertex   2.043718e+01 3.000000e+00 -5.907831e+01
      vertex   3.143718e+01 3.000000e+00 -3.407831e+01
    endloop
  endfacet
  facet normal 0.000000e+00 1.000000e+00 0.000000e+00
    outer loop
      vertex   3.143718e+01 3.000000e+00 -3.407831e+01
      vertex   2.043718e+01 3.000000e+00 -5.907831e+01
      vertex   2.092518e+01 3.000000e+00 -2.525714e+01
    endloop
  endfacet
  facet normal 0.000000e+00 1.000000e+00 0.000000e+00
    outer loop
      vertex   3.143718e+01 3.000000e+00 -3.407831e+01
      vertex   2.092518e+01 3.000000e+00 -2.525714e+01
      vertex   2.194917e+01 3.000000e+00 -2.525714e+01
    endloop
  endfacet
  facet normal 0.000000e+00 1.000000e+00 0.000000e+00
    outer loop
      vertex   6.643718e+01 3.000000e+00 -5.684626e+01
      vertex   6.602296e+01 3.000000e+00 -5.716410e+01
      vertex   6.243718e+01 3.000000e+00 -5.907831e+01
    endloop
  endfacet
  facet normal 0.000000e+00 1.000000e+00 0.000000e+00
    outer loop
      vertex   6.243718e+01 3.000000e+00 -5.907831e+01
      vertex   6.602296e+01 3.000000e+00 -5.716410e+01
      vertex   6.570512e+01 3.000000e+00 -5.757831e+01
    endloop
  endfacet
  facet normal 0.000000e+00 1.000000e+00 0.000000e+00
    outer loop
      vertex   6.243718e+01 3.000000e+00 -5.907831e+01
      vertex   6.570512e+01 3.000000e+00 -5.757831e+01
      vertex   6.550532e+01 3.000000e+00 -5.806068e+01
    endloop
  endfacet
  facet normal 0.000000e+00 1.000000e+00 0.000000e+00
    outer loop
      vertex   6.550532e+01 3.000000e+00 -5.806068e+01
      vertex   6.543718e+01 3.000000e+00 -5.857831e+01
      vertex   6.243718e+01 3.000000e+00 -5.907831e+01
    endloop
  endfacet
  facet normal -0.000000e+00 1.000000e+00 0.000000e+00
    outer loop
      vertex   6.243718e+01 3.000000e+00 -5.907831e+01
      vertex   6.543718e+01 3.000000e+00 -5.857831e+01
      vertex   6.543718e+01 3.000000e+00 -6.157831e+01
    endloop
  endfacet
  facet normal 0.000000e+00 1.000000e+00 0.000000e+00
    outer loop
      vertex   6.243718e+01 3.000000e+00 -5.907831e+01
      vertex   6.543718e+01 3.000000e+00 -6.157831e+01
      vertex   6.550532e+01 3.000000e+00 -6.209595e+01
    endloop
  endfacet
  facet normal 0.000000e+00 1.000000e+00 0.000000e+00
    outer loop
      vertex   6.550532e+01 3.000000e+00 -6.209595e+01
      vertex   6.570512e+01 3.000000e+00 -6.257831e+01
      vertex   6.243718e+01 3.000000e+00 -5.907831e+01
    endloop
  endfacet
  facet normal 0.000000e+00 1.000000e+00 0.000000e+00
    outer loop
      vertex   6.243718e+01 3.000000e+00 -5.907831e+01
      vertex   6.570512e+01 3.000000e+00 -6.257831e+01
      vertex   6.570512e+01 3.000000e+00 -8.757831e+01
    endloop
  endfacet
  facet normal 0.000000e+00 1.000000e+00 0.000000e+00
    outer loop
      vertex   6.243718e+01 3.000000e+00 -5.907831e+01
      vertex   6.570512e+01 3.000000e+00 -8.757831e+01
      vertex   6.243718e+01 3.000000e+00 -9.107831e+01
    endloop
  endfacet
  facet normal 0.000000e+00 1.000000e+00 0.000000e+00
    outer loop
      vertex   6.243718e+01 3.000000e+00 -9.107831e+01
      vertex   6.570512e+01 3.000000e+00 -8.757831e+01
      vertex   6.550532e+01 3.000000e+00 -8.806068e+01
    endloop
  endfacet
  facet normal 0.000000e+00 1.000000e+00 0.000000e+00
    outer loop
      vertex   6.243718e+01 3.000000e+00 -9.107831e+01
      vertex   6.550532e+01 3.000000e+00 -8.806068e+01
      vertex   6.543718e+01 3.000000e+00 -8.857831e+01
    endloop
  endfacet
  facet normal 0.000000e+00 1.000000e+00 0.000000e+00
    outer loop
      vertex   6.570512e+01 3.000000e+00 -8.757831e+01
      vertex   6.570512e+01 3.000000e+00 -6.257831e+01
      vertex   6.602296e+01 3.000000e+00 -8.716410e+01
    endloop
  endfacet
  facet normal 0.000000e+00 1.000000e+00 -0.000000e+00
    outer loop
      vertex   6.602296e+01 3.000000e+00 -8.716410e+01
      vertex   6.570512e+01 3.000000e+00 -6.257831e+01
      vertex   6.602296e+01 3.000000e+00 -6.299253e+01
    endloop
  endfacet
  facet normal 0.000000e+00 1.000000e+00 0.000000e+00
    outer loop
      vertex   6.602296e+01 3.000000e+00 -8.716410e+01
      vertex   6.602296e+01 3.000000e+00 -6.299253e+01
      vertex   6.643718e+01 3.000000e+00 -8.684626e+01
    endloop
  endfacet
  facet normal 0.000000e+00 1.000000e+00 -0.000000e+00
    outer loop
      vertex   6.643718e+01 3.000000e+00 -8.684626e+01
      vertex   6.602296e+01 3.000000e+00 -6.299253e+01
      vertex   6.643718e+01 3.000000e+00 -6.331036e+01
    endloop
  endfacet
  facet normal 0.000000e+00 1.000000e+00 0.000000e+00
    outer loop
      vertex   6.643718e+01 3.000000e+00 -8.684626e+01
      vertex   6.643718e+01 3.000000e+00 -6.331036e+01
      vertex   6.691954e+01 3.000000e+00 -8.664646e+01
    endloop
  endfacet
  facet normal 0.000000e+00 1.000000e+00 -0.000000e+00
    outer loop
      vertex   6.691954e+01 3.000000e+00 -8.664646e+01
      vertex   6.643718e+01 3.000000e+00 -6.331036e+01
      vertex   6.691954e+01 3.000000e+00 -6.351017e+01
    endloop
  endfacet
  facet normal 0.000000e+00 1.000000e+00 0.000000e+00
    outer loop
      vertex   6.691954e+01 3.000000e+00 -8.664646e+01
      vertex   6.691954e+01 3.000000e+00 -6.351017e+01
      vertex   6.743718e+01 3.000000e+00 -8.657831e+01
    endloop
  endfacet
  facet normal 0.000000e+00 1.000000e+00 -0.000000e+00
    outer loop
      vertex   6.743718e+01 3.000000e+00 -8.657831e+01
      vertex   6.691954e+01 3.000000e+00 -6.351017e+01
      vertex   6.743718e+01 3.000000e+00 -6.357831e+01
    endloop
  endfacet
  facet normal 0.000000e+00 1.000000e+00 0.000000e+00
    outer loop
      vertex   6.743718e+01 3.000000e+00 -8.657831e+01
      vertex   6.743718e+01 3.000000e+00 -6.357831e+01
      vertex   7.043718e+01 3.000000e+00 -8.657831e+01
    endloop
  endfacet
  facet normal 0.000000e+00 1.000000e+00 -0.000000e+00
    outer loop
      vertex   7.043718e+01 3.000000e+00 -8.657831e+01
      vertex   6.743718e+01 3.000000e+00 -6.357831e+01
      vertex   7.043718e+01 3.000000e+00 -6.357831e+01
    endloop
  endfacet
  facet normal -0.000000e+00 1.000000e+00 0.000000e+00
    outer loop
      vertex   7.043718e+01 3.000000e+00 -8.657831e+01
      vertex   7.043718e+01 3.000000e+00 -6.357831e+01
      vertex   7.095481e+01 3.000000e+00 -8.664646e+01
    endloop
  endfacet
  facet normal 0.000000e+00 1.000000e+00 -0.000000e+00
    outer loop
      vertex   7.095481e+01 3.000000e+00 -8.664646e+01
      vertex   7.043718e+01 3.000000e+00 -6.357831e+01
      vertex   7.095481e+01 3.000000e+00 -6.351017e+01
    endloop
  endfacet
  facet normal -0.000000e+00 1.000000e+00 0.000000e+00
    outer loop
      vertex   7.095481e+01 3.000000e+00 -8.664646e+01
      vertex   7.095481e+01 3.000000e+00 -6.351017e+01
      vertex   7.143718e+01 3.000000e+00 -8.684626e+01
    endloop
  endfacet
  facet normal 0.000000e+00 1.000000e+00 -0.000000e+00
    outer loop
      vertex   7.143718e+01 3.000000e+00 -8.684626e+01
      vertex   7.095481e+01 3.000000e+00 -6.351017e+01
      vertex   7.143718e+01 3.000000e+00 -6.331036e+01
    endloop
  endfacet
  facet normal -0.000000e+00 1.000000e+00 0.000000e+00
    outer loop
      vertex   7.143718e+01 3.000000e+00 -8.684626e+01
      vertex   7.143718e+01 3.000000e+00 -6.331036e+01
      vertex   7.185139e+01 3.000000e+00 -8.716410e+01
    endloop
  endfacet
  facet normal 0.000000e+00 1.000000e+00 -0.000000e+00
    outer loop
      vertex   7.185139e+01 3.000000e+00 -8.716410e+01
      vertex   7.143718e+01 3.000000e+00 -6.331036e+01
      vertex   7.185139e+01 3.000000e+00 -6.299253e+01
    endloop
  endfacet
  facet normal -0.000000e+00 1.000000e+00 0.000000e+00
    outer loop
      vertex   7.185139e+01 3.000000e+00 -8.716410e+01
      vertex   7.185139e+01 3.000000e+00 -6.299253e+01
      vertex   7.216923e+01 3.000000e+00 -8.757831e+01
    endloop
  endfacet
  facet normal 0.000000e+00 1.000000e+00 -0.000000e+00
    outer loop
      vertex   7.216923e+01 3.000000e+00 -8.757831e+01
      vertex   7.185139e+01 3.000000e+00 -6.299253e+01
      vertex   7.216923e+01 3.000000e+00 -6.257831e+01
    endloop
  endfacet
  facet normal -0.000000e+00 1.000000e+00 0.000000e+00
    outer loop
      vertex   7.216923e+01 3.000000e+00 -8.757831e+01
      vertex   7.216923e+01 3.000000e+00 -6.257831e+01
      vertex   8.243718e+01 3.000000e+00 -9.507831e+01
    endloop
  endfacet
  facet normal 0.000000e+00 1.000000e+00 0.000000e+00
    outer loop
      vertex   8.243718e+01 3.000000e+00 -9.507831e+01
      vertex   7.216923e+01 3.000000e+00 -6.257831e+01
      vertex   7.236903e+01 3.000000e+00 -6.209595e+01
    endloop
  endfacet
  facet normal 0.000000e+00 1.000000e+00 0.000000e+00
    outer loop
      vertex   8.243718e+01 3.000000e+00 -9.507831e+01
      vertex   7.236903e+01 3.000000e+00 -6.209595e+01
      vertex   7.243718e+01 3.000000e+00 -6.157831e+01
    endloop
  endfacet
  facet normal -0.000000e+00 1.000000e+00 0.000000e+00
    outer loop
      vertex   7.243718e+01 3.000000e+00 -6.157831e+01
      vertex   7.243718e+01 3.000000e+00 -5.857831e+01
      vertex   8.243718e+01 3.000000e+00 -9.507831e+01
    endloop
  endfacet
  facet normal 0.000000e+00 1.000000e+00 0.000000e+00
    outer loop
      vertex   8.243718e+01 3.000000e+00 -9.507831e+01
      vertex   7.243718e+01 3.000000e+00 -5.857831e+01
      vertex   7.743718e+01 3.000000e+00 -3.407831e+01
    endloop
  endfacet
  facet normal 0.000000e+00 1.000000e+00 -0.000000e+00
    outer loop
      vertex   8.243718e+01 3.000000e+00 -9.507831e+01
      vertex   7.743718e+01 3.000000e+00 -3.407831e+01
      vertex   8.243718e+01 3.000000e+00 4.921686e+00
    endloop
  endfacet
  facet normal 0.000000e+00 1.000000e+00 0.000000e+00
    outer loop
      vertex   8.243718e+01 3.000000e+00 4.921686e+00
      vertex   7.743718e+01 3.000000e+00 -3.407831e+01
      vertex   7.743718e+01 3.000000e+00 -1.007831e+01
    endloop
  endfacet
  facet normal 0.000000e+00 1.000000e+00 0.000000e+00
    outer loop
      vertex   8.243718e+01 3.000000e+00 4.921686e+00
      vertex   7.743718e+01 3.000000e+00 -1.007831e+01
      vertex   7.743718e+01 3.000000e+00 9.921686e+00
    endloop
  endfacet
  facet normal 0.000000e+00 1.000000e+00 0.000000e+00
    outer loop
      vertex   7.743718e+01 3.000000e+00 9.921686e+00
      vertex   7.743718e+01 3.000000e+00 -1.007831e+01
      vertex   4.443718e+01 3.000000e+00 3.921686e+00
    endloop
  endfacet
  facet normal 0.000000e+00 1.000000e+00 0.000000e+00
    outer loop
      vertex   7.743718e+01 3.000000e+00 9.921686e+00
      vertex   4.443718e+01 3.000000e+00 3.921686e+00
      vertex   4.443718e+01 3.000000e+00 9.921686e+00
    endloop
  endfacet
  facet normal 0.000000e+00 1.000000e+00 -0.000000e+00
    outer loop
      vertex   7.243718e+01 3.000000e+00 -5.857831e+01
      vertex   7.236903e+01 3.000000e+00 -5.806068e+01
      vertex   7.743718e+01 3.000000e+00 -3.407831e+01
    endloop
  endfacet
  facet normal 0.000000e+00 1.000000e+00 0.000000e+00
    outer loop
      vertex   7.743718e+01 3.000000e+00 -3.407831e+01
      vertex   7.236903e+01 3.000000e+00 -5.806068e+01
      vertex   7.216923e+01 3.000000e+00 -5.757831e+01
    endloop
  endfacet
  facet normal 0.000000e+00 1.000000e+00 0.000000e+00
    outer loop
      vertex   7.743718e+01 3.000000e+00 -3.407831e+01
      vertex   7.216923e+01 3.000000e+00 -5.757831e+01
      vertex   7.185139e+01 3.000000e+00 -5.716410e+01
    endloop
  endfacet
  facet normal 0.000000e+00 1.000000e+00 0.000000e+00
    outer loop
      vertex   7.743718e+01 3.000000e+00 -3.407831e+01
      vertex   7.185139e+01 3.000000e+00 -5.716410e+01
      vertex   7.543718e+01 3.000000e+00 -3.407831e+01
    endloop
  endfacet
  facet normal 0.000000e+00 1.000000e+00 0.000000e+00
    outer loop
      vertex   7.543718e+01 3.000000e+00 -3.407831e+01
      vertex   7.185139e+01 3.000000e+00 -5.716410e+01
      vertex   7.143718e+01 3.000000e+00 -5.684626e+01
    endloop
  endfacet
  facet normal 0.000000e+00 1.000000e+00 0.000000e+00
    outer loop
      vertex   7.543718e+01 3.000000e+00 -3.407831e+01
      vertex   7.143718e+01 3.000000e+00 -5.684626e+01
      vertex   7.095481e+01 3.000000e+00 -5.664646e+01
    endloop
  endfacet
  facet normal 8.270163e-10 1.000000e+00 -3.787372e-09
    outer loop
      vertex   6.000000e+01 3.000000e+00 -9.685858e+01
      vertex   4.500000e+01 3.000000e+00 -9.422432e+01
      vertex   6.000000e+01 3.000000e+00 -9.422432e+01
    endloop
  endfacet
  facet normal 8.270163e-10 1.000000e+00 -4.583858e-09
    outer loop
      vertex   6.000000e+01 3.000000e+00 -9.422432e+01
      vertex   4.500000e+01 3.000000e+00 -9.422432e+01
      vertex   6.243718e+01 3.000000e+00 -9.107831e+01
    endloop
  endfacet
  facet normal -2.067541e-09 1.000000e+00 -2.341475e-09
    outer loop
      vertex   6.000000e+01 3.000000e+00 -9.422432e+01
      vertex   6.243718e+01 3.000000e+00 -9.107831e+01
      vertex   6.600000e+01 3.000000e+00 -9.422432e+01
    endloop
  endfacet
  facet normal 0.000000e+00 1.000000e+00 0.000000e+00
    outer loop
      vertex   6.600000e+01 3.000000e+00 -9.422432e+01
      vertex   6.243718e+01 3.000000e+00 -9.107831e+01
      vertex   6.570512e+01 3.000000e+00 -9.257831e+01
    endloop
  endfacet
  facet normal 0.000000e+00 1.000000e+00 -0.000000e+00
    outer loop
      vertex   6.600000e+01 3.000000e+00 -9.422432e+01
      vertex   6.570512e+01 3.000000e+00 -9.257831e+01
      vertex   6.602296e+01 3.000000e+00 -9.299253e+01
    endloop
  endfacet
  facet normal -3.730361e-09 1.000000e+00 -1.325102e-08
    outer loop
      vertex   6.600000e+01 3.000000e+00 -9.685858e+01
      vertex   7.743718e+01 3.000000e+00 -1.000783e+02
      vertex   6.000000e+01 3.000000e+00 -9.685858e+01
    endloop
  endfacet
  facet normal 1.492145e-09 1.000000e+00 1.503258e-08
    outer loop
      vertex   6.000000e+01 3.000000e+00 -9.685858e+01
      vertex   7.743718e+01 3.000000e+00 -1.000783e+02
      vertex   4.500000e+01 3.000000e+00 -9.685858e+01
    endloop
  endfacet
  facet normal 1.492145e-09 1.000000e+00 1.685823e-16
    outer loop
      vertex   6.000000e+01 3.000000e+00 -9.685858e+01
      vertex   4.500000e+01 3.000000e+00 -9.685858e+01
      vertex   4.500000e+01 3.000000e+00 -9.422432e+01
    endloop
  endfacet
  facet normal -0.000000e+00 1.000000e+00 0.000000e+00
    outer loop
      vertex   6.600000e+01 3.000000e+00 -9.422432e+01
      vertex   6.743718e+01 3.000000e+00 -9.357831e+01
      vertex   6.600000e+01 3.000000e+00 -9.685858e+01
    endloop
  endfacet
  facet normal 0.000000e+00 1.000000e+00 0.000000e+00
    outer loop
      vertex   6.600000e+01 3.000000e+00 -9.685858e+01
      vertex   6.743718e+01 3.000000e+00 -9.357831e+01
      vertex   7.043718e+01 3.000000e+00 -9.357831e+01
    endloop
  endfacet
  facet normal -0.000000e+00 1.000000e+00 0.000000e+00
    outer loop
      vertex   6.600000e+01 3.000000e+00 -9.685858e+01
      vertex   7.043718e+01 3.000000e+00 -9.357831e+01
      vertex   7.743718e+01 3.000000e+00 -1.000783e+02
    endloop
  endfacet
  facet normal 0.000000e+00 1.000000e+00 0.000000e+00
    outer loop
      vertex   7.743718e+01 3.000000e+00 -1.000783e+02
      vertex   7.043718e+01 3.000000e+00 -9.357831e+01
      vertex   7.095481e+01 3.000000e+00 -9.351017e+01
    endloop
  endfacet
  facet normal 0.000000e+00 1.000000e+00 0.000000e+00
    outer loop
      vertex   7.743718e+01 3.000000e+00 -1.000783e+02
      vertex   7.095481e+01 3.000000e+00 -9.351017e+01
      vertex   7.143718e+01 3.000000e+00 -9.331036e+01
    endloop
  endfacet
  facet normal 6.543482e-12 1.000000e+00 8.207169e-25
    outer loop
      vertex   2.100000e+01 3.000000e+00 -9.422432e+01
      vertex   3.900000e+01 3.000000e+00 -9.685858e+01
      vertex   2.100000e+01 3.000000e+00 -9.685858e+01
    endloop
  endfacet
  facet normal 6.543482e-12 1.000000e+00 -6.820983e-11
    outer loop
      vertex   2.100000e+01 3.000000e+00 -9.685858e+01
      vertex   3.900000e+01 3.000000e+00 -9.685858e+01
      vertex   5.437175e+00 3.000000e+00 -1.000783e+02
    endloop
  endfacet
  facet normal 6.543432e-12 1.000000e+00 -6.820959e-11
    outer loop
      vertex   2.100000e+01 3.000000e+00 -9.685858e+01
      vertex   5.437175e+00 3.000000e+00 -1.000783e+02
      vertex   1.500000e+01 3.000000e+00 -9.685858e+01
    endloop
  endfacet
  facet normal -2.216215e-11 1.000000e+00 1.704780e-11
    outer loop
      vertex   1.500000e+01 3.000000e+00 -9.685858e+01
      vertex   5.437175e+00 3.000000e+00 -1.000783e+02
      vertex   1.043718e+01 3.000000e+00 -9.357831e+01
    endloop
  endfacet
  facet normal 0.000000e+00 1.000000e+00 4.787521e-11
    outer loop
      vertex   1.500000e+01 3.000000e+00 -9.685858e+01
      vertex   1.043718e+01 3.000000e+00 -9.357831e+01
      vertex   1.143718e+01 3.000000e+00 -9.357831e+01
    endloop
  endfacet
  facet normal 6.543432e-12 1.000000e+00 3.860947e-11
    outer loop
      vertex   1.500000e+01 3.000000e+00 -9.422432e+01
      vertex   2.043718e+01 3.000000e+00 -9.107831e+01
      vertex   2.100000e+01 3.000000e+00 -9.422432e+01
    endloop
  endfacet
  facet normal 6.543482e-12 1.000000e+00 3.860948e-11
    outer loop
      vertex   2.100000e+01 3.000000e+00 -9.422432e+01
      vertex   2.043718e+01 3.000000e+00 -9.107831e+01
      vertex   3.900000e+01 3.000000e+00 -9.422432e+01
    endloop
  endfacet
  facet normal 6.543482e-12 1.000000e+00 8.111891e-25
    outer loop
      vertex   2.100000e+01 3.000000e+00 -9.422432e+01
      vertex   3.900000e+01 3.000000e+00 -9.422432e+01
      vertex   3.900000e+01 3.000000e+00 -9.685858e+01
    endloop
  endfacet
  facet normal -6.127741e-11 1.000000e+00 -7.685726e-24
    outer loop
      vertex   1.500000e+01 3.000000e+00 -9.685858e+01
      vertex   1.243718e+01 3.000000e+00 -9.331036e+01
      vertex   1.500000e+01 3.000000e+00 -9.422432e+01
    endloop
  endfacet
  facet normal -4.183459e-11 1.000000e+00 5.451990e-11
    outer loop
      vertex   1.500000e+01 3.000000e+00 -9.422432e+01
      vertex   1.243718e+01 3.000000e+00 -9.331036e+01
      vertex   1.285139e+01 3.000000e+00 -9.299253e+01
    endloop
  endfacet
  facet normal -5.076070e-11 1.000000e+00 3.895006e-11
    outer loop
      vertex   1.500000e+01 3.000000e+00 -9.422432e+01
      vertex   1.285139e+01 3.000000e+00 -9.299253e+01
      vertex   1.316923e+01 3.000000e+00 -9.257831e+01
    endloop
  endfacet
  facet normal 0.000000e+00 1.000000e+00 0.000000e+00
    outer loop
      vertex   5.437175e+00 3.000000e+00 -1.000783e+02
      vertex   3.900000e+01 3.000000e+00 -9.685858e+01
      vertex   7.743718e+01 3.000000e+00 -1.000783e+02
    endloop
  endfacet
  facet normal -7.401487e-17 1.000000e+00 -8.835884e-16
    outer loop
      vertex   7.743718e+01 3.000000e+00 -1.000783e+02
      vertex   3.900000e+01 3.000000e+00 -9.685858e+01
      vertex   4.500000e+01 3.000000e+00 -9.685858e+01
    endloop
  endfacet
  facet normal 0.000000e+00 1.000000e+00 -0.000000e+00
    outer loop
      vertex   4.500000e+01 3.000000e+00 -9.422432e+01
      vertex   3.900000e+01 3.000000e+00 -9.422432e+01
      vertex   6.243718e+01 3.000000e+00 -9.107831e+01
    endloop
  endfacet
  facet normal 0.000000e+00 1.000000e+00 0.000000e+00
    outer loop
      vertex   6.243718e+01 3.000000e+00 -9.107831e+01
      vertex   3.900000e+01 3.000000e+00 -9.422432e+01
      vertex   2.043718e+01 3.000000e+00 -9.107831e+01
    endloop
  endfacet
  facet normal 0.000000e+00 1.000000e+00 -0.000000e+00
    outer loop
      vertex   2.043718e+01 3.000000e+00 -9.107831e+01
      vertex   1.343718e+01 3.000000e+00 -5.857831e+01
      vertex   2.043718e+01 3.000000e+00 -5.907831e+01
    endloop
  endfacet
  facet normal 0.000000e+00 1.000000e+00 0.000000e+00
    outer loop
      vertex   2.043718e+01 3.000000e+00 -5.907831e+01
      vertex   1.343718e+01 3.000000e+00 -5.857831e+01
      vertex   1.336903e+01 3.000000e+00 -5.806068e+01
    endloop
  endfacet
  facet normal 0.000000e+00 1.000000e+00 0.000000e+00
    outer loop
      vertex   2.043718e+01 3.000000e+00 -5.907831e+01
      vertex   1.336903e+01 3.000000e+00 -5.806068e+01
      vertex   1.316923e+01 3.000000e+00 -5.757831e+01
    endloop
  endfacet
  facet normal -0.000000e+00 1.000000e+00 0.000000e+00
    outer loop
      vertex   5.437175e+00 3.000000e+00 9.921686e+00
      vertex   3.843718e+01 3.000000e+00 9.921686e+00
      vertex   2.194917e+01 3.000000e+00 -1.289949e+01
    endloop
  endfacet
  facet normal 0.000000e+00 1.000000e+00 0.000000e+00
    outer loop
      vertex   2.194917e+01 3.000000e+00 -1.289949e+01
      vertex   3.843718e+01 3.000000e+00 9.921686e+00
      vertex   3.843718e+01 3.000000e+00 3.921686e+00
    endloop
  endfacet
  facet normal 0.000000e+00 1.000000e+00 0.000000e+00
    outer loop
      vertex   2.194917e+01 3.000000e+00 -1.289949e+01
      vertex   3.843718e+01 3.000000e+00 3.921686e+00
      vertex   3.143718e+01 3.000000e+00 -1.007831e+01
    endloop
  endfacet
  facet normal 0.000000e+00 1.000000e+00 0.000000e+00
    outer loop
      vertex   3.143718e+01 3.000000e+00 -1.007831e+01
      vertex   3.843718e+01 3.000000e+00 3.921686e+00
      vertex   4.443718e+01 3.000000e+00 3.921686e+00
    endloop
  endfacet
  facet normal 0.000000e+00 1.000000e+00 0.000000e+00
    outer loop
      vertex   3.143718e+01 3.000000e+00 -1.007831e+01
      vertex   4.443718e+01 3.000000e+00 3.921686e+00
      vertex   7.743718e+01 3.000000e+00 -1.007831e+01
    endloop
  endfacet
  facet normal 0.000000e+00 1.000000e+00 0.000000e+00
    outer loop
      vertex   7.743718e+01 3.000000e+00 9.921686e+00
      vertex   7.830542e+01 3.000000e+00 9.845725e+00
      vertex   8.243718e+01 3.000000e+00 4.921686e+00
    endloop
  endfacet
  facet normal 0.000000e+00 1.000000e+00 0.000000e+00
    outer loop
      vertex   8.243718e+01 3.000000e+00 4.921686e+00
      vertex   7.830542e+01 3.000000e+00 9.845725e+00
      vertex   7.914728e+01 3.000000e+00 9.620149e+00
    endloop
  endfacet
  facet normal 0.000000e+00 1.000000e+00 0.000000e+00
    outer loop
      vertex   8.243718e+01 3.000000e+00 4.921686e+00
      vertex   7.914728e+01 3.000000e+00 9.620149e+00
      vertex   7.993718e+01 3.000000e+00 9.251813e+00
    endloop
  endfacet
  facet normal 0.000000e+00 1.000000e+00 0.000000e+00
    outer loop
      vertex   7.993718e+01 3.000000e+00 9.251813e+00
      vertex   8.065111e+01 3.000000e+00 8.751908e+00
      vertex   8.243718e+01 3.000000e+00 4.921686e+00
    endloop
  endfacet
  facet normal 0.000000e+00 1.000000e+00 0.000000e+00
    outer loop
      vertex   8.243718e+01 3.000000e+00 4.921686e+00
      vertex   8.065111e+01 3.000000e+00 8.751908e+00
      vertex   8.126740e+01 3.000000e+00 8.135624e+00
    endloop
  endfacet
  facet normal 0.000000e+00 1.000000e+00 0.000000e+00
    outer loop
      vertex   8.243718e+01 3.000000e+00 4.921686e+00
      vertex   8.126740e+01 3.000000e+00 8.135624e+00
      vertex   8.176730e+01 3.000000e+00 7.421686e+00
    endloop
  endfacet
  facet normal 0.000000e+00 1.000000e+00 0.000000e+00
    outer loop
      vertex   8.176730e+01 3.000000e+00 7.421686e+00
      vertex   8.213564e+01 3.000000e+00 6.631787e+00
      vertex   8.243718e+01 3.000000e+00 4.921686e+00
    endloop
  endfacet
  facet normal 0.000000e+00 1.000000e+00 0.000000e+00
    outer loop
      vertex   8.243718e+01 3.000000e+00 4.921686e+00
      vertex   8.213564e+01 3.000000e+00 6.631787e+00
      vertex   8.236121e+01 3.000000e+00 5.789927e+00
    endloop
  endfacet
  facet normal 0.000000e+00 1.000000e+00 -0.000000e+00
    outer loop
      vertex   8.236121e+01 3.000000e+00 -9.594656e+01
      vertex   8.213564e+01 3.000000e+00 -9.678841e+01
      vertex   8.243718e+01 3.000000e+00 -9.507831e+01
    endloop
  endfacet
  facet normal 0.000000e+00 1.000000e+00 0.000000e+00
    outer loop
      vertex   8.243718e+01 3.000000e+00 -9.507831e+01
      vertex   8.213564e+01 3.000000e+00 -9.678841e+01
      vertex   8.176730e+01 3.000000e+00 -9.757831e+01
    endloop
  endfacet
  facet normal 0.000000e+00 1.000000e+00 0.000000e+00
    outer loop
      vertex   8.243718e+01 3.000000e+00 -9.507831e+01
      vertex   8.176730e+01 3.000000e+00 -9.757831e+01
      vertex   8.126740e+01 3.000000e+00 -9.829225e+01
    endloop
  endfacet
  facet normal 0.000000e+00 1.000000e+00 -0.000000e+00
    outer loop
      vertex   8.126740e+01 3.000000e+00 -9.829225e+01
      vertex   8.065111e+01 3.000000e+00 -9.890854e+01
      vertex   8.243718e+01 3.000000e+00 -9.507831e+01
    endloop
  endfacet
  facet normal 0.000000e+00 1.000000e+00 0.000000e+00
    outer loop
      vertex   8.243718e+01 3.000000e+00 -9.507831e+01
      vertex   8.065111e+01 3.000000e+00 -9.890854e+01
      vertex   7.993718e+01 3.000000e+00 -9.940844e+01
    endloop
  endfacet
  facet normal 0.000000e+00 1.000000e+00 0.000000e+00
    outer loop
      vertex   8.243718e+01 3.000000e+00 -9.507831e+01
      vertex   7.993718e+01 3.000000e+00 -9.940844e+01
      vertex   7.914728e+01 3.000000e+00 -9.977678e+01
    endloop
  endfacet
  facet normal 0.000000e+00 1.000000e+00 -0.000000e+00
    outer loop
      vertex   7.914728e+01 3.000000e+00 -9.977678e+01
      vertex   7.830542e+01 3.000000e+00 -1.000024e+02
      vertex   8.243718e+01 3.000000e+00 -9.507831e+01
    endloop
  endfacet
  facet normal 0.000000e+00 1.000000e+00 0.000000e+00
    outer loop
      vertex   8.243718e+01 3.000000e+00 -9.507831e+01
      vertex   7.830542e+01 3.000000e+00 -1.000024e+02
      vertex   7.743718e+01 3.000000e+00 -1.000783e+02
    endloop
  endfacet
  facet normal 0.000000e+00 1.000000e+00 0.000000e+00
    outer loop
      vertex   8.243718e+01 3.000000e+00 -9.507831e+01
      vertex   7.743718e+01 3.000000e+00 -1.000783e+02
      vertex   7.236903e+01 3.000000e+00 -9.209595e+01
    endloop
  endfacet
  facet normal 0.000000e+00 1.000000e+00 0.000000e+00
    outer loop
      vertex   7.236903e+01 3.000000e+00 -9.209595e+01
      vertex   7.743718e+01 3.000000e+00 -1.000783e+02
      vertex   7.216923e+01 3.000000e+00 -9.257831e+01
    endloop
  endfacet
  facet normal 0.000000e+00 1.000000e+00 0.000000e+00
    outer loop
      vertex   7.216923e+01 3.000000e+00 -9.257831e+01
      vertex   7.743718e+01 3.000000e+00 -1.000783e+02
      vertex   7.185139e+01 3.000000e+00 -9.299253e+01
    endloop
  endfacet
  facet normal 0.000000e+00 1.000000e+00 0.000000e+00
    outer loop
      vertex   7.185139e+01 3.000000e+00 -9.299253e+01
      vertex   7.743718e+01 3.000000e+00 -1.000783e+02
      vertex   7.143718e+01 3.000000e+00 -9.331036e+01
    endloop
  endfacet
  facet normal -0.000000e+00 1.000000e+00 0.000000e+00
    outer loop
      vertex   4.568934e+00 3.000000e+00 -1.000024e+02
      vertex   8.705124e+00 3.000000e+00 -9.257831e+01
      vertex   5.437175e+00 3.000000e+00 -1.000783e+02
    endloop
  endfacet
  facet normal 0.000000e+00 1.000000e+00 0.000000e+00
    outer loop
      vertex   5.437175e+00 3.000000e+00 -1.000783e+02
      vertex   8.705124e+00 3.000000e+00 -9.257831e+01
      vertex   9.022962e+00 3.000000e+00 -9.299253e+01
    endloop
  endfacet
  facet normal 0.000000e+00 1.000000e+00 0.000000e+00
    outer loop
      vertex   5.437175e+00 3.000000e+00 -1.000783e+02
      vertex   9.022962e+00 3.000000e+00 -9.299253e+01
      vertex   9.437175e+00 3.000000e+00 -9.331036e+01
    endloop
  endfacet
  facet normal 0.000000e+00 1.000000e+00 0.000000e+00
    outer loop
      vertex   8.705124e+00 3.000000e+00 -9.257831e+01
      vertex   4.568934e+00 3.000000e+00 -1.000024e+02
      vertex   8.505324e+00 3.000000e+00 -9.209595e+01
    endloop
  endfacet
  facet normal 0.000000e+00 1.000000e+00 0.000000e+00
    outer loop
      vertex   8.505324e+00 3.000000e+00 -9.209595e+01
      vertex   4.568934e+00 3.000000e+00 -1.000024e+02
      vertex   3.727075e+00 3.000000e+00 -9.977678e+01
    endloop
  endfacet
  facet normal 0.000000e+00 1.000000e+00 0.000000e+00
    outer loop
      vertex   8.505324e+00 3.000000e+00 -9.209595e+01
      vertex   3.727075e+00 3.000000e+00 -9.977678e+01
      vertex   2.937175e+00 3.000000e+00 -9.940844e+01
    endloop
  endfacet
  facet normal 0.000000e+00 1.000000e+00 0.000000e+00
    outer loop
      vertex   8.505324e+00 3.000000e+00 -9.209595e+01
      vertex   2.937175e+00 3.000000e+00 -9.940844e+01
      vertex   4.371753e-01 3.000000e+00 -9.507831e+01
    endloop
  endfacet
  facet normal 0.000000e+00 1.000000e+00 0.000000e+00
    outer loop
      vertex   4.371753e-01 3.000000e+00 -9.507831e+01
      vertex   2.937175e+00 3.000000e+00 -9.940844e+01
      vertex   2.223237e+00 3.000000e+00 -9.890854e+01
    endloop
  endfacet
  facet normal 0.000000e+00 1.000000e+00 0.000000e+00
    outer loop
      vertex   4.371753e-01 3.000000e+00 -9.507831e+01
      vertex   2.223237e+00 3.000000e+00 -9.890854e+01
      vertex   1.606953e+00 3.000000e+00 -9.829225e+01
    endloop
  endfacet
  facet normal 0.000000e+00 1.000000e+00 0.000000e+00
    outer loop
      vertex   1.606953e+00 3.000000e+00 -9.829225e+01
      vertex   1.107048e+00 3.000000e+00 -9.757831e+01
      vertex   4.371753e-01 3.000000e+00 -9.507831e+01
    endloop
  endfacet
  facet normal 0.000000e+00 1.000000e+00 0.000000e+00
    outer loop
      vertex   4.371753e-01 3.000000e+00 -9.507831e+01
      vertex   1.107048e+00 3.000000e+00 -9.757831e+01
      vertex   7.387121e-01 3.000000e+00 -9.678841e+01
    endloop
  endfacet
  facet normal 0.000000e+00 1.000000e+00 0.000000e+00
    outer loop
      vertex   4.371753e-01 3.000000e+00 -9.507831e+01
      vertex   7.387121e-01 3.000000e+00 -9.678841e+01
      vertex   5.131365e-01 3.000000e+00 -9.594656e+01
    endloop
  endfacet
  facet normal 0.000000e+00 1.000000e+00 0.000000e+00
    outer loop
      vertex   4.371753e-01 3.000000e+00 4.921686e+00
      vertex   8.437175e+00 3.000000e+00 -5.857831e+01
      vertex   4.371753e-01 3.000000e+00 -9.507831e+01
    endloop
  endfacet
  facet normal 0.000000e+00 1.000000e+00 0.000000e+00
    outer loop
      vertex   4.371753e-01 3.000000e+00 -9.507831e+01
      vertex   8.437175e+00 3.000000e+00 -5.857831e+01
      vertex   8.437175e+00 3.000000e+00 -9.157831e+01
    endloop
  endfacet
  facet normal 0.000000e+00 1.000000e+00 0.000000e+00
    outer loop
      vertex   4.371753e-01 3.000000e+00 -9.507831e+01
      vertex   8.437175e+00 3.000000e+00 -9.157831e+01
      vertex   8.505324e+00 3.000000e+00 -9.209595e+01
    endloop
  endfacet
  facet normal -0.000000e+00 1.000000e+00 0.000000e+00
    outer loop
      vertex   5.131365e-01 3.000000e+00 5.789927e+00
      vertex   7.387121e-01 3.000000e+00 6.631787e+00
      vertex   4.371753e-01 3.000000e+00 4.921686e+00
    endloop
  endfacet
  facet normal 0.000000e+00 1.000000e+00 0.000000e+00
    outer loop
      vertex   4.371753e-01 3.000000e+00 4.921686e+00
      vertex   7.387121e-01 3.000000e+00 6.631787e+00
      vertex   1.107048e+00 3.000000e+00 7.421686e+00
    endloop
  endfacet
  facet normal 0.000000e+00 1.000000e+00 0.000000e+00
    outer loop
      vertex   4.371753e-01 3.000000e+00 4.921686e+00
      vertex   1.107048e+00 3.000000e+00 7.421686e+00
      vertex   1.606953e+00 3.000000e+00 8.135624e+00
    endloop
  endfacet
  facet normal -0.000000e+00 1.000000e+00 0.000000e+00
    outer loop
      vertex   1.606953e+00 3.000000e+00 8.135624e+00
      vertex   2.223237e+00 3.000000e+00 8.751908e+00
      vertex   4.371753e-01 3.000000e+00 4.921686e+00
    endloop
  endfacet
  facet normal 0.000000e+00 1.000000e+00 0.000000e+00
    outer loop
      vertex   4.371753e-01 3.000000e+00 4.921686e+00
      vertex   2.223237e+00 3.000000e+00 8.751908e+00
      vertex   2.937175e+00 3.000000e+00 9.251813e+00
    endloop
  endfacet
  facet normal 0.000000e+00 1.000000e+00 0.000000e+00
    outer loop
      vertex   4.371753e-01 3.000000e+00 4.921686e+00
      vertex   2.937175e+00 3.000000e+00 9.251813e+00
      vertex   3.727075e+00 3.000000e+00 9.620149e+00
    endloop
  endfacet
  facet normal -0.000000e+00 1.000000e+00 0.000000e+00
    outer loop
      vertex   3.727075e+00 3.000000e+00 9.620149e+00
      vertex   4.568934e+00 3.000000e+00 9.845725e+00
      vertex   4.371753e-01 3.000000e+00 4.921686e+00
    endloop
  endfacet
  facet normal 0.000000e+00 1.000000e+00 0.000000e+00
    outer loop
      vertex   4.371753e-01 3.000000e+00 4.921686e+00
      vertex   4.568934e+00 3.000000e+00 9.845725e+00
      vertex   5.437175e+00 3.000000e+00 9.921686e+00
    endloop
  endfacet
  facet normal -0.000000e+00 1.000000e+00 0.000000e+00
    outer loop
      vertex   4.371753e-01 3.000000e+00 4.921686e+00
      vertex   5.437175e+00 3.000000e+00 9.921686e+00
      vertex   1.654450e+01 3.000000e+00 -1.527020e+01
    endloop
  endfacet
  facet normal 0.000000e+00 1.000000e+00 -0.000000e+00
    outer loop
      vertex   1.654450e+01 3.000000e+00 -1.527020e+01
      vertex   5.437175e+00 3.000000e+00 9.921686e+00
      vertex   1.723803e+01 3.000000e+00 -1.451683e+01
    endloop
  endfacet
  facet normal 0.000000e+00 1.000000e+00 -0.000000e+00
    outer loop
      vertex   1.723803e+01 3.000000e+00 -1.451683e+01
      vertex   5.437175e+00 3.000000e+00 9.921686e+00
      vertex   1.804610e+01 3.000000e+00 -1.388788e+01
    endloop
  endfacet
  facet normal 0.000000e+00 1.000000e+00 -0.000000e+00
    outer loop
      vertex   1.804610e+01 3.000000e+00 -1.388788e+01
      vertex   5.437175e+00 3.000000e+00 9.921686e+00
      vertex   1.894666e+01 3.000000e+00 -1.340052e+01
    endloop
  endfacet
  facet normal 0.000000e+00 1.000000e+00 -0.000000e+00
    outer loop
      vertex   1.894666e+01 3.000000e+00 -1.340052e+01
      vertex   5.437175e+00 3.000000e+00 9.921686e+00
      vertex   1.991517e+01 3.000000e+00 -1.306803e+01
    endloop
  endfacet
  facet normal 0.000000e+00 1.000000e+00 -0.000000e+00
    outer loop
      vertex   1.991517e+01 3.000000e+00 -1.306803e+01
      vertex   5.437175e+00 3.000000e+00 9.921686e+00
      vertex   2.092518e+01 3.000000e+00 -1.289949e+01
    endloop
  endfacet
  facet normal 0.000000e+00 1.000000e+00 -0.000000e+00
    outer loop
      vertex   2.092518e+01 3.000000e+00 -1.289949e+01
      vertex   5.437175e+00 3.000000e+00 9.921686e+00
      vertex   2.194917e+01 3.000000e+00 -1.289949e+01
    endloop
  endfacet
  facet normal -5.514374e-12 1.000000e+00 4.188583e-11
    outer loop
      vertex   1.143718e+01 3.000000e+00 -9.357831e+01
      vertex   1.195481e+01 3.000000e+00 -9.351017e+01
      vertex   1.500000e+01 3.000000e+00 -9.685858e+01
    endloop
  endfacet
  facet normal -1.411122e-11 1.000000e+00 3.406749e-11
    outer loop
      vertex   1.500000e+01 3.000000e+00 -9.685858e+01
      vertex   1.195481e+01 3.000000e+00 -9.351017e+01
      vertex   1.243718e+01 3.000000e+00 -9.331036e+01
    endloop
  endfacet
  facet normal -6.250303e-11 1.000000e+00 2.588960e-11
    outer loop
      vertex   1.316923e+01 3.000000e+00 -9.257831e+01
      vertex   1.336903e+01 3.000000e+00 -9.209595e+01
      vertex   1.500000e+01 3.000000e+00 -9.422432e+01
    endloop
  endfacet
  facet normal -8.217094e-11 1.000000e+00 1.081801e-11
    outer loop
      vertex   1.500000e+01 3.000000e+00 -9.422432e+01
      vertex   1.336903e+01 3.000000e+00 -9.209595e+01
      vertex   1.343718e+01 3.000000e+00 -9.157831e+01
    endloop
  endfacet
  facet normal -4.067756e-12 1.000000e+00 5.694858e-11
    outer loop
      vertex   1.500000e+01 3.000000e+00 -9.422432e+01
      vertex   1.343718e+01 3.000000e+00 -9.157831e+01
      vertex   2.043718e+01 3.000000e+00 -9.107831e+01
    endloop
  endfacet
  facet normal 0.000000e+00 1.000000e+00 0.000000e+00
    outer loop
      vertex   2.043718e+01 3.000000e+00 -9.107831e+01
      vertex   1.343718e+01 3.000000e+00 -9.157831e+01
      vertex   1.343718e+01 3.000000e+00 -5.857831e+01
    endloop
  endfacet
  facet normal -0.000000e+00 1.000000e+00 -0.000000e+00
    outer loop
      vertex   1.316923e+01 3.000000e+00 -5.757831e+01
      vertex   1.285139e+01 3.000000e+00 -5.716410e+01
      vertex   2.043718e+01 3.000000e+00 -5.907831e+01
    endloop
  endfacet
  facet normal 0.000000e+00 1.000000e+00 0.000000e+00
    outer loop
      vertex   2.043718e+01 3.000000e+00 -5.907831e+01
      vertex   1.285139e+01 3.000000e+00 -5.716410e+01
      vertex   1.243718e+01 3.000000e+00 -5.684626e+01
    endloop
  endfacet
  facet normal 0.000000e+00 1.000000e+00 -0.000000e+00
    outer loop
      vertex   2.043718e+01 3.000000e+00 -5.907831e+01
      vertex   1.243718e+01 3.000000e+00 -5.684626e+01
      vertex   2.092518e+01 3.000000e+00 -2.525714e+01
    endloop
  endfacet
  facet normal 0.000000e+00 1.000000e+00 0.000000e+00
    outer loop
      vertex   2.092518e+01 3.000000e+00 -2.525714e+01
      vertex   1.243718e+01 3.000000e+00 -5.684626e+01
      vertex   1.991517e+01 3.000000e+00 -2.508860e+01
    endloop
  endfacet
  facet normal 0.000000e+00 1.000000e+00 0.000000e+00
    outer loop
      vertex   1.991517e+01 3.000000e+00 -2.508860e+01
      vertex   1.243718e+01 3.000000e+00 -5.684626e+01
      vertex   1.894666e+01 3.000000e+00 -2.475611e+01
    endloop
  endfacet
  facet normal 0.000000e+00 1.000000e+00 0.000000e+00
    outer loop
      vertex   1.894666e+01 3.000000e+00 -2.475611e+01
      vertex   1.243718e+01 3.000000e+00 -5.684626e+01
      vertex   1.195481e+01 3.000000e+00 -5.664646e+01
    endloop
  endfacet
  facet normal 0.000000e+00 1.000000e+00 0.000000e+00
    outer loop
      vertex   1.894666e+01 3.000000e+00 -2.475611e+01
      vertex   1.195481e+01 3.000000e+00 -5.664646e+01
      vertex   1.804610e+01 3.000000e+00 -2.426875e+01
    endloop
  endfacet
  facet normal 0.000000e+00 1.000000e+00 0.000000e+00
    outer loop
      vertex   1.804610e+01 3.000000e+00 -2.426875e+01
      vertex   1.195481e+01 3.000000e+00 -5.664646e+01
      vertex   1.143718e+01 3.000000e+00 -5.657831e+01
    endloop
  endfacet
  facet normal 0.000000e+00 1.000000e+00 0.000000e+00
    outer loop
      vertex   1.804610e+01 3.000000e+00 -2.426875e+01
      vertex   1.143718e+01 3.000000e+00 -5.657831e+01
      vertex   1.723803e+01 3.000000e+00 -2.363980e+01
    endloop
  endfacet
  facet normal 0.000000e+00 1.000000e+00 0.000000e+00
    outer loop
      vertex   1.723803e+01 3.000000e+00 -2.363980e+01
      vertex   1.143718e+01 3.000000e+00 -5.657831e+01
      vertex   1.043718e+01 3.000000e+00 -5.657831e+01
    endloop
  endfacet
  facet normal 0.000000e+00 1.000000e+00 0.000000e+00
    outer loop
      vertex   1.723803e+01 3.000000e+00 -2.363980e+01
      vertex   1.043718e+01 3.000000e+00 -5.657831e+01
      vertex   9.919537e+00 3.000000e+00 -5.664646e+01
    endloop
  endfacet
  facet normal 0.000000e+00 1.000000e+00 0.000000e+00
    outer loop
      vertex   1.723803e+01 3.000000e+00 -2.363980e+01
      vertex   9.919537e+00 3.000000e+00 -5.664646e+01
      vertex   1.654450e+01 3.000000e+00 -2.288643e+01
    endloop
  endfacet
  facet normal 0.000000e+00 1.000000e+00 0.000000e+00
    outer loop
      vertex   1.654450e+01 3.000000e+00 -2.288643e+01
      vertex   9.919537e+00 3.000000e+00 -5.664646e+01
      vertex   9.437175e+00 3.000000e+00 -5.684626e+01
    endloop
  endfacet
  facet normal 0.000000e+00 1.000000e+00 0.000000e+00
    outer loop
      vertex   1.654450e+01 3.000000e+00 -2.288643e+01
      vertex   9.437175e+00 3.000000e+00 -5.684626e+01
      vertex   1.598444e+01 3.000000e+00 -2.202919e+01
    endloop
  endfacet
  facet normal 0.000000e+00 1.000000e+00 0.000000e+00
    outer loop
      vertex   1.598444e+01 3.000000e+00 -2.202919e+01
      vertex   9.437175e+00 3.000000e+00 -5.684626e+01
      vertex   9.022962e+00 3.000000e+00 -5.716410e+01
    endloop
  endfacet
  facet normal 0.000000e+00 1.000000e+00 0.000000e+00
    outer loop
      vertex   1.598444e+01 3.000000e+00 -2.202919e+01
      vertex   9.022962e+00 3.000000e+00 -5.716410e+01
      vertex   1.557311e+01 3.000000e+00 -2.109145e+01
    endloop
  endfacet
  facet normal 0.000000e+00 1.000000e+00 0.000000e+00
    outer loop
      vertex   1.557311e+01 3.000000e+00 -2.109145e+01
      vertex   9.022962e+00 3.000000e+00 -5.716410e+01
      vertex   8.705124e+00 3.000000e+00 -5.757831e+01
    endloop
  endfacet
  facet normal 0.000000e+00 1.000000e+00 0.000000e+00
    outer loop
      vertex   1.557311e+01 3.000000e+00 -2.109145e+01
      vertex   8.705124e+00 3.000000e+00 -5.757831e+01
      vertex   1.532174e+01 3.000000e+00 -2.009880e+01
    endloop
  endfacet
  facet normal 0.000000e+00 1.000000e+00 0.000000e+00
    outer loop
      vertex   1.532174e+01 3.000000e+00 -2.009880e+01
      vertex   8.705124e+00 3.000000e+00 -5.757831e+01
      vertex   4.371753e-01 3.000000e+00 4.921686e+00
    endloop
  endfacet
  facet normal 0.000000e+00 1.000000e+00 0.000000e+00
    outer loop
      vertex   1.532174e+01 3.000000e+00 -2.009880e+01
      vertex   4.371753e-01 3.000000e+00 4.921686e+00
      vertex   1.523718e+01 3.000000e+00 -1.907831e+01
    endloop
  endfacet
  facet normal 0.000000e+00 1.000000e+00 -0.000000e+00
    outer loop
      vertex   1.523718e+01 3.000000e+00 -1.907831e+01
      vertex   4.371753e-01 3.000000e+00 4.921686e+00
      vertex   1.532174e+01 3.000000e+00 -1.805783e+01
    endloop
  endfacet
  facet normal 0.000000e+00 1.000000e+00 -0.000000e+00
    outer loop
      vertex   1.532174e+01 3.000000e+00 -1.805783e+01
      vertex   4.371753e-01 3.000000e+00 4.921686e+00
      vertex   1.557311e+01 3.000000e+00 -1.706518e+01
    endloop
  endfacet
  facet normal 0.000000e+00 1.000000e+00 -0.000000e+00
    outer loop
      vertex   1.557311e+01 3.000000e+00 -1.706518e+01
      vertex   4.371753e-01 3.000000e+00 4.921686e+00
      vertex   1.598444e+01 3.000000e+00 -1.612744e+01
    endloop
  endfacet
  facet normal 0.000000e+00 1.000000e+00 -0.000000e+00
    outer loop
      vertex   1.598444e+01 3.000000e+00 -1.612744e+01
      vertex   4.371753e-01 3.000000e+00 4.921686e+00
      vertex   1.654450e+01 3.000000e+00 -1.527020e+01
    endloop
  endfacet
  facet normal 0.000000e+00 1.000000e+00 0.000000e+00
    outer loop
      vertex   8.705124e+00 3.000000e+00 -5.757831e+01
      vertex   8.505324e+00 3.000000e+00 -5.806068e+01
      vertex   4.371753e-01 3.000000e+00 4.921686e+00
    endloop
  endfacet
  facet normal 0.000000e+00 1.000000e+00 0.000000e+00
    outer loop
      vertex   4.371753e-01 3.000000e+00 4.921686e+00
      vertex   8.505324e+00 3.000000e+00 -5.806068e+01
      vertex   8.437175e+00 3.000000e+00 -5.857831e+01
    endloop
  endfacet
  facet normal 0.000000e+00 1.000000e+00 0.000000e+00
    outer loop
      vertex   9.437175e+00 3.000000e+00 -9.331036e+01
      vertex   9.919537e+00 3.000000e+00 -9.351017e+01
      vertex   5.437175e+00 3.000000e+00 -1.000783e+02
    endloop
  endfacet
  facet normal 0.000000e+00 1.000000e+00 0.000000e+00
    outer loop
      vertex   5.437175e+00 3.000000e+00 -1.000783e+02
      vertex   9.919537e+00 3.000000e+00 -9.351017e+01
      vertex   1.043718e+01 3.000000e+00 -9.357831e+01
    endloop
  endfacet
  facet normal 0.000000e+00 1.000000e+00 0.000000e+00
    outer loop
      vertex   2.755262e+01 3.000000e+00 -2.009880e+01
      vertex   2.763718e+01 3.000000e+00 -1.907831e+01
      vertex   3.143718e+01 3.000000e+00 -1.007831e+01
    endloop
  endfacet
  facet normal 0.000000e+00 1.000000e+00 0.000000e+00
    outer loop
      vertex   3.143718e+01 3.000000e+00 -1.007831e+01
      vertex   2.763718e+01 3.000000e+00 -1.907831e+01
      vertex   2.755262e+01 3.000000e+00 -1.805783e+01
    endloop
  endfacet
  facet normal 0.000000e+00 1.000000e+00 0.000000e+00
    outer loop
      vertex   3.143718e+01 3.000000e+00 -1.007831e+01
      vertex   2.755262e+01 3.000000e+00 -1.805783e+01
      vertex   2.730124e+01 3.000000e+00 -1.706518e+01
    endloop
  endfacet
  facet normal 0.000000e+00 1.000000e+00 -0.000000e+00
    outer loop
      vertex   2.730124e+01 3.000000e+00 -1.706518e+01
      vertex   2.688991e+01 3.000000e+00 -1.612744e+01
      vertex   3.143718e+01 3.000000e+00 -1.007831e+01
    endloop
  endfacet
  facet normal 0.000000e+00 1.000000e+00 0.000000e+00
    outer loop
      vertex   3.143718e+01 3.000000e+00 -1.007831e+01
      vertex   2.688991e+01 3.000000e+00 -1.612744e+01
      vertex   2.632985e+01 3.000000e+00 -1.527020e+01
    endloop
  endfacet
  facet normal 0.000000e+00 1.000000e+00 0.000000e+00
    outer loop
      vertex   3.143718e+01 3.000000e+00 -1.007831e+01
      vertex   2.632985e+01 3.000000e+00 -1.527020e+01
      vertex   2.563632e+01 3.000000e+00 -1.451683e+01
    endloop
  endfacet
  facet normal 0.000000e+00 1.000000e+00 -0.000000e+00
    outer loop
      vertex   2.563632e+01 3.000000e+00 -1.451683e+01
      vertex   2.482825e+01 3.000000e+00 -1.388788e+01
      vertex   3.143718e+01 3.000000e+00 -1.007831e+01
    endloop
  endfacet
  facet normal 0.000000e+00 1.000000e+00 0.000000e+00
    outer loop
      vertex   3.143718e+01 3.000000e+00 -1.007831e+01
      vertex   2.482825e+01 3.000000e+00 -1.388788e+01
      vertex   2.392769e+01 3.000000e+00 -1.340052e+01
    endloop
  endfacet
  facet normal 0.000000e+00 1.000000e+00 0.000000e+00
    outer loop
      vertex   3.143718e+01 3.000000e+00 -1.007831e+01
      vertex   2.392769e+01 3.000000e+00 -1.340052e+01
      vertex   2.295919e+01 3.000000e+00 -1.306803e+01
    endloop
  endfacet
  facet normal 0.000000e+00 1.000000e+00 -0.000000e+00
    outer loop
      vertex   2.295919e+01 3.000000e+00 -1.306803e+01
      vertex   2.194917e+01 3.000000e+00 -1.289949e+01
      vertex   3.143718e+01 3.000000e+00 -1.007831e+01
    endloop
  endfacet
  facet normal -0.000000e+00 1.000000e+00 0.000000e+00
    outer loop
      vertex   2.194917e+01 3.000000e+00 -2.525714e+01
      vertex   2.295919e+01 3.000000e+00 -2.508860e+01
      vertex   3.143718e+01 3.000000e+00 -3.407831e+01
    endloop
  endfacet
  facet normal 0.000000e+00 1.000000e+00 0.000000e+00
    outer loop
      vertex   3.143718e+01 3.000000e+00 -3.407831e+01
      vertex   2.295919e+01 3.000000e+00 -2.508860e+01
      vertex   2.392769e+01 3.000000e+00 -2.475611e+01
    endloop
  endfacet
  facet normal 0.000000e+00 1.000000e+00 0.000000e+00
    outer loop
      vertex   3.143718e+01 3.000000e+00 -3.407831e+01
      vertex   2.392769e+01 3.000000e+00 -2.475611e+01
      vertex   2.482825e+01 3.000000e+00 -2.426875e+01
    endloop
  endfacet
  facet normal -0.000000e+00 1.000000e+00 0.000000e+00
    outer loop
      vertex   2.482825e+01 3.000000e+00 -2.426875e+01
      vertex   2.563632e+01 3.000000e+00 -2.363980e+01
      vertex   3.143718e+01 3.000000e+00 -3.407831e+01
    endloop
  endfacet
  facet normal 0.000000e+00 1.000000e+00 0.000000e+00
    outer loop
      vertex   3.143718e+01 3.000000e+00 -3.407831e+01
      vertex   2.563632e+01 3.000000e+00 -2.363980e+01
      vertex   2.632985e+01 3.000000e+00 -2.288643e+01
    endloop
  endfacet
  facet normal 0.000000e+00 1.000000e+00 0.000000e+00
    outer loop
      vertex   3.143718e+01 3.000000e+00 -3.407831e+01
      vertex   2.632985e+01 3.000000e+00 -2.288643e+01
      vertex   2.688991e+01 3.000000e+00 -2.202919e+01
    endloop
  endfacet
  facet normal -0.000000e+00 1.000000e+00 0.000000e+00
    outer loop
      vertex   2.688991e+01 3.000000e+00 -2.202919e+01
      vertex   2.730124e+01 3.000000e+00 -2.109145e+01
      vertex   3.143718e+01 3.000000e+00 -3.407831e+01
    endloop
  endfacet
  facet normal 0.000000e+00 1.000000e+00 0.000000e+00
    outer loop
      vertex   3.143718e+01 3.000000e+00 -3.407831e+01
      vertex   2.730124e+01 3.000000e+00 -2.109145e+01
      vertex   2.755262e+01 3.000000e+00 -2.009880e+01
    endloop
  endfacet
  facet normal 0.000000e+00 1.000000e+00 -0.000000e+00
    outer loop
      vertex   3.143718e+01 3.000000e+00 -3.407831e+01
      vertex   2.755262e+01 3.000000e+00 -2.009880e+01
      vertex   3.143718e+01 3.000000e+00 -1.007831e+01
    endloop
  endfacet
  facet normal 0.000000e+00 1.000000e+00 0.000000e+00
    outer loop
      vertex   6.543718e+01 3.000000e+00 -8.857831e+01
      vertex   6.543718e+01 3.000000e+00 -9.157831e+01
      vertex   6.243718e+01 3.000000e+00 -9.107831e+01
    endloop
  endfacet
  facet normal 0.000000e+00 1.000000e+00 0.000000e+00
    outer loop
      vertex   6.243718e+01 3.000000e+00 -9.107831e+01
      vertex   6.543718e+01 3.000000e+00 -9.157831e+01
      vertex   6.550532e+01 3.000000e+00 -9.209595e+01
    endloop
  endfacet
  facet normal 0.000000e+00 1.000000e+00 0.000000e+00
    outer loop
      vertex   6.243718e+01 3.000000e+00 -9.107831e+01
      vertex   6.550532e+01 3.000000e+00 -9.209595e+01
      vertex   6.570512e+01 3.000000e+00 -9.257831e+01
    endloop
  endfacet
  facet normal 0.000000e+00 1.000000e+00 0.000000e+00
    outer loop
      vertex   6.602296e+01 3.000000e+00 -9.299253e+01
      vertex   6.643718e+01 3.000000e+00 -9.331036e+01
      vertex   6.600000e+01 3.000000e+00 -9.422432e+01
    endloop
  endfacet
  facet normal 0.000000e+00 1.000000e+00 0.000000e+00
    outer loop
      vertex   6.600000e+01 3.000000e+00 -9.422432e+01
      vertex   6.643718e+01 3.000000e+00 -9.331036e+01
      vertex   6.691954e+01 3.000000e+00 -9.351017e+01
    endloop
  endfacet
  facet normal 0.000000e+00 1.000000e+00 0.000000e+00
    outer loop
      vertex   6.600000e+01 3.000000e+00 -9.422432e+01
      vertex   6.691954e+01 3.000000e+00 -9.351017e+01
      vertex   6.743718e+01 3.000000e+00 -9.357831e+01
    endloop
  endfacet
  facet normal -0.000000e+00 1.000000e+00 0.000000e+00
    outer loop
      vertex   7.236903e+01 3.000000e+00 -9.209595e+01
      vertex   7.243718e+01 3.000000e+00 -9.157831e+01
      vertex   8.243718e+01 3.000000e+00 -9.507831e+01
    endloop
  endfacet
  facet normal 0.000000e+00 1.000000e+00 0.000000e+00
    outer loop
      vertex   8.243718e+01 3.000000e+00 -9.507831e+01
      vertex   7.243718e+01 3.000000e+00 -9.157831e+01
      vertex   7.243718e+01 3.000000e+00 -8.857831e+01
    endloop
  endfacet
  facet normal 0.000000e+00 1.000000e+00 0.000000e+00
    outer loop
      vertex   8.243718e+01 3.000000e+00 -9.507831e+01
      vertex   7.243718e+01 3.000000e+00 -8.857831e+01
      vertex   7.236903e+01 3.000000e+00 -8.806068e+01
    endloop
  endfacet
  facet normal -0.000000e+00 1.000000e+00 -0.000000e+00
    outer loop
      vertex   7.236903e+01 3.000000e+00 -8.806068e+01
      vertex   7.216923e+01 3.000000e+00 -8.757831e+01
      vertex   8.243718e+01 3.000000e+00 -9.507831e+01
    endloop
  endfacet
  facet normal 0.000000e+00 1.000000e+00 0.000000e+00
    outer loop
      vertex   7.543718e+01 3.000000e+00 -1.607831e+01
      vertex   7.543718e+01 3.000000e+00 -3.407831e+01
      vertex   3.343718e+01 3.000000e+00 -1.607831e+01
    endloop
  endfacet
  facet normal 0.000000e+00 1.000000e+00 0.000000e+00
    outer loop
      vertex   3.343718e+01 3.000000e+00 -1.607831e+01
      vertex   7.543718e+01 3.000000e+00 -3.407831e+01
      vertex   3.343718e+01 3.000000e+00 -3.407831e+01
    endloop
  endfacet
  facet normal -9.965845e-01 -1.955872e-16 -8.257935e-02
    outer loop
      vertex   2.755262e+01 0.000000e+00 -1.805783e+01
      vertex   2.755262e+01 3.000000e+00 -1.805783e+01
      vertex   2.763718e+01 0.000000e+00 -1.907831e+01
    endloop
  endfacet
  facet normal -9.965845e-01 0.000000e+00 -8.257935e-02
    outer loop
      vertex   2.763718e+01 0.000000e+00 -1.907831e+01
      vertex   2.755262e+01 3.000000e+00 -1.805783e+01
      vertex   2.763718e+01 3.000000e+00 -1.907831e+01
    endloop
  endfacet
  facet normal -9.965845e-01 0.000000e+00 8.257935e-02
    outer loop
      vertex   2.763718e+01 0.000000e+00 -1.907831e+01
      vertex   2.763718e+01 3.000000e+00 -1.907831e+01
      vertex   2.755262e+01 0.000000e+00 -2.009880e+01
    endloop
  endfacet
  facet normal -9.965845e-01 1.955872e-16 8.257935e-02
    outer loop
      vertex   2.755262e+01 0.000000e+00 -2.009880e+01
      vertex   2.763718e+01 3.000000e+00 -1.907831e+01
      vertex   2.755262e+01 3.000000e+00 -2.009880e+01
    endloop
  endfacet
  facet normal -9.694003e-01 5.814264e-16 2.454855e-01
    outer loop
      vertex   2.755262e+01 0.000000e+00 -2.009880e+01
      vertex   2.755262e+01 3.000000e+00 -2.009880e+01
      vertex   2.730124e+01 0.000000e+00 -2.109145e+01
    endloop
  endfacet
  facet normal -9.694003e-01 0.000000e+00 2.454855e-01
    outer loop
      vertex   2.730124e+01 0.000000e+00 -2.109145e+01
      vertex   2.755262e+01 3.000000e+00 -2.009880e+01
      vertex   2.730124e+01 3.000000e+00 -2.109145e+01
    endloop
  endfacet
  facet normal -9.157733e-01 0.000000e+00 4.016954e-01
    outer loop
      vertex   2.730124e+01 0.000000e+00 -2.109145e+01
      vertex   2.730124e+01 3.000000e+00 -2.109145e+01
      vertex   2.688991e+01 0.000000e+00 -2.202919e+01
    endloop
  endfacet
  facet normal -9.157733e-01 9.514059e-16 4.016954e-01
    outer loop
      vertex   2.688991e+01 0.000000e+00 -2.202919e+01
      vertex   2.730124e+01 3.000000e+00 -2.109145e+01
      vertex   2.688991e+01 3.000000e+00 -2.202919e+01
    endloop
  endfacet
  facet normal -8.371665e-01 1.295433e-15 5.469482e-01
    outer loop
      vertex   2.688991e+01 0.000000e+00 -2.202919e+01
      vertex   2.688991e+01 3.000000e+00 -2.202919e+01
      vertex   2.632985e+01 0.000000e+00 -2.288643e+01
    endloop
  endfacet
  facet normal -8.371665e-01 0.000000e+00 5.469482e-01
    outer loop
      vertex   2.632985e+01 0.000000e+00 -2.288643e+01
      vertex   2.688991e+01 3.000000e+00 -2.202919e+01
      vertex   2.632985e+01 3.000000e+00 -2.288643e+01
    endloop
  endfacet
  facet normal -7.357239e-01 0.000000e+00 6.772816e-01
    outer loop
      vertex   2.632985e+01 0.000000e+00 -2.288643e+01
      vertex   2.632985e+01 3.000000e+00 -2.288643e+01
      vertex   2.563632e+01 0.000000e+00 -2.363980e+01
    endloop
  endfacet
  facet normal -7.357239e-01 8.020625e-16 6.772816e-01
    outer loop
      vertex   2.563632e+01 0.000000e+00 -2.363980e+01
      vertex   2.632985e+01 3.000000e+00 -2.288643e+01
      vertex   2.563632e+01 3.000000e+00 -2.363980e+01
    endloop
  endfacet
  facet normal -6.142127e-01 9.345301e-16 7.891405e-01
    outer loop
      vertex   2.563632e+01 0.000000e+00 -2.363980e+01
      vertex   2.563632e+01 3.000000e+00 -2.363980e+01
      vertex   2.482825e+01 0.000000e+00 -2.426875e+01
    endloop
  endfacet
  facet normal -6.142127e-01 0.000000e+00 7.891405e-01
    outer loop
      vertex   2.482825e+01 0.000000e+00 -2.426875e+01
      vertex   2.563632e+01 3.000000e+00 -2.363980e+01
      vertex   2.482825e+01 3.000000e+00 -2.426875e+01
    endloop
  endfacet
  facet normal -4.759474e-01 0.000000e+00 8.794738e-01
    outer loop
      vertex   2.482825e+01 0.000000e+00 -2.426875e+01
      vertex   2.482825e+01 3.000000e+00 -2.426875e+01
      vertex   2.392769e+01 0.000000e+00 -2.475611e+01
    endloop
  endfacet
  facet normal -4.759474e-01 1.127270e-15 8.794738e-01
    outer loop
      vertex   2.392769e+01 0.000000e+00 -2.475611e+01
      vertex   2.482825e+01 3.000000e+00 -2.426875e+01
      vertex   2.392769e+01 3.000000e+00 -2.475611e+01
    endloop
  endfacet
  facet normal -3.246995e-01 7.690428e-16 9.458172e-01
    outer loop
      vertex   2.392769e+01 0.000000e+00 -2.475611e+01
      vertex   2.392769e+01 3.000000e+00 -2.475611e+01
      vertex   2.295919e+01 0.000000e+00 -2.508860e+01
    endloop
  endfacet
  facet normal -3.246995e-01 0.000000e+00 9.458172e-01
    outer loop
      vertex   2.295919e+01 0.000000e+00 -2.508860e+01
      vertex   2.392769e+01 3.000000e+00 -2.475611e+01
      vertex   2.295919e+01 3.000000e+00 -2.508860e+01
    endloop
  endfacet
  facet normal -1.645946e-01 0.000000e+00 9.863613e-01
    outer loop
      vertex   2.295919e+01 0.000000e+00 -2.508860e+01
      vertex   2.295919e+01 3.000000e+00 -2.508860e+01
      vertex   2.194917e+01 0.000000e+00 -2.525714e+01
    endloop
  endfacet
  facet normal -1.645946e-01 1.949192e-16 9.863613e-01
    outer loop
      vertex   2.194917e+01 0.000000e+00 -2.525714e+01
      vertex   2.295919e+01 3.000000e+00 -2.508860e+01
      vertex   2.194917e+01 3.000000e+00 -2.525714e+01
    endloop
  endfacet
  facet normal 0.000000e+00 -0.000000e+00 1.000000e+00
    outer loop
      vertex   2.194917e+01 0.000000e+00 -2.525714e+01
      vertex   2.194917e+01 3.000000e+00 -2.525714e+01
      vertex   2.092518e+01 0.000000e+00 -2.525714e+01
    endloop
  endfacet
  facet normal 0.000000e+00 0.000000e+00 1.000000e+00
    outer loop
      vertex   2.092518e+01 0.000000e+00 -2.525714e+01
      vertex   2.194917e+01 3.000000e+00 -2.525714e+01
      vertex   2.092518e+01 3.000000e+00 -2.525714e+01
    endloop
  endfacet
  facet normal 1.645946e-01 -0.000000e+00 9.863613e-01
    outer loop
      vertex   2.092518e+01 0.000000e+00 -2.525714e+01
      vertex   2.092518e+01 3.000000e+00 -2.525714e+01
      vertex   1.991517e+01 0.000000e+00 -2.508860e+01
    endloop
  endfacet
  facet normal 1.645946e-01 -0.000000e+00 9.863613e-01
    outer loop
      vertex   1.991517e+01 0.000000e+00 -2.508860e+01
      vertex   2.092518e+01 3.000000e+00 -2.525714e+01
      vertex   1.991517e+01 3.000000e+00 -2.508860e+01
    endloop
  endfacet
  facet normal 3.246995e-01 -0.000000e+00 9.458172e-01
    outer loop
      vertex   1.991517e+01 0.000000e+00 -2.508860e+01
      vertex   1.991517e+01 3.000000e+00 -2.508860e+01
      vertex   1.894666e+01 0.000000e+00 -2.475611e+01
    endloop
  endfacet
  facet normal 3.246995e-01 -2.240145e-15 9.458172e-01
    outer loop
      vertex   1.894666e+01 0.000000e+00 -2.475611e+01
      vertex   1.991517e+01 3.000000e+00 -2.508860e+01
      vertex   1.894666e+01 3.000000e+00 -2.475611e+01
    endloop
  endfacet
  facet normal 4.759474e-01 -2.083012e-15 8.794738e-01
    outer loop
      vertex   1.894666e+01 0.000000e+00 -2.475611e+01
      vertex   1.894666e+01 3.000000e+00 -2.475611e+01
      vertex   1.804610e+01 0.000000e+00 -2.426875e+01
    endloop
  endfacet
  facet normal 4.759474e-01 -0.000000e+00 8.794738e-01
    outer loop
      vertex   1.804610e+01 0.000000e+00 -2.426875e+01
      vertex   1.894666e+01 3.000000e+00 -2.475611e+01
      vertex   1.804610e+01 3.000000e+00 -2.426875e+01
    endloop
  endfacet
  facet normal 6.142127e-01 -0.000000e+00 7.891405e-01
    outer loop
      vertex   1.804610e+01 0.000000e+00 -2.426875e+01
      vertex   1.804610e+01 3.000000e+00 -2.426875e+01
      vertex   1.723803e+01 0.000000e+00 -2.363980e+01
    endloop
  endfacet
  facet normal 6.142127e-01 -9.345301e-16 7.891405e-01
    outer loop
      vertex   1.723803e+01 0.000000e+00 -2.363980e+01
      vertex   1.804610e+01 3.000000e+00 -2.426875e+01
      vertex   1.723803e+01 3.000000e+00 -2.363980e+01
    endloop
  endfacet
  facet normal 7.357239e-01 -8.020625e-16 6.772816e-01
    outer loop
      vertex   1.723803e+01 0.000000e+00 -2.363980e+01
      vertex   1.723803e+01 3.000000e+00 -2.363980e+01
      vertex   1.654450e+01 0.000000e+00 -2.288643e+01
    endloop
  endfacet
  facet normal 7.357239e-01 -0.000000e+00 6.772816e-01
    outer loop
      vertex   1.654450e+01 0.000000e+00 -2.288643e+01
      vertex   1.723803e+01 3.000000e+00 -2.363980e+01
      vertex   1.654450e+01 3.000000e+00 -2.288643e+01
    endloop
  endfacet
  facet normal 8.371665e-01 -0.000000e+00 5.469482e-01
    outer loop
      vertex   1.654450e+01 0.000000e+00 -2.288643e+01
      vertex   1.654450e+01 3.000000e+00 -2.288643e+01
      vertex   1.598444e+01 0.000000e+00 -2.202919e+01
    endloop
  endfacet
  facet normal 8.371665e-01 -0.000000e+00 5.469482e-01
    outer loop
      vertex   1.598444e+01 0.000000e+00 -2.202919e+01
      vertex   1.654450e+01 3.000000e+00 -2.288643e+01
      vertex   1.598444e+01 3.000000e+00 -2.202919e+01
    endloop
  endfacet
  facet normal 9.157733e-01 -0.000000e+00 4.016954e-01
    outer loop
      vertex   1.598444e+01 0.000000e+00 -2.202919e+01
      vertex   1.598444e+01 3.000000e+00 -2.202919e+01
      vertex   1.557311e+01 0.000000e+00 -2.109145e+01
    endloop
  endfacet
  facet normal 9.157733e-01 -0.000000e+00 4.016954e-01
    outer loop
      vertex   1.557311e+01 0.000000e+00 -2.109145e+01
      vertex   1.598444e+01 3.000000e+00 -2.202919e+01
      vertex   1.557311e+01 3.000000e+00 -2.109145e+01
    endloop
  endfacet
  facet normal 9.694003e-01 -0.000000e+00 2.454855e-01
    outer loop
      vertex   1.557311e+01 0.000000e+00 -2.109145e+01
      vertex   1.557311e+01 3.000000e+00 -2.109145e+01
      vertex   1.532174e+01 0.000000e+00 -2.009880e+01
    endloop
  endfacet
  facet normal 9.694003e-01 -0.000000e+00 2.454855e-01
    outer loop
      vertex   1.532174e+01 0.000000e+00 -2.009880e+01
      vertex   1.557311e+01 3.000000e+00 -2.109145e+01
      vertex   1.532174e+01 3.000000e+00 -2.009880e+01
    endloop
  endfacet
  facet normal 9.965845e-01 -0.000000e+00 8.257935e-02
    outer loop
      vertex   1.532174e+01 0.000000e+00 -2.009880e+01
      vertex   1.532174e+01 3.000000e+00 -2.009880e+01
      vertex   1.523718e+01 0.000000e+00 -1.907831e+01
    endloop
  endfacet
  facet normal 9.965845e-01 -0.000000e+00 8.257935e-02
    outer loop
      vertex   1.523718e+01 0.000000e+00 -1.907831e+01
      vertex   1.532174e+01 3.000000e+00 -2.009880e+01
      vertex   1.523718e+01 3.000000e+00 -1.907831e+01
    endloop
  endfacet
  facet normal 9.965845e-01 0.000000e+00 -8.257935e-02
    outer loop
      vertex   1.523718e+01 0.000000e+00 -1.907831e+01
      vertex   1.523718e+01 3.000000e+00 -1.907831e+01
      vertex   1.532174e+01 0.000000e+00 -1.805783e+01
    endloop
  endfacet
  facet normal 9.965845e-01 0.000000e+00 -8.257935e-02
    outer loop
      vertex   1.532174e+01 0.000000e+00 -1.805783e+01
      vertex   1.523718e+01 3.000000e+00 -1.907831e+01
      vertex   1.532174e+01 3.000000e+00 -1.805783e+01
    endloop
  endfacet
  facet normal 9.694003e-01 0.000000e+00 -2.454855e-01
    outer loop
      vertex   1.532174e+01 0.000000e+00 -1.805783e+01
      vertex   1.532174e+01 3.000000e+00 -1.805783e+01
      vertex   1.557311e+01 0.000000e+00 -1.706518e+01
    endloop
  endfacet
  facet normal 9.694003e-01 0.000000e+00 -2.454855e-01
    outer loop
      vertex   1.557311e+01 0.000000e+00 -1.706518e+01
      vertex   1.532174e+01 3.000000e+00 -1.805783e+01
      vertex   1.557311e+01 3.000000e+00 -1.706518e+01
    endloop
  endfacet
  facet normal 9.157733e-01 0.000000e+00 -4.016954e-01
    outer loop
      vertex   1.557311e+01 0.000000e+00 -1.706518e+01
      vertex   1.557311e+01 3.000000e+00 -1.706518e+01
      vertex   1.598444e+01 0.000000e+00 -1.612744e+01
    endloop
  endfacet
  facet normal 9.157733e-01 0.000000e+00 -4.016954e-01
    outer loop
      vertex   1.598444e+01 0.000000e+00 -1.612744e+01
      vertex   1.557311e+01 3.000000e+00 -1.706518e+01
      vertex   1.598444e+01 3.000000e+00 -1.612744e+01
    endloop
  endfacet
  facet normal 8.371665e-01 0.000000e+00 -5.469482e-01
    outer loop
      vertex   1.598444e+01 0.000000e+00 -1.612744e+01
      vertex   1.598444e+01 3.000000e+00 -1.612744e+01
      vertex   1.654450e+01 0.000000e+00 -1.527020e+01
    endloop
  endfacet
  facet normal 8.371665e-01 0.000000e+00 -5.469482e-01
    outer loop
      vertex   1.654450e+01 0.000000e+00 -1.527020e+01
      vertex   1.598444e+01 3.000000e+00 -1.612744e+01
      vertex   1.654450e+01 3.000000e+00 -1.527020e+01
    endloop
  endfacet
  facet normal 7.357239e-01 0.000000e+00 -6.772816e-01
    outer loop
      vertex   1.654450e+01 0.000000e+00 -1.527020e+01
      vertex   1.654450e+01 3.000000e+00 -1.527020e+01
      vertex   1.723803e+01 0.000000e+00 -1.451683e+01
    endloop
  endfacet
  facet normal 7.357239e-01 8.020625e-16 -6.772816e-01
    outer loop
      vertex   1.723803e+01 0.000000e+00 -1.451683e+01
      vertex   1.654450e+01 3.000000e+00 -1.527020e+01
      vertex   1.723803e+01 3.000000e+00 -1.451683e+01
    endloop
  endfacet
  facet normal 6.142127e-01 9.345301e-16 -7.891405e-01
    outer loop
      vertex   1.723803e+01 0.000000e+00 -1.451683e+01
      vertex   1.723803e+01 3.000000e+00 -1.451683e+01
      vertex   1.804610e+01 0.000000e+00 -1.388788e+01
    endloop
  endfacet
  facet normal 6.142127e-01 0.000000e+00 -7.891405e-01
    outer loop
      vertex   1.804610e+01 0.000000e+00 -1.388788e+01
      vertex   1.723803e+01 3.000000e+00 -1.451683e+01
      vertex   1.804610e+01 3.000000e+00 -1.388788e+01
    endloop
  endfacet
  facet normal 4.759474e-01 0.000000e+00 -8.794738e-01
    outer loop
      vertex   1.804610e+01 0.000000e+00 -1.388788e+01
      vertex   1.804610e+01 3.000000e+00 -1.388788e+01
      vertex   1.894666e+01 0.000000e+00 -1.340052e+01
    endloop
  endfacet
  facet normal 4.759474e-01 1.041506e-15 -8.794738e-01
    outer loop
      vertex   1.894666e+01 0.000000e+00 -1.340052e+01
      vertex   1.804610e+01 3.000000e+00 -1.388788e+01
      vertex   1.894666e+01 3.000000e+00 -1.340052e+01
    endloop
  endfacet
  facet normal 3.246995e-01 1.120073e-15 -9.458172e-01
    outer loop
      vertex   1.894666e+01 0.000000e+00 -1.340052e+01
      vertex   1.894666e+01 3.000000e+00 -1.340052e+01
      vertex   1.991517e+01 0.000000e+00 -1.306803e+01
    endloop
  endfacet
  facet normal 3.246995e-01 0.000000e+00 -9.458172e-01
    outer loop
      vertex   1.991517e+01 0.000000e+00 -1.306803e+01
      vertex   1.894666e+01 3.000000e+00 -1.340052e+01
      vertex   1.991517e+01 3.000000e+00 -1.306803e+01
    endloop
  endfacet
  facet normal 1.645946e-01 0.000000e+00 -9.863613e-01
    outer loop
      vertex   1.991517e+01 0.000000e+00 -1.306803e+01
      vertex   1.991517e+01 3.000000e+00 -1.306803e+01
      vertex   2.092518e+01 0.000000e+00 -1.289949e+01
    endloop
  endfacet
  facet normal 1.645946e-01 0.000000e+00 -9.863613e-01
    outer loop
      vertex   2.092518e+01 0.000000e+00 -1.289949e+01
      vertex   1.991517e+01 3.000000e+00 -1.306803e+01
      vertex   2.092518e+01 3.000000e+00 -1.289949e+01
    endloop
  endfacet
  facet normal 0.000000e+00 0.000000e+00 -1.000000e+00
    outer loop
      vertex   2.092518e+01 0.000000e+00 -1.289949e+01
      vertex   2.092518e+01 3.000000e+00 -1.289949e+01
      vertex   2.194917e+01 0.000000e+00 -1.289949e+01
    endloop
  endfacet
  facet normal 0.000000e+00 0.000000e+00 -1.000000e+00
    outer loop
      vertex   2.194917e+01 0.000000e+00 -1.289949e+01
      vertex   2.092518e+01 3.000000e+00 -1.289949e+01
      vertex   2.194917e+01 3.000000e+00 -1.289949e+01
    endloop
  endfacet
  facet normal -1.645946e-01 -1.949192e-16 -9.863613e-01
    outer loop
      vertex   2.194917e+01 0.000000e+00 -1.289949e+01
      vertex   2.194917e+01 3.000000e+00 -1.289949e+01
      vertex   2.295919e+01 0.000000e+00 -1.306803e+01
    endloop
  endfacet
  facet normal -1.645946e-01 0.000000e+00 -9.863613e-01
    outer loop
      vertex   2.295919e+01 0.000000e+00 -1.306803e+01
      vertex   2.194917e+01 3.000000e+00 -1.289949e+01
      vertex   2.295919e+01 3.000000e+00 -1.306803e+01
    endloop
  endfacet
  facet normal -3.246995e-01 0.000000e+00 -9.458172e-01
    outer loop
      vertex   2.295919e+01 0.000000e+00 -1.306803e+01
      vertex   2.295919e+01 3.000000e+00 -1.306803e+01
      vertex   2.392769e+01 0.000000e+00 -1.340052e+01
    endloop
  endfacet
  facet normal -3.246995e-01 -7.690428e-16 -9.458172e-01
    outer loop
      vertex   2.392769e+01 0.000000e+00 -1.340052e+01
      vertex   2.295919e+01 3.000000e+00 -1.306803e+01
      vertex   2.392769e+01 3.000000e+00 -1.340052e+01
    endloop
  endfacet
  facet normal -4.759474e-01 -1.127270e-15 -8.794738e-01
    outer loop
      vertex   2.392769e+01 0.000000e+00 -1.340052e+01
      vertex   2.392769e+01 3.000000e+00 -1.340052e+01
      vertex   2.482825e+01 0.000000e+00 -1.388788e+01
    endloop
  endfacet
  facet normal -4.759474e-01 0.000000e+00 -8.794738e-01
    outer loop
      vertex   2.482825e+01 0.000000e+00 -1.388788e+01
      vertex   2.392769e+01 3.000000e+00 -1.340052e+01
      vertex   2.482825e+01 3.000000e+00 -1.388788e+01
    endloop
  endfacet
  facet normal -6.142127e-01 0.000000e+00 -7.891405e-01
    outer loop
      vertex   2.482825e+01 0.000000e+00 -1.388788e+01
      vertex   2.482825e+01 3.000000e+00 -1.388788e+01
      vertex   2.563632e+01 0.000000e+00 -1.451683e+01
    endloop
  endfacet
  facet normal -6.142127e-01 -4.672650e-16 -7.891405e-01
    outer loop
      vertex   2.563632e+01 0.000000e+00 -1.451683e+01
      vertex   2.482825e+01 3.000000e+00 -1.388788e+01
      vertex   2.563632e+01 3.000000e+00 -1.451683e+01
    endloop
  endfacet
  facet normal -7.357239e-01 -4.010313e-16 -6.772816e-01
    outer loop
      vertex   2.563632e+01 0.000000e+00 -1.451683e+01
      vertex   2.563632e+01 3.000000e+00 -1.451683e+01
      vertex   2.632985e+01 0.000000e+00 -1.527020e+01
    endloop
  endfacet
  facet normal -7.357239e-01 0.000000e+00 -6.772816e-01
    outer loop
      vertex   2.632985e+01 0.000000e+00 -1.527020e+01
      vertex   2.563632e+01 3.000000e+00 -1.451683e+01
      vertex   2.632985e+01 3.000000e+00 -1.527020e+01
    endloop
  endfacet
  facet normal -8.371665e-01 0.000000e+00 -5.469482e-01
    outer loop
      vertex   2.632985e+01 0.000000e+00 -1.527020e+01
      vertex   2.632985e+01 3.000000e+00 -1.527020e+01
      vertex   2.688991e+01 0.000000e+00 -1.612744e+01
    endloop
  endfacet
  facet normal -8.371665e-01 -6.477167e-16 -5.469482e-01
    outer loop
      vertex   2.688991e+01 0.000000e+00 -1.612744e+01
      vertex   2.632985e+01 3.000000e+00 -1.527020e+01
      vertex   2.688991e+01 3.000000e+00 -1.612744e+01
    endloop
  endfacet
  facet normal -9.157733e-01 -4.757029e-16 -4.016954e-01
    outer loop
      vertex   2.688991e+01 0.000000e+00 -1.612744e+01
      vertex   2.688991e+01 3.000000e+00 -1.612744e+01
      vertex   2.730124e+01 0.000000e+00 -1.706518e+01
    endloop
  endfacet
  facet normal -9.157733e-01 0.000000e+00 -4.016954e-01
    outer loop
      vertex   2.730124e+01 0.000000e+00 -1.706518e+01
      vertex   2.688991e+01 3.000000e+00 -1.612744e+01
      vertex   2.730124e+01 3.000000e+00 -1.706518e+01
    endloop
  endfacet
  facet normal -9.694003e-01 0.000000e+00 -2.454855e-01
    outer loop
      vertex   2.730124e+01 0.000000e+00 -1.706518e+01
      vertex   2.730124e+01 3.000000e+00 -1.706518e+01
      vertex   2.755262e+01 0.000000e+00 -1.805783e+01
    endloop
  endfacet
  facet normal -9.694003e-01 -5.814264e-16 -2.454855e-01
    outer loop
      vertex   2.755262e+01 0.000000e+00 -1.805783e+01
      vertex   2.730124e+01 3.000000e+00 -1.706518e+01
      vertex   2.755262e+01 3.000000e+00 -1.805783e+01
    endloop
  endfacet
  facet normal -9.914449e-01 0.000000e+00 -1.305262e-01
    outer loop
      vertex   1.214458e+01 2.500000e+00 -8.925479e+01
      vertex   1.214458e+01 5.500000e+00 -8.925479e+01
      vertex   1.218718e+01 2.500000e+00 -8.957831e+01
    endloop
  endfacet
  facet normal -9.914449e-01 0.000000e+00 -1.305262e-01
    outer loop
      vertex   1.218718e+01 2.500000e+00 -8.957831e+01
      vertex   1.214458e+01 5.500000e+00 -8.925479e+01
      vertex   1.218718e+01 5.500000e+00 -8.957831e+01
    endloop
  endfacet
  facet normal -9.914449e-01 0.000000e+00 1.305262e-01
    outer loop
      vertex   1.218718e+01 2.500000e+00 -8.957831e+01
      vertex   1.218718e+01 5.500000e+00 -8.957831e+01
      vertex   1.214458e+01 2.500000e+00 -8.990184e+01
    endloop
  endfacet
  facet normal -9.914449e-01 0.000000e+00 1.305262e-01
    outer loop
      vertex   1.214458e+01 2.500000e+00 -8.990184e+01
      vertex   1.218718e+01 5.500000e+00 -8.957831e+01
      vertex   1.214458e+01 5.500000e+00 -8.990184e+01
    endloop
  endfacet
  facet normal -9.238795e-01 0.000000e+00 3.826834e-01
    outer loop
      vertex   1.214458e+01 2.500000e+00 -8.990184e+01
      vertex   1.214458e+01 5.500000e+00 -8.990184e+01
      vertex   1.201971e+01 2.500000e+00 -9.020331e+01
    endloop
  endfacet
  facet normal -9.238795e-01 0.000000e+00 3.826834e-01
    outer loop
      vertex   1.201971e+01 2.500000e+00 -9.020331e+01
      vertex   1.214458e+01 5.500000e+00 -8.990184e+01
      vertex   1.201971e+01 5.500000e+00 -9.020331e+01
    endloop
  endfacet
  facet normal -7.933533e-01 0.000000e+00 6.087614e-01
    outer loop
      vertex   1.201971e+01 2.500000e+00 -9.020331e+01
      vertex   1.201971e+01 5.500000e+00 -9.020331e+01
      vertex   1.182106e+01 2.500000e+00 -9.046220e+01
    endloop
  endfacet
  facet normal -7.933533e-01 0.000000e+00 6.087614e-01
    outer loop
      vertex   1.182106e+01 2.500000e+00 -9.046220e+01
      vertex   1.201971e+01 5.500000e+00 -9.020331e+01
      vertex   1.182106e+01 5.500000e+00 -9.046220e+01
    endloop
  endfacet
  facet normal -6.087614e-01 0.000000e+00 7.933533e-01
    outer loop
      vertex   1.182106e+01 2.500000e+00 -9.046220e+01
      vertex   1.182106e+01 5.500000e+00 -9.046220e+01
      vertex   1.156218e+01 2.500000e+00 -9.066085e+01
    endloop
  endfacet
  facet normal -6.087614e-01 0.000000e+00 7.933533e-01
    outer loop
      vertex   1.156218e+01 2.500000e+00 -9.066085e+01
      vertex   1.182106e+01 5.500000e+00 -9.046220e+01
      vertex   1.156218e+01 5.500000e+00 -9.066085e+01
    endloop
  endfacet
  facet normal -3.826834e-01 0.000000e+00 9.238795e-01
    outer loop
      vertex   1.156218e+01 2.500000e+00 -9.066085e+01
      vertex   1.156218e+01 5.500000e+00 -9.066085e+01
      vertex   1.126070e+01 2.500000e+00 -9.078572e+01
    endloop
  endfacet
  facet normal -3.826834e-01 0.000000e+00 9.238795e-01
    outer loop
      vertex   1.126070e+01 2.500000e+00 -9.078572e+01
      vertex   1.156218e+01 5.500000e+00 -9.066085e+01
      vertex   1.126070e+01 5.500000e+00 -9.078572e+01
    endloop
  endfacet
  facet normal -1.305262e-01 0.000000e+00 9.914449e-01
    outer loop
      vertex   1.126070e+01 2.500000e+00 -9.078572e+01
      vertex   1.126070e+01 5.500000e+00 -9.078572e+01
      vertex   1.093718e+01 2.500000e+00 -9.082831e+01
    endloop
  endfacet
  facet normal -1.305262e-01 0.000000e+00 9.914449e-01
    outer loop
      vertex   1.093718e+01 2.500000e+00 -9.082831e+01
      vertex   1.126070e+01 5.500000e+00 -9.078572e+01
      vertex   1.093718e+01 5.500000e+00 -9.082831e+01
    endloop
  endfacet
  facet normal 1.305262e-01 -0.000000e+00 9.914449e-01
    outer loop
      vertex   1.093718e+01 2.500000e+00 -9.082831e+01
      vertex   1.093718e+01 5.500000e+00 -9.082831e+01
      vertex   1.061365e+01 2.500000e+00 -9.078572e+01
    endloop
  endfacet
  facet normal 1.305262e-01 -0.000000e+00 9.914449e-01
    outer loop
      vertex   1.061365e+01 2.500000e+00 -9.078572e+01
      vertex   1.093718e+01 5.500000e+00 -9.082831e+01
      vertex   1.061365e+01 5.500000e+00 -9.078572e+01
    endloop
  endfacet
  facet normal 3.826834e-01 -0.000000e+00 9.238795e-01
    outer loop
      vertex   1.061365e+01 2.500000e+00 -9.078572e+01
      vertex   1.061365e+01 5.500000e+00 -9.078572e+01
      vertex   1.031218e+01 2.500000e+00 -9.066085e+01
    endloop
  endfacet
  facet normal 3.826834e-01 -0.000000e+00 9.238795e-01
    outer loop
      vertex   1.031218e+01 2.500000e+00 -9.066085e+01
      vertex   1.061365e+01 5.500000e+00 -9.078572e+01
      vertex   1.031218e+01 5.500000e+00 -9.066085e+01
    endloop
  endfacet
  facet normal 6.087614e-01 -0.000000e+00 7.933533e-01
    outer loop
      vertex   1.031218e+01 2.500000e+00 -9.066085e+01
      vertex   1.031218e+01 5.500000e+00 -9.066085e+01
      vertex   1.005329e+01 2.500000e+00 -9.046220e+01
    endloop
  endfacet
  facet normal 6.087614e-01 -0.000000e+00 7.933533e-01
    outer loop
      vertex   1.005329e+01 2.500000e+00 -9.046220e+01
      vertex   1.031218e+01 5.500000e+00 -9.066085e+01
      vertex   1.005329e+01 5.500000e+00 -9.046220e+01
    endloop
  endfacet
  facet normal 7.933533e-01 -0.000000e+00 6.087614e-01
    outer loop
      vertex   1.005329e+01 2.500000e+00 -9.046220e+01
      vertex   1.005329e+01 5.500000e+00 -9.046220e+01
      vertex   9.854643e+00 2.500000e+00 -9.020331e+01
    endloop
  endfacet
  facet normal 7.933533e-01 -0.000000e+00 6.087614e-01
    outer loop
      vertex   9.854643e+00 2.500000e+00 -9.020331e+01
      vertex   1.005329e+01 5.500000e+00 -9.046220e+01
      vertex   9.854643e+00 5.500000e+00 -9.020331e+01
    endloop
  endfacet
  facet normal 9.238795e-01 -0.000000e+00 3.826834e-01
    outer loop
      vertex   9.854643e+00 2.500000e+00 -9.020331e+01
      vertex   9.854643e+00 5.500000e+00 -9.020331e+01
      vertex   9.729768e+00 2.500000e+00 -8.990184e+01
    endloop
  endfacet
  facet normal 9.238795e-01 -0.000000e+00 3.826834e-01
    outer loop
      vertex   9.729768e+00 2.500000e+00 -8.990184e+01
      vertex   9.854643e+00 5.500000e+00 -9.020331e+01
      vertex   9.729768e+00 5.500000e+00 -8.990184e+01
    endloop
  endfacet
  facet normal 9.914449e-01 -0.000000e+00 1.305262e-01
    outer loop
      vertex   9.729768e+00 2.500000e+00 -8.990184e+01
      vertex   9.729768e+00 5.500000e+00 -8.990184e+01
      vertex   9.687175e+00 2.500000e+00 -8.957831e+01
    endloop
  endfacet
  facet normal 9.914449e-01 -0.000000e+00 1.305262e-01
    outer loop
      vertex   9.687175e+00 2.500000e+00 -8.957831e+01
      vertex   9.729768e+00 5.500000e+00 -8.990184e+01
      vertex   9.687175e+00 5.500000e+00 -8.957831e+01
    endloop
  endfacet
  facet normal 9.914449e-01 0.000000e+00 -1.305262e-01
    outer loop
      vertex   9.687175e+00 2.500000e+00 -8.957831e+01
      vertex   9.687175e+00 5.500000e+00 -8.957831e+01
      vertex   9.729768e+00 2.500000e+00 -8.925479e+01
    endloop
  endfacet
  facet normal 9.914449e-01 0.000000e+00 -1.305262e-01
    outer loop
      vertex   9.729768e+00 2.500000e+00 -8.925479e+01
      vertex   9.687175e+00 5.500000e+00 -8.957831e+01
      vertex   9.729768e+00 5.500000e+00 -8.925479e+01
    endloop
  endfacet
  facet normal 9.238795e-01 0.000000e+00 -3.826834e-01
    outer loop
      vertex   9.729768e+00 2.500000e+00 -8.925479e+01
      vertex   9.729768e+00 5.500000e+00 -8.925479e+01
      vertex   9.854643e+00 2.500000e+00 -8.895331e+01
    endloop
  endfacet
  facet normal 9.238795e-01 0.000000e+00 -3.826834e-01
    outer loop
      vertex   9.854643e+00 2.500000e+00 -8.895331e+01
      vertex   9.729768e+00 5.500000e+00 -8.925479e+01
      vertex   9.854643e+00 5.500000e+00 -8.895331e+01
    endloop
  endfacet
  facet normal 7.933533e-01 0.000000e+00 -6.087614e-01
    outer loop
      vertex   9.854643e+00 2.500000e+00 -8.895331e+01
      vertex   9.854643e+00 5.500000e+00 -8.895331e+01
      vertex   1.005329e+01 2.500000e+00 -8.869443e+01
    endloop
  endfacet
  facet normal 7.933533e-01 0.000000e+00 -6.087614e-01
    outer loop
      vertex   1.005329e+01 2.500000e+00 -8.869443e+01
      vertex   9.854643e+00 5.500000e+00 -8.895331e+01
      vertex   1.005329e+01 5.500000e+00 -8.869443e+01
    endloop
  endfacet
  facet normal 6.087614e-01 0.000000e+00 -7.933533e-01
    outer loop
      vertex   1.005329e+01 2.500000e+00 -8.869443e+01
      vertex   1.005329e+01 5.500000e+00 -8.869443e+01
      vertex   1.031218e+01 2.500000e+00 -8.849578e+01
    endloop
  endfacet
  facet normal 6.087614e-01 0.000000e+00 -7.933533e-01
    outer loop
      vertex   1.031218e+01 2.500000e+00 -8.849578e+01
      vertex   1.005329e+01 5.500000e+00 -8.869443e+01
      vertex   1.031218e+01 5.500000e+00 -8.849578e+01
    endloop
  endfacet
  facet normal 3.826834e-01 0.000000e+00 -9.238795e-01
    outer loop
      vertex   1.031218e+01 2.500000e+00 -8.849578e+01
      vertex   1.031218e+01 5.500000e+00 -8.849578e+01
      vertex   1.061365e+01 2.500000e+00 -8.837091e+01
    endloop
  endfacet
  facet normal 3.826834e-01 0.000000e+00 -9.238795e-01
    outer loop
      vertex   1.061365e+01 2.500000e+00 -8.837091e+01
      vertex   1.031218e+01 5.500000e+00 -8.849578e+01
      vertex   1.061365e+01 5.500000e+00 -8.837091e+01
    endloop
  endfacet
  facet normal 1.305262e-01 0.000000e+00 -9.914449e-01
    outer loop
      vertex   1.061365e+01 2.500000e+00 -8.837091e+01
      vertex   1.061365e+01 5.500000e+00 -8.837091e+01
      vertex   1.093718e+01 2.500000e+00 -8.832831e+01
    endloop
  endfacet
  facet normal 1.305262e-01 0.000000e+00 -9.914449e-01
    outer loop
      vertex   1.093718e+01 2.500000e+00 -8.832831e+01
      vertex   1.061365e+01 5.500000e+00 -8.837091e+01
      vertex   1.093718e+01 5.500000e+00 -8.832831e+01
    endloop
  endfacet
  facet normal -1.305262e-01 0.000000e+00 -9.914449e-01
    outer loop
      vertex   1.093718e+01 2.500000e+00 -8.832831e+01
      vertex   1.093718e+01 5.500000e+00 -8.832831e+01
      vertex   1.126070e+01 2.500000e+00 -8.837091e+01
    endloop
  endfacet
  facet normal -1.305262e-01 0.000000e+00 -9.914449e-01
    outer loop
      vertex   1.126070e+01 2.500000e+00 -8.837091e+01
      vertex   1.093718e+01 5.500000e+00 -8.832831e+01
      vertex   1.126070e+01 5.500000e+00 -8.837091e+01
    endloop
  endfacet
  facet normal -3.826834e-01 0.000000e+00 -9.238795e-01
    outer loop
      vertex   1.126070e+01 2.500000e+00 -8.837091e+01
      vertex   1.126070e+01 5.500000e+00 -8.837091e+01
      vertex   1.156218e+01 2.500000e+00 -8.849578e+01
    endloop
  endfacet
  facet normal -3.826834e-01 0.000000e+00 -9.238795e-01
    outer loop
      vertex   1.156218e+01 2.500000e+00 -8.849578e+01
      vertex   1.126070e+01 5.500000e+00 -8.837091e+01
      vertex   1.156218e+01 5.500000e+00 -8.849578e+01
    endloop
  endfacet
  facet normal -6.087614e-01 0.000000e+00 -7.933533e-01
    outer loop
      vertex   1.156218e+01 2.500000e+00 -8.849578e+01
      vertex   1.156218e+01 5.500000e+00 -8.849578e+01
      vertex   1.182106e+01 2.500000e+00 -8.869443e+01
    endloop
  endfacet
  facet normal -6.087614e-01 0.000000e+00 -7.933533e-01
    outer loop
      vertex   1.182106e+01 2.500000e+00 -8.869443e+01
      vertex   1.156218e+01 5.500000e+00 -8.849578e+01
      vertex   1.182106e+01 5.500000e+00 -8.869443e+01
    endloop
  endfacet
  facet normal -7.933533e-01 0.000000e+00 -6.087614e-01
    outer loop
      vertex   1.182106e+01 2.500000e+00 -8.869443e+01
      vertex   1.182106e+01 5.500000e+00 -8.869443e+01
      vertex   1.201971e+01 2.500000e+00 -8.895331e+01
    endloop
  endfacet
  facet normal -7.933533e-01 0.000000e+00 -6.087614e-01
    outer loop
      vertex   1.201971e+01 2.500000e+00 -8.895331e+01
      vertex   1.182106e+01 5.500000e+00 -8.869443e+01
      vertex   1.201971e+01 5.500000e+00 -8.895331e+01
    endloop
  endfacet
  facet normal -9.238795e-01 0.000000e+00 -3.826834e-01
    outer loop
      vertex   1.201971e+01 2.500000e+00 -8.895331e+01
      vertex   1.201971e+01 5.500000e+00 -8.895331e+01
      vertex   1.214458e+01 2.500000e+00 -8.925479e+01
    endloop
  endfacet
  facet normal -9.238795e-01 0.000000e+00 -3.826834e-01
    outer loop
      vertex   1.214458e+01 2.500000e+00 -8.925479e+01
      vertex   1.201971e+01 5.500000e+00 -8.895331e+01
      vertex   1.214458e+01 5.500000e+00 -8.925479e+01
    endloop
  endfacet
  facet normal 0.000000e+00 1.000000e+00 -0.000000e+00
    outer loop
      vertex   1.214458e+01 2.500000e+00 -8.990184e+01
      vertex   9.729768e+00 2.500000e+00 -8.990184e+01
      vertex   1.218718e+01 2.500000e+00 -8.957831e+01
    endloop
  endfacet
  facet normal 0.000000e+00 1.000000e+00 0.000000e+00
    outer loop
      vertex   1.218718e+01 2.500000e+00 -8.957831e+01
      vertex   9.729768e+00 2.500000e+00 -8.990184e+01
      vertex   9.687175e+00 2.500000e+00 -8.957831e+01
    endloop
  endfacet
  facet normal 0.000000e+00 1.000000e+00 0.000000e+00
    outer loop
      vertex   1.218718e+01 2.500000e+00 -8.957831e+01
      vertex   9.687175e+00 2.500000e+00 -8.957831e+01
      vertex   1.214458e+01 2.500000e+00 -8.925479e+01
    endloop
  endfacet
  facet normal 0.000000e+00 1.000000e+00 0.000000e+00
    outer loop
      vertex   1.214458e+01 2.500000e+00 -8.925479e+01
      vertex   9.687175e+00 2.500000e+00 -8.957831e+01
      vertex   9.729768e+00 2.500000e+00 -8.925479e+01
    endloop
  endfacet
  facet normal 0.000000e+00 1.000000e+00 0.000000e+00
    outer loop
      vertex   1.214458e+01 2.500000e+00 -8.925479e+01
      vertex   9.729768e+00 2.500000e+00 -8.925479e+01
      vertex   1.201971e+01 2.500000e+00 -8.895331e+01
    endloop
  endfacet
  facet normal 0.000000e+00 1.000000e+00 0.000000e+00
    outer loop
      vertex   1.201971e+01 2.500000e+00 -8.895331e+01
      vertex   9.729768e+00 2.500000e+00 -8.925479e+01
      vertex   9.854643e+00 2.500000e+00 -8.895331e+01
    endloop
  endfacet
  facet normal 0.000000e+00 1.000000e+00 0.000000e+00
    outer loop
      vertex   1.201971e+01 2.500000e+00 -8.895331e+01
      vertex   9.854643e+00 2.500000e+00 -8.895331e+01
      vertex   1.182106e+01 2.500000e+00 -8.869443e+01
    endloop
  endfacet
  facet normal 0.000000e+00 1.000000e+00 0.000000e+00
    outer loop
      vertex   1.182106e+01 2.500000e+00 -8.869443e+01
      vertex   9.854643e+00 2.500000e+00 -8.895331e+01
      vertex   1.005329e+01 2.500000e+00 -8.869443e+01
    endloop
  endfacet
  facet normal 0.000000e+00 1.000000e+00 0.000000e+00
    outer loop
      vertex   1.182106e+01 2.500000e+00 -8.869443e+01
      vertex   1.005329e+01 2.500000e+00 -8.869443e+01
      vertex   1.156218e+01 2.500000e+00 -8.849578e+01
    endloop
  endfacet
  facet normal 0.000000e+00 1.000000e+00 0.000000e+00
    outer loop
      vertex   1.156218e+01 2.500000e+00 -8.849578e+01
      vertex   1.005329e+01 2.500000e+00 -8.869443e+01
      vertex   1.031218e+01 2.500000e+00 -8.849578e+01
    endloop
  endfacet
  facet normal 0.000000e+00 1.000000e+00 0.000000e+00
    outer loop
      vertex   1.156218e+01 2.500000e+00 -8.849578e+01
      vertex   1.031218e+01 2.500000e+00 -8.849578e+01
      vertex   1.126070e+01 2.500000e+00 -8.837091e+01
    endloop
  endfacet
  facet normal 0.000000e+00 1.000000e+00 0.000000e+00
    outer loop
      vertex   1.126070e+01 2.500000e+00 -8.837091e+01
      vertex   1.031218e+01 2.500000e+00 -8.849578e+01
      vertex   1.061365e+01 2.500000e+00 -8.837091e+01
    endloop
  endfacet
  facet normal 0.000000e+00 1.000000e+00 0.000000e+00
    outer loop
      vertex   1.126070e+01 2.500000e+00 -8.837091e+01
      vertex   1.061365e+01 2.500000e+00 -8.837091e+01
      vertex   1.093718e+01 2.500000e+00 -8.832831e+01
    endloop
  endfacet
  facet normal -0.000000e+00 1.000000e+00 0.000000e+00
    outer loop
      vertex   9.729768e+00 2.500000e+00 -8.990184e+01
      vertex   1.214458e+01 2.500000e+00 -8.990184e+01
      vertex   9.854643e+00 2.500000e+00 -9.020331e+01
    endloop
  endfacet
  facet normal 0.000000e+00 1.000000e+00 0.000000e+00
    outer loop
      vertex   9.854643e+00 2.500000e+00 -9.020331e+01
      vertex   1.214458e+01 2.500000e+00 -8.990184e+01
      vertex   1.201971e+01 2.500000e+00 -9.020331e+01
    endloop
  endfacet
  facet normal -0.000000e+00 1.000000e+00 0.000000e+00
    outer loop
      vertex   9.854643e+00 2.500000e+00 -9.020331e+01
      vertex   1.201971e+01 2.500000e+00 -9.020331e+01
      vertex   1.005329e+01 2.500000e+00 -9.046220e+01
    endloop
  endfacet
  facet normal 0.000000e+00 1.000000e+00 0.000000e+00
    outer loop
      vertex   1.005329e+01 2.500000e+00 -9.046220e+01
      vertex   1.201971e+01 2.500000e+00 -9.020331e+01
      vertex   1.182106e+01 2.500000e+00 -9.046220e+01
    endloop
  endfacet
  facet normal -0.000000e+00 1.000000e+00 0.000000e+00
    outer loop
      vertex   1.005329e+01 2.500000e+00 -9.046220e+01
      vertex   1.182106e+01 2.500000e+00 -9.046220e+01
      vertex   1.031218e+01 2.500000e+00 -9.066085e+01
    endloop
  endfacet
  facet normal 0.000000e+00 1.000000e+00 0.000000e+00
    outer loop
      vertex   1.031218e+01 2.500000e+00 -9.066085e+01
      vertex   1.182106e+01 2.500000e+00 -9.046220e+01
      vertex   1.156218e+01 2.500000e+00 -9.066085e+01
    endloop
  endfacet
  facet normal -0.000000e+00 1.000000e+00 0.000000e+00
    outer loop
      vertex   1.031218e+01 2.500000e+00 -9.066085e+01
      vertex   1.156218e+01 2.500000e+00 -9.066085e+01
      vertex   1.061365e+01 2.500000e+00 -9.078572e+01
    endloop
  endfacet
  facet normal 0.000000e+00 1.000000e+00 0.000000e+00
    outer loop
      vertex   1.061365e+01 2.500000e+00 -9.078572e+01
      vertex   1.156218e+01 2.500000e+00 -9.066085e+01
      vertex   1.126070e+01 2.500000e+00 -9.078572e+01
    endloop
  endfacet
  facet normal -0.000000e+00 1.000000e+00 0.000000e+00
    outer loop
      vertex   1.061365e+01 2.500000e+00 -9.078572e+01
      vertex   1.126070e+01 2.500000e+00 -9.078572e+01
      vertex   1.093718e+01 2.500000e+00 -9.082831e+01
    endloop
  endfacet
  facet normal -9.914449e-01 0.000000e+00 -1.305262e-01
    outer loop
      vertex   1.214458e+01 2.500000e+00 -6.025479e+01
      vertex   1.214458e+01 5.500000e+00 -6.025479e+01
      vertex   1.218718e+01 2.500000e+00 -6.057831e+01
    endloop
  endfacet
  facet normal -9.914449e-01 0.000000e+00 -1.305262e-01
    outer loop
      vertex   1.218718e+01 2.500000e+00 -6.057831e+01
      vertex   1.214458e+01 5.500000e+00 -6.025479e+01
      vertex   1.218718e+01 5.500000e+00 -6.057831e+01
    endloop
  endfacet
  facet normal -9.914449e-01 0.000000e+00 1.305262e-01
    outer loop
      vertex   1.218718e+01 2.500000e+00 -6.057831e+01
      vertex   1.218718e+01 5.500000e+00 -6.057831e+01
      vertex   1.214458e+01 2.500000e+00 -6.090184e+01
    endloop
  endfacet
  facet normal -9.914449e-01 0.000000e+00 1.305262e-01
    outer loop
      vertex   1.214458e+01 2.500000e+00 -6.090184e+01
      vertex   1.218718e+01 5.500000e+00 -6.057831e+01
      vertex   1.214458e+01 5.500000e+00 -6.090184e+01
    endloop
  endfacet
  facet normal -9.238795e-01 0.000000e+00 3.826834e-01
    outer loop
      vertex   1.214458e+01 2.500000e+00 -6.090184e+01
      vertex   1.214458e+01 5.500000e+00 -6.090184e+01
      vertex   1.201971e+01 2.500000e+00 -6.120331e+01
    endloop
  endfacet
  facet normal -9.238795e-01 0.000000e+00 3.826834e-01
    outer loop
      vertex   1.201971e+01 2.500000e+00 -6.120331e+01
      vertex   1.214458e+01 5.500000e+00 -6.090184e+01
      vertex   1.201971e+01 5.500000e+00 -6.120331e+01
    endloop
  endfacet
  facet normal -7.933533e-01 0.000000e+00 6.087614e-01
    outer loop
      vertex   1.201971e+01 2.500000e+00 -6.120331e+01
      vertex   1.201971e+01 5.500000e+00 -6.120331e+01
      vertex   1.182106e+01 2.500000e+00 -6.146220e+01
    endloop
  endfacet
  facet normal -7.933533e-01 0.000000e+00 6.087614e-01
    outer loop
      vertex   1.182106e+01 2.500000e+00 -6.146220e+01
      vertex   1.201971e+01 5.500000e+00 -6.120331e+01
      vertex   1.182106e+01 5.500000e+00 -6.146220e+01
    endloop
  endfacet
  facet normal -6.087614e-01 0.000000e+00 7.933533e-01
    outer loop
      vertex   1.182106e+01 2.500000e+00 -6.146220e+01
      vertex   1.182106e+01 5.500000e+00 -6.146220e+01
      vertex   1.156218e+01 2.500000e+00 -6.166085e+01
    endloop
  endfacet
  facet normal -6.087614e-01 0.000000e+00 7.933533e-01
    outer loop
      vertex   1.156218e+01 2.500000e+00 -6.166085e+01
      vertex   1.182106e+01 5.500000e+00 -6.146220e+01
      vertex   1.156218e+01 5.500000e+00 -6.166085e+01
    endloop
  endfacet
  facet normal -3.826834e-01 0.000000e+00 9.238795e-01
    outer loop
      vertex   1.156218e+01 2.500000e+00 -6.166085e+01
      vertex   1.156218e+01 5.500000e+00 -6.166085e+01
      vertex   1.126070e+01 2.500000e+00 -6.178572e+01
    endloop
  endfacet
  facet normal -3.826834e-01 0.000000e+00 9.238795e-01
    outer loop
      vertex   1.126070e+01 2.500000e+00 -6.178572e+01
      vertex   1.156218e+01 5.500000e+00 -6.166085e+01
      vertex   1.126070e+01 5.500000e+00 -6.178572e+01
    endloop
  endfacet
  facet normal -1.305262e-01 0.000000e+00 9.914449e-01
    outer loop
      vertex   1.126070e+01 2.500000e+00 -6.178572e+01
      vertex   1.126070e+01 5.500000e+00 -6.178572e+01
      vertex   1.093718e+01 2.500000e+00 -6.182831e+01
    endloop
  endfacet
  facet normal -1.305262e-01 0.000000e+00 9.914449e-01
    outer loop
      vertex   1.093718e+01 2.500000e+00 -6.182831e+01
      vertex   1.126070e+01 5.500000e+00 -6.178572e+01
      vertex   1.093718e+01 5.500000e+00 -6.182831e+01
    endloop
  endfacet
  facet normal 1.305262e-01 -0.000000e+00 9.914449e-01
    outer loop
      vertex   1.093718e+01 2.500000e+00 -6.182831e+01
      vertex   1.093718e+01 5.500000e+00 -6.182831e+01
      vertex   1.061365e+01 2.500000e+00 -6.178572e+01
    endloop
  endfacet
  facet normal 1.305262e-01 -0.000000e+00 9.914449e-01
    outer loop
      vertex   1.061365e+01 2.500000e+00 -6.178572e+01
      vertex   1.093718e+01 5.500000e+00 -6.182831e+01
      vertex   1.061365e+01 5.500000e+00 -6.178572e+01
    endloop
  endfacet
  facet normal 3.826834e-01 -0.000000e+00 9.238795e-01
    outer loop
      vertex   1.061365e+01 2.500000e+00 -6.178572e+01
      vertex   1.061365e+01 5.500000e+00 -6.178572e+01
      vertex   1.031218e+01 2.500000e+00 -6.166085e+01
    endloop
  endfacet
  facet normal 3.826834e-01 -0.000000e+00 9.238795e-01
    outer loop
      vertex   1.031218e+01 2.500000e+00 -6.166085e+01
      vertex   1.061365e+01 5.500000e+00 -6.178572e+01
      vertex   1.031218e+01 5.500000e+00 -6.166085e+01
    endloop
  endfacet
  facet normal 6.087614e-01 -0.000000e+00 7.933533e-01
    outer loop
      vertex   1.031218e+01 2.500000e+00 -6.166085e+01
      vertex   1.031218e+01 5.500000e+00 -6.166085e+01
      vertex   1.005329e+01 2.500000e+00 -6.146220e+01
    endloop
  endfacet
  facet normal 6.087614e-01 -0.000000e+00 7.933533e-01
    outer loop
      vertex   1.005329e+01 2.500000e+00 -6.146220e+01
      vertex   1.031218e+01 5.500000e+00 -6.166085e+01
      vertex   1.005329e+01 5.500000e+00 -6.146220e+01
    endloop
  endfacet
  facet normal 7.933533e-01 -0.000000e+00 6.087614e-01
    outer loop
      vertex   1.005329e+01 2.500000e+00 -6.146220e+01
      vertex   1.005329e+01 5.500000e+00 -6.146220e+01
      vertex   9.854643e+00 2.500000e+00 -6.120331e+01
    endloop
  endfacet
  facet normal 7.933533e-01 -0.000000e+00 6.087614e-01
    outer loop
      vertex   9.854643e+00 2.500000e+00 -6.120331e+01
      vertex   1.005329e+01 5.500000e+00 -6.146220e+01
      vertex   9.854643e+00 5.500000e+00 -6.120331e+01
    endloop
  endfacet
  facet normal 9.238795e-01 -0.000000e+00 3.826834e-01
    outer loop
      vertex   9.854643e+00 2.500000e+00 -6.120331e+01
      vertex   9.854643e+00 5.500000e+00 -6.120331e+01
      vertex   9.729768e+00 2.500000e+00 -6.090184e+01
    endloop
  endfacet
  facet normal 9.238795e-01 -0.000000e+00 3.826834e-01
    outer loop
      vertex   9.729768e+00 2.500000e+00 -6.090184e+01
      vertex   9.854643e+00 5.500000e+00 -6.120331e+01
      vertex   9.729768e+00 5.500000e+00 -6.090184e+01
    endloop
  endfacet
  facet normal 9.914449e-01 -0.000000e+00 1.305262e-01
    outer loop
      vertex   9.729768e+00 2.500000e+00 -6.090184e+01
      vertex   9.729768e+00 5.500000e+00 -6.090184e+01
      vertex   9.687175e+00 2.500000e+00 -6.057831e+01
    endloop
  endfacet
  facet normal 9.914449e-01 -0.000000e+00 1.305262e-01
    outer loop
      vertex   9.687175e+00 2.500000e+00 -6.057831e+01
      vertex   9.729768e+00 5.500000e+00 -6.090184e+01
      vertex   9.687175e+00 5.500000e+00 -6.057831e+01
    endloop
  endfacet
  facet normal 9.914449e-01 0.000000e+00 -1.305262e-01
    outer loop
      vertex   9.687175e+00 2.500000e+00 -6.057831e+01
      vertex   9.687175e+00 5.500000e+00 -6.057831e+01
      vertex   9.729768e+00 2.500000e+00 -6.025479e+01
    endloop
  endfacet
  facet normal 9.914449e-01 0.000000e+00 -1.305262e-01
    outer loop
      vertex   9.729768e+00 2.500000e+00 -6.025479e+01
      vertex   9.687175e+00 5.500000e+00 -6.057831e+01
      vertex   9.729768e+00 5.500000e+00 -6.025479e+01
    endloop
  endfacet
  facet normal 9.238795e-01 0.000000e+00 -3.826834e-01
    outer loop
      vertex   9.729768e+00 2.500000e+00 -6.025479e+01
      vertex   9.729768e+00 5.500000e+00 -6.025479e+01
      vertex   9.854643e+00 2.500000e+00 -5.995331e+01
    endloop
  endfacet
  facet normal 9.238795e-01 0.000000e+00 -3.826834e-01
    outer loop
      vertex   9.854643e+00 2.500000e+00 -5.995331e+01
      vertex   9.729768e+00 5.500000e+00 -6.025479e+01
      vertex   9.854643e+00 5.500000e+00 -5.995331e+01
    endloop
  endfacet
  facet normal 7.933533e-01 0.000000e+00 -6.087614e-01
    outer loop
      vertex   9.854643e+00 2.500000e+00 -5.995331e+01
      vertex   9.854643e+00 5.500000e+00 -5.995331e+01
      vertex   1.005329e+01 2.500000e+00 -5.969443e+01
    endloop
  endfacet
  facet normal 7.933533e-01 0.000000e+00 -6.087614e-01
    outer loop
      vertex   1.005329e+01 2.500000e+00 -5.969443e+01
      vertex   9.854643e+00 5.500000e+00 -5.995331e+01
      vertex   1.005329e+01 5.500000e+00 -5.969443e+01
    endloop
  endfacet
  facet normal 6.087614e-01 0.000000e+00 -7.933533e-01
    outer loop
      vertex   1.005329e+01 2.500000e+00 -5.969443e+01
      vertex   1.005329e+01 5.500000e+00 -5.969443e+01
      vertex   1.031218e+01 2.500000e+00 -5.949578e+01
    endloop
  endfacet
  facet normal 6.087614e-01 0.000000e+00 -7.933533e-01
    outer loop
      vertex   1.031218e+01 2.500000e+00 -5.949578e+01
      vertex   1.005329e+01 5.500000e+00 -5.969443e+01
      vertex   1.031218e+01 5.500000e+00 -5.949578e+01
    endloop
  endfacet
  facet normal 3.826834e-01 0.000000e+00 -9.238795e-01
    outer loop
      vertex   1.031218e+01 2.500000e+00 -5.949578e+01
      vertex   1.031218e+01 5.500000e+00 -5.949578e+01
      vertex   1.061365e+01 2.500000e+00 -5.937091e+01
    endloop
  endfacet
  facet normal 3.826834e-01 0.000000e+00 -9.238795e-01
    outer loop
      vertex   1.061365e+01 2.500000e+00 -5.937091e+01
      vertex   1.031218e+01 5.500000e+00 -5.949578e+01
      vertex   1.061365e+01 5.500000e+00 -5.937091e+01
    endloop
  endfacet
  facet normal 1.305262e-01 0.000000e+00 -9.914449e-01
    outer loop
      vertex   1.061365e+01 2.500000e+00 -5.937091e+01
      vertex   1.061365e+01 5.500000e+00 -5.937091e+01
      vertex   1.093718e+01 2.500000e+00 -5.932831e+01
    endloop
  endfacet
  facet normal 1.305262e-01 0.000000e+00 -9.914449e-01
    outer loop
      vertex   1.093718e+01 2.500000e+00 -5.932831e+01
      vertex   1.061365e+01 5.500000e+00 -5.937091e+01
      vertex   1.093718e+01 5.500000e+00 -5.932831e+01
    endloop
  endfacet
  facet normal -1.305262e-01 0.000000e+00 -9.914449e-01
    outer loop
      vertex   1.093718e+01 2.500000e+00 -5.932831e+01
      vertex   1.093718e+01 5.500000e+00 -5.932831e+01
      vertex   1.126070e+01 2.500000e+00 -5.937091e+01
    endloop
  endfacet
  facet normal -1.305262e-01 0.000000e+00 -9.914449e-01
    outer loop
      vertex   1.126070e+01 2.500000e+00 -5.937091e+01
      vertex   1.093718e+01 5.500000e+00 -5.932831e+01
      vertex   1.126070e+01 5.500000e+00 -5.937091e+01
    endloop
  endfacet
  facet normal -3.826834e-01 0.000000e+00 -9.238795e-01
    outer loop
      vertex   1.126070e+01 2.500000e+00 -5.937091e+01
      vertex   1.126070e+01 5.500000e+00 -5.937091e+01
      vertex   1.156218e+01 2.500000e+00 -5.949578e+01
    endloop
  endfacet
  facet normal -3.826834e-01 0.000000e+00 -9.238795e-01
    outer loop
      vertex   1.156218e+01 2.500000e+00 -5.949578e+01
      vertex   1.126070e+01 5.500000e+00 -5.937091e+01
      vertex   1.156218e+01 5.500000e+00 -5.949578e+01
    endloop
  endfacet
  facet normal -6.087614e-01 0.000000e+00 -7.933533e-01
    outer loop
      vertex   1.156218e+01 2.500000e+00 -5.949578e+01
      vertex   1.156218e+01 5.500000e+00 -5.949578e+01
      vertex   1.182106e+01 2.500000e+00 -5.969443e+01
    endloop
  endfacet
  facet normal -6.087614e-01 0.000000e+00 -7.933533e-01
    outer loop
      vertex   1.182106e+01 2.500000e+00 -5.969443e+01
      vertex   1.156218e+01 5.500000e+00 -5.949578e+01
      vertex   1.182106e+01 5.500000e+00 -5.969443e+01
    endloop
  endfacet
  facet normal -7.933533e-01 0.000000e+00 -6.087614e-01
    outer loop
      vertex   1.182106e+01 2.500000e+00 -5.969443e+01
      vertex   1.182106e+01 5.500000e+00 -5.969443e+01
      vertex   1.201971e+01 2.500000e+00 -5.995331e+01
    endloop
  endfacet
  facet normal -7.933533e-01 0.000000e+00 -6.087614e-01
    outer loop
      vertex   1.201971e+01 2.500000e+00 -5.995331e+01
      vertex   1.182106e+01 5.500000e+00 -5.969443e+01
      vertex   1.201971e+01 5.500000e+00 -5.995331e+01
    endloop
  endfacet
  facet normal -9.238795e-01 0.000000e+00 -3.826834e-01
    outer loop
      vertex   1.201971e+01 2.500000e+00 -5.995331e+01
      vertex   1.201971e+01 5.500000e+00 -5.995331e+01
      vertex   1.214458e+01 2.500000e+00 -6.025479e+01
    endloop
  endfacet
  facet normal -9.238795e-01 0.000000e+00 -3.826834e-01
    outer loop
      vertex   1.214458e+01 2.500000e+00 -6.025479e+01
      vertex   1.201971e+01 5.500000e+00 -5.995331e+01
      vertex   1.214458e+01 5.500000e+00 -6.025479e+01
    endloop
  endfacet
  facet normal 0.000000e+00 1.000000e+00 -0.000000e+00
    outer loop
      vertex   1.214458e+01 2.500000e+00 -6.090184e+01
      vertex   9.729768e+00 2.500000e+00 -6.090184e+01
      vertex   1.218718e+01 2.500000e+00 -6.057831e+01
    endloop
  endfacet
  facet normal 0.000000e+00 1.000000e+00 0.000000e+00
    outer loop
      vertex   1.218718e+01 2.500000e+00 -6.057831e+01
      vertex   9.729768e+00 2.500000e+00 -6.090184e+01
      vertex   9.687175e+00 2.500000e+00 -6.057831e+01
    endloop
  endfacet
  facet normal 0.000000e+00 1.000000e+00 0.000000e+00
    outer loop
      vertex   1.218718e+01 2.500000e+00 -6.057831e+01
      vertex   9.687175e+00 2.500000e+00 -6.057831e+01
      vertex   1.214458e+01 2.500000e+00 -6.025479e+01
    endloop
  endfacet
  facet normal 0.000000e+00 1.000000e+00 0.000000e+00
    outer loop
      vertex   1.214458e+01 2.500000e+00 -6.025479e+01
      vertex   9.687175e+00 2.500000e+00 -6.057831e+01
      vertex   9.729768e+00 2.500000e+00 -6.025479e+01
    endloop
  endfacet
  facet normal 0.000000e+00 1.000000e+00 0.000000e+00
    outer loop
      vertex   1.214458e+01 2.500000e+00 -6.025479e+01
      vertex   9.729768e+00 2.500000e+00 -6.025479e+01
      vertex   1.201971e+01 2.500000e+00 -5.995331e+01
    endloop
  endfacet
  facet normal 0.000000e+00 1.000000e+00 0.000000e+00
    outer loop
      vertex   1.201971e+01 2.500000e+00 -5.995331e+01
      vertex   9.729768e+00 2.500000e+00 -6.025479e+01
      vertex   9.854643e+00 2.500000e+00 -5.995331e+01
    endloop
  endfacet
  facet normal 0.000000e+00 1.000000e+00 0.000000e+00
    outer loop
      vertex   1.201971e+01 2.500000e+00 -5.995331e+01
      vertex   9.854643e+00 2.500000e+00 -5.995331e+01
      vertex   1.182106e+01 2.500000e+00 -5.969443e+01
    endloop
  endfacet
  facet normal 0.000000e+00 1.000000e+00 0.000000e+00
    outer loop
      vertex   1.182106e+01 2.500000e+00 -5.969443e+01
      vertex   9.854643e+00 2.500000e+00 -5.995331e+01
      vertex   1.005329e+01 2.500000e+00 -5.969443e+01
    endloop
  endfacet
  facet normal 0.000000e+00 1.000000e+00 0.000000e+00
    outer loop
      vertex   1.182106e+01 2.500000e+00 -5.969443e+01
      vertex   1.005329e+01 2.500000e+00 -5.969443e+01
      vertex   1.156218e+01 2.500000e+00 -5.949578e+01
    endloop
  endfacet
  facet normal 0.000000e+00 1.000000e+00 0.000000e+00
    outer loop
      vertex   1.156218e+01 2.500000e+00 -5.949578e+01
      vertex   1.005329e+01 2.500000e+00 -5.969443e+01
      vertex   1.031218e+01 2.500000e+00 -5.949578e+01
    endloop
  endfacet
  facet normal 0.000000e+00 1.000000e+00 0.000000e+00
    outer loop
      vertex   1.156218e+01 2.500000e+00 -5.949578e+01
      vertex   1.031218e+01 2.500000e+00 -5.949578e+01
      vertex   1.126070e+01 2.500000e+00 -5.937091e+01
    endloop
  endfacet
  facet normal 0.000000e+00 1.000000e+00 0.000000e+00
    outer loop
      vertex   1.126070e+01 2.500000e+00 -5.937091e+01
      vertex   1.031218e+01 2.500000e+00 -5.949578e+01
      vertex   1.061365e+01 2.500000e+00 -5.937091e+01
    endloop
  endfacet
  facet normal 0.000000e+00 1.000000e+00 0.000000e+00
    outer loop
      vertex   1.126070e+01 2.500000e+00 -5.937091e+01
      vertex   1.061365e+01 2.500000e+00 -5.937091e+01
      vertex   1.093718e+01 2.500000e+00 -5.932831e+01
    endloop
  endfacet
  facet normal -0.000000e+00 1.000000e+00 0.000000e+00
    outer loop
      vertex   9.729768e+00 2.500000e+00 -6.090184e+01
      vertex   1.214458e+01 2.500000e+00 -6.090184e+01
      vertex   9.854643e+00 2.500000e+00 -6.120331e+01
    endloop
  endfacet
  facet normal 0.000000e+00 1.000000e+00 0.000000e+00
    outer loop
      vertex   9.854643e+00 2.500000e+00 -6.120331e+01
      vertex   1.214458e+01 2.500000e+00 -6.090184e+01
      vertex   1.201971e+01 2.500000e+00 -6.120331e+01
    endloop
  endfacet
  facet normal -0.000000e+00 1.000000e+00 0.000000e+00
    outer loop
      vertex   9.854643e+00 2.500000e+00 -6.120331e+01
      vertex   1.201971e+01 2.500000e+00 -6.120331e+01
      vertex   1.005329e+01 2.500000e+00 -6.146220e+01
    endloop
  endfacet
  facet normal 0.000000e+00 1.000000e+00 0.000000e+00
    outer loop
      vertex   1.005329e+01 2.500000e+00 -6.146220e+01
      vertex   1.201971e+01 2.500000e+00 -6.120331e+01
      vertex   1.182106e+01 2.500000e+00 -6.146220e+01
    endloop
  endfacet
  facet normal -0.000000e+00 1.000000e+00 0.000000e+00
    outer loop
      vertex   1.005329e+01 2.500000e+00 -6.146220e+01
      vertex   1.182106e+01 2.500000e+00 -6.146220e+01
      vertex   1.031218e+01 2.500000e+00 -6.166085e+01
    endloop
  endfacet
  facet normal 0.000000e+00 1.000000e+00 0.000000e+00
    outer loop
      vertex   1.031218e+01 2.500000e+00 -6.166085e+01
      vertex   1.182106e+01 2.500000e+00 -6.146220e+01
      vertex   1.156218e+01 2.500000e+00 -6.166085e+01
    endloop
  endfacet
  facet normal -0.000000e+00 1.000000e+00 0.000000e+00
    outer loop
      vertex   1.031218e+01 2.500000e+00 -6.166085e+01
      vertex   1.156218e+01 2.500000e+00 -6.166085e+01
      vertex   1.061365e+01 2.500000e+00 -6.178572e+01
    endloop
  endfacet
  facet normal 0.000000e+00 1.000000e+00 0.000000e+00
    outer loop
      vertex   1.061365e+01 2.500000e+00 -6.178572e+01
      vertex   1.156218e+01 2.500000e+00 -6.166085e+01
      vertex   1.126070e+01 2.500000e+00 -6.178572e+01
    endloop
  endfacet
  facet normal -0.000000e+00 1.000000e+00 0.000000e+00
    outer loop
      vertex   1.061365e+01 2.500000e+00 -6.178572e+01
      vertex   1.126070e+01 2.500000e+00 -6.178572e+01
      vertex   1.093718e+01 2.500000e+00 -6.182831e+01
    endloop
  endfacet
  facet normal -0.000000e+00 2.842171e-15 1.000000e+00
    outer loop
      vertex   6.743718e+01 3.000000e+00 -5.657831e+01
      vertex   7.043718e+01 3.000000e+00 -5.657831e+01
      vertex   6.743718e+01 5.500000e+00 -5.657831e+01
    endloop
  endfacet
  facet normal -0.000000e+00 2.842171e-15 1.000000e+00
    outer loop
      vertex   6.743718e+01 5.500000e+00 -5.657831e+01
      vertex   7.043718e+01 3.000000e+00 -5.657831e+01
      vertex   7.043718e+01 5.500000e+00 -5.657831e+01
    endloop
  endfacet
  facet normal 0.000000e+00 0.000000e+00 1.000000e+00
    outer loop
      vertex   6.743718e+01 3.000000e+00 -8.657831e+01
      vertex   7.043718e+01 3.000000e+00 -8.657831e+01
      vertex   6.743718e+01 5.500000e+00 -8.657831e+01
    endloop
  endfacet
  facet normal -0.000000e+00 0.000000e+00 1.000000e+00
    outer loop
      vertex   6.743718e+01 5.500000e+00 -8.657831e+01
      vertex   7.043718e+01 3.000000e+00 -8.657831e+01
      vertex   7.043718e+01 5.500000e+00 -8.657831e+01
    endloop
  endfacet
  facet normal 0.000000e+00 0.000000e+00 -1.000000e+00
    outer loop
      vertex   1.043718e+01 5.500000e+00 -9.357831e+01
      vertex   1.143718e+01 5.500000e+00 -9.357831e+01
      vertex   1.043718e+01 3.000000e+00 -9.357831e+01
    endloop
  endfacet
  facet normal 0.000000e+00 0.000000e+00 -1.000000e+00
    outer loop
      vertex   1.043718e+01 3.000000e+00 -9.357831e+01
      vertex   1.143718e+01 5.500000e+00 -9.357831e+01
      vertex   1.143718e+01 3.000000e+00 -9.357831e+01
    endloop
  endfacet
  facet normal -0.000000e+00 2.842171e-15 1.000000e+00
    outer loop
      vertex   1.043718e+01 3.000000e+00 -5.657831e+01
      vertex   1.143718e+01 3.000000e+00 -5.657831e+01
      vertex   1.043718e+01 5.500000e+00 -5.657831e+01
    endloop
  endfacet
  facet normal -0.000000e+00 2.842171e-15 1.000000e+00
    outer loop
      vertex   1.043718e+01 5.500000e+00 -5.657831e+01
      vertex   1.143718e+01 3.000000e+00 -5.657831e+01
      vertex   1.143718e+01 5.500000e+00 -5.657831e+01
    endloop
  endfacet
  facet normal 9.961947e-01 -0.000000e+00 8.715574e-02
    outer loop
      vertex   8.243718e+01 0.000000e+00 4.921686e+00
      vertex   8.243718e+01 3.000000e+00 4.921686e+00
      vertex   8.236121e+01 0.000000e+00 5.789927e+00
    endloop
  endfacet
  facet normal 9.961947e-01 -0.000000e+00 8.715574e-02
    outer loop
      vertex   8.236121e+01 0.000000e+00 5.789927e+00
      vertex   8.243718e+01 3.000000e+00 4.921686e+00
      vertex   8.236121e+01 3.000000e+00 5.789927e+00
    endloop
  endfacet
  facet normal 9.659258e-01 -0.000000e+00 2.588190e-01
    outer loop
      vertex   8.236121e+01 0.000000e+00 5.789927e+00
      vertex   8.236121e+01 3.000000e+00 5.789927e+00
      vertex   8.213564e+01 0.000000e+00 6.631787e+00
    endloop
  endfacet
  facet normal 9.659258e-01 -4.575544e-15 2.588190e-01
    outer loop
      vertex   8.213564e+01 0.000000e+00 6.631787e+00
      vertex   8.236121e+01 3.000000e+00 5.789927e+00
      vertex   8.213564e+01 3.000000e+00 6.631787e+00
    endloop
  endfacet
  facet normal 9.063078e-01 -4.293136e-15 4.226183e-01
    outer loop
      vertex   8.213564e+01 0.000000e+00 6.631787e+00
      vertex   8.213564e+01 3.000000e+00 6.631787e+00
      vertex   8.176730e+01 0.000000e+00 7.421686e+00
    endloop
  endfacet
  facet normal 9.063078e-01 1.251201e-16 4.226183e-01
    outer loop
      vertex   8.176730e+01 0.000000e+00 7.421686e+00
      vertex   8.213564e+01 3.000000e+00 6.631787e+00
      vertex   8.176730e+01 3.000000e+00 7.421686e+00
    endloop
  endfacet
  facet normal 8.191520e-01 1.698127e-16 5.735764e-01
    outer loop
      vertex   8.176730e+01 0.000000e+00 7.421686e+00
      vertex   8.176730e+01 3.000000e+00 7.421686e+00
      vertex   8.126740e+01 0.000000e+00 8.135624e+00
    endloop
  endfacet
  facet normal 8.191520e-01 -0.000000e+00 5.735764e-01
    outer loop
      vertex   8.126740e+01 0.000000e+00 8.135624e+00
      vertex   8.176730e+01 3.000000e+00 7.421686e+00
      vertex   8.126740e+01 3.000000e+00 8.135624e+00
    endloop
  endfacet
  facet normal 7.071068e-01 -0.000000e+00 7.071068e-01
    outer loop
      vertex   8.126740e+01 0.000000e+00 8.135624e+00
      vertex   8.126740e+01 3.000000e+00 8.135624e+00
      vertex   8.065111e+01 0.000000e+00 8.751908e+00
    endloop
  endfacet
  facet normal 7.071068e-01 -0.000000e+00 7.071068e-01
    outer loop
      vertex   8.065111e+01 0.000000e+00 8.751908e+00
      vertex   8.126740e+01 3.000000e+00 8.135624e+00
      vertex   8.065111e+01 3.000000e+00 8.751908e+00
    endloop
  endfacet
  facet normal 5.735764e-01 -0.000000e+00 8.191520e-01
    outer loop
      vertex   8.065111e+01 0.000000e+00 8.751908e+00
      vertex   8.065111e+01 3.000000e+00 8.751908e+00
      vertex   7.993718e+01 0.000000e+00 9.251813e+00
    endloop
  endfacet
  facet normal 5.735764e-01 4.850354e-16 8.191520e-01
    outer loop
      vertex   7.993718e+01 0.000000e+00 9.251813e+00
      vertex   8.065111e+01 3.000000e+00 8.751908e+00
      vertex   7.993718e+01 3.000000e+00 9.251813e+00
    endloop
  endfacet
  facet normal 4.226183e-01 5.366420e-16 9.063078e-01
    outer loop
      vertex   7.993718e+01 0.000000e+00 9.251813e+00
      vertex   7.993718e+01 3.000000e+00 9.251813e+00
      vertex   7.914728e+01 0.000000e+00 9.620149e+00
    endloop
  endfacet
  facet normal 4.226183e-01 -0.000000e+00 9.063078e-01
    outer loop
      vertex   7.914728e+01 0.000000e+00 9.620149e+00
      vertex   7.993718e+01 3.000000e+00 9.251813e+00
      vertex   7.914728e+01 3.000000e+00 9.620149e+00
    endloop
  endfacet
  facet normal 2.588190e-01 -0.000000e+00 9.659258e-01
    outer loop
      vertex   7.914728e+01 0.000000e+00 9.620149e+00
      vertex   7.914728e+01 3.000000e+00 9.620149e+00
      vertex   7.830542e+01 0.000000e+00 9.845725e+00
    endloop
  endfacet
  facet normal 2.588190e-01 -0.000000e+00 9.659258e-01
    outer loop
      vertex   7.830542e+01 0.000000e+00 9.845725e+00
      vertex   7.914728e+01 3.000000e+00 9.620149e+00
      vertex   7.830542e+01 3.000000e+00 9.845725e+00
    endloop
  endfacet
  facet normal 8.715574e-02 -0.000000e+00 9.961947e-01
    outer loop
      vertex   7.830542e+01 0.000000e+00 9.845725e+00
      vertex   7.830542e+01 3.000000e+00 9.845725e+00
      vertex   7.743718e+01 0.000000e+00 9.921686e+00
    endloop
  endfacet
  facet normal 8.715574e-02 -0.000000e+00 9.961947e-01
    outer loop
      vertex   7.743718e+01 0.000000e+00 9.921686e+00
      vertex   7.830542e+01 3.000000e+00 9.845725e+00
      vertex   7.743718e+01 3.000000e+00 9.921686e+00
    endloop
  endfacet
  facet normal 1.000000e+00 -0.000000e+00 0.000000e+00
    outer loop
      vertex   8.243718e+01 0.000000e+00 4.921686e+00
      vertex   8.243718e+01 0.000000e+00 -9.507831e+01
      vertex   8.243718e+01 3.000000e+00 4.921686e+00
    endloop
  endfacet
  facet normal 1.000000e+00 0.000000e+00 0.000000e+00
    outer loop
      vertex   8.243718e+01 3.000000e+00 4.921686e+00
      vertex   8.243718e+01 0.000000e+00 -9.507831e+01
      vertex   8.243718e+01 3.000000e+00 -9.507831e+01
    endloop
  endfacet
  facet normal 0.000000e+00 -1.000000e+00 0.000000e+00
    outer loop
      vertex   2.755262e+01 0.000000e+00 -2.009880e+01
      vertex   6.701975e+01 0.000000e+00 -5.449574e+01
      vertex   2.763718e+01 0.000000e+00 -1.907831e+01
    endloop
  endfacet
  facet normal 0.000000e+00 -1.000000e+00 0.000000e+00
    outer loop
      vertex   2.763718e+01 0.000000e+00 -1.907831e+01
      vertex   6.701975e+01 0.000000e+00 -5.449574e+01
      vertex   7.743718e+01 0.000000e+00 9.921686e+00
    endloop
  endfacet
  facet normal 0.000000e+00 -1.000000e+00 0.000000e+00
    outer loop
      vertex   2.763718e+01 0.000000e+00 -1.907831e+01
      vertex   7.743718e+01 0.000000e+00 9.921686e+00
      vertex   2.755262e+01 0.000000e+00 -1.805783e+01
    endloop
  endfacet
  facet normal 0.000000e+00 -1.000000e+00 0.000000e+00
    outer loop
      vertex   2.755262e+01 0.000000e+00 -1.805783e+01
      vertex   7.743718e+01 0.000000e+00 9.921686e+00
      vertex   2.730124e+01 0.000000e+00 -1.706518e+01
    endloop
  endfacet
  facet normal 0.000000e+00 -1.000000e+00 0.000000e+00
    outer loop
      vertex   2.730124e+01 0.000000e+00 -1.706518e+01
      vertex   7.743718e+01 0.000000e+00 9.921686e+00
      vertex   2.688991e+01 0.000000e+00 -1.612744e+01
    endloop
  endfacet
  facet normal 0.000000e+00 -1.000000e+00 0.000000e+00
    outer loop
      vertex   2.688991e+01 0.000000e+00 -1.612744e+01
      vertex   7.743718e+01 0.000000e+00 9.921686e+00
      vertex   2.632985e+01 0.000000e+00 -1.527020e+01
    endloop
  endfacet
  facet normal 0.000000e+00 -1.000000e+00 0.000000e+00
    outer loop
      vertex   2.632985e+01 0.000000e+00 -1.527020e+01
      vertex   7.743718e+01 0.000000e+00 9.921686e+00
      vertex   2.563632e+01 0.000000e+00 -1.451683e+01
    endloop
  endfacet
  facet normal 0.000000e+00 -1.000000e+00 0.000000e+00
    outer loop
      vertex   2.563632e+01 0.000000e+00 -1.451683e+01
      vertex   7.743718e+01 0.000000e+00 9.921686e+00
      vertex   2.482825e+01 0.000000e+00 -1.388788e+01
    endloop
  endfacet
  facet normal 0.000000e+00 -1.000000e+00 0.000000e+00
    outer loop
      vertex   2.482825e+01 0.000000e+00 -1.388788e+01
      vertex   7.743718e+01 0.000000e+00 9.921686e+00
      vertex   5.437175e+00 0.000000e+00 9.921686e+00
    endloop
  endfacet
  facet normal 0.000000e+00 -1.000000e+00 0.000000e+00
    outer loop
      vertex   2.482825e+01 0.000000e+00 -1.388788e+01
      vertex   5.437175e+00 0.000000e+00 9.921686e+00
      vertex   2.392769e+01 0.000000e+00 -1.340052e+01
    endloop
  endfacet
  facet normal 0.000000e+00 -1.000000e+00 0.000000e+00
    outer loop
      vertex   2.392769e+01 0.000000e+00 -1.340052e+01
      vertex   5.437175e+00 0.000000e+00 9.921686e+00
      vertex   2.295919e+01 0.000000e+00 -1.306803e+01
    endloop
  endfacet
  facet normal 0.000000e+00 -1.000000e+00 0.000000e+00
    outer loop
      vertex   2.295919e+01 0.000000e+00 -1.306803e+01
      vertex   5.437175e+00 0.000000e+00 9.921686e+00
      vertex   2.194917e+01 0.000000e+00 -1.289949e+01
    endloop
  endfacet
  facet normal 0.000000e+00 -1.000000e+00 0.000000e+00
    outer loop
      vertex   2.194917e+01 0.000000e+00 -1.289949e+01
      vertex   5.437175e+00 0.000000e+00 9.921686e+00
      vertex   2.092518e+01 0.000000e+00 -1.289949e+01
    endloop
  endfacet
  facet normal -0.000000e+00 -1.000000e+00 0.000000e+00
    outer loop
      vertex   2.092518e+01 0.000000e+00 -1.289949e+01
      vertex   5.437175e+00 0.000000e+00 9.921686e+00
      vertex   1.991517e+01 0.000000e+00 -1.306803e+01
    endloop
  endfacet
  facet normal -0.000000e+00 -1.000000e+00 0.000000e+00
    outer loop
      vertex   1.991517e+01 0.000000e+00 -1.306803e+01
      vertex   5.437175e+00 0.000000e+00 9.921686e+00
      vertex   1.894666e+01 0.000000e+00 -1.340052e+01
    endloop
  endfacet
  facet normal -0.000000e+00 -1.000000e+00 0.000000e+00
    outer loop
      vertex   1.894666e+01 0.000000e+00 -1.340052e+01
      vertex   5.437175e+00 0.000000e+00 9.921686e+00
      vertex   1.804610e+01 0.000000e+00 -1.388788e+01
    endloop
  endfacet
  facet normal -0.000000e+00 -1.000000e+00 0.000000e+00
    outer loop
      vertex   1.804610e+01 0.000000e+00 -1.388788e+01
      vertex   5.437175e+00 0.000000e+00 9.921686e+00
      vertex   1.723803e+01 0.000000e+00 -1.451683e+01
    endloop
  endfacet
  facet normal -0.000000e+00 -1.000000e+00 0.000000e+00
    outer loop
      vertex   1.723803e+01 0.000000e+00 -1.451683e+01
      vertex   5.437175e+00 0.000000e+00 9.921686e+00
      vertex   1.654450e+01 0.000000e+00 -1.527020e+01
    endloop
  endfacet
  facet normal 0.000000e+00 -1.000000e+00 0.000000e+00
    outer loop
      vertex   1.654450e+01 0.000000e+00 -1.527020e+01
      vertex   5.437175e+00 0.000000e+00 9.921686e+00
      vertex   4.371753e-01 0.000000e+00 4.921686e+00
    endloop
  endfacet
  facet normal -0.000000e+00 -1.000000e+00 0.000000e+00
    outer loop
      vertex   1.654450e+01 0.000000e+00 -1.527020e+01
      vertex   4.371753e-01 0.000000e+00 4.921686e+00
      vertex   1.598444e+01 0.000000e+00 -1.612744e+01
    endloop
  endfacet
  facet normal -0.000000e+00 -1.000000e+00 0.000000e+00
    outer loop
      vertex   1.598444e+01 0.000000e+00 -1.612744e+01
      vertex   4.371753e-01 0.000000e+00 4.921686e+00
      vertex   1.557311e+01 0.000000e+00 -1.706518e+01
    endloop
  endfacet
  facet normal -0.000000e+00 -1.000000e+00 0.000000e+00
    outer loop
      vertex   1.557311e+01 0.000000e+00 -1.706518e+01
      vertex   4.371753e-01 0.000000e+00 4.921686e+00
      vertex   1.532174e+01 0.000000e+00 -1.805783e+01
    endloop
  endfacet
  facet normal -0.000000e+00 -1.000000e+00 0.000000e+00
    outer loop
      vertex   1.532174e+01 0.000000e+00 -1.805783e+01
      vertex   4.371753e-01 0.000000e+00 4.921686e+00
      vertex   1.523718e+01 0.000000e+00 -1.907831e+01
    endloop
  endfacet
  facet normal -0.000000e+00 -1.000000e+00 -0.000000e+00
    outer loop
      vertex   1.523718e+01 0.000000e+00 -1.907831e+01
      vertex   4.371753e-01 0.000000e+00 4.921686e+00
      vertex   1.532174e+01 0.000000e+00 -2.009880e+01
    endloop
  endfacet
  facet normal -0.000000e+00 -1.000000e+00 -0.000000e+00
    outer loop
      vertex   1.532174e+01 0.000000e+00 -2.009880e+01
      vertex   4.371753e-01 0.000000e+00 4.921686e+00
      vertex   1.557311e+01 0.000000e+00 -2.109145e+01
    endloop
  endfacet
  facet normal -0.000000e+00 -1.000000e+00 -0.000000e+00
    outer loop
      vertex   1.557311e+01 0.000000e+00 -2.109145e+01
      vertex   4.371753e-01 0.000000e+00 4.921686e+00
      vertex   1.585460e+01 0.000000e+00 -5.449574e+01
    endloop
  endfacet
  facet normal 0.000000e+00 -1.000000e+00 0.000000e+00
    outer loop
      vertex   1.557311e+01 0.000000e+00 -2.109145e+01
      vertex   1.585460e+01 0.000000e+00 -5.449574e+01
      vertex   1.598444e+01 0.000000e+00 -2.202919e+01
    endloop
  endfacet
  facet normal 0.000000e+00 -1.000000e+00 -0.000000e+00
    outer loop
      vertex   1.598444e+01 0.000000e+00 -2.202919e+01
      vertex   1.585460e+01 0.000000e+00 -5.449574e+01
      vertex   1.654450e+01 0.000000e+00 -2.288643e+01
    endloop
  endfacet
  facet normal 0.000000e+00 -1.000000e+00 -0.000000e+00
    outer loop
      vertex   1.654450e+01 0.000000e+00 -2.288643e+01
      vertex   1.585460e+01 0.000000e+00 -5.449574e+01
      vertex   1.723803e+01 0.000000e+00 -2.363980e+01
    endloop
  endfacet
  facet normal 0.000000e+00 -1.000000e+00 -0.000000e+00
    outer loop
      vertex   1.723803e+01 0.000000e+00 -2.363980e+01
      vertex   1.585460e+01 0.000000e+00 -5.449574e+01
      vertex   1.804610e+01 0.000000e+00 -2.426875e+01
    endloop
  endfacet
  facet normal 0.000000e+00 -1.000000e+00 -0.000000e+00
    outer loop
      vertex   1.804610e+01 0.000000e+00 -2.426875e+01
      vertex   1.585460e+01 0.000000e+00 -5.449574e+01
      vertex   1.894666e+01 0.000000e+00 -2.475611e+01
    endloop
  endfacet
  facet normal 0.000000e+00 -1.000000e+00 -0.000000e+00
    outer loop
      vertex   1.894666e+01 0.000000e+00 -2.475611e+01
      vertex   1.585460e+01 0.000000e+00 -5.449574e+01
      vertex   1.991517e+01 0.000000e+00 -2.508860e+01
    endloop
  endfacet
  facet normal 0.000000e+00 -1.000000e+00 -0.000000e+00
    outer loop
      vertex   1.991517e+01 0.000000e+00 -2.508860e+01
      vertex   1.585460e+01 0.000000e+00 -5.449574e+01
      vertex   2.092518e+01 0.000000e+00 -2.525714e+01
    endloop
  endfacet
  facet normal 0.000000e+00 -1.000000e+00 -0.000000e+00
    outer loop
      vertex   2.092518e+01 0.000000e+00 -2.525714e+01
      vertex   1.585460e+01 0.000000e+00 -5.449574e+01
      vertex   2.194917e+01 0.000000e+00 -2.525714e+01
    endloop
  endfacet
  facet normal 0.000000e+00 -1.000000e+00 -0.000000e+00
    outer loop
      vertex   2.194917e+01 0.000000e+00 -2.525714e+01
      vertex   1.585460e+01 0.000000e+00 -5.449574e+01
      vertex   2.295919e+01 0.000000e+00 -2.508860e+01
    endloop
  endfacet
  facet normal 0.000000e+00 -1.000000e+00 -0.000000e+00
    outer loop
      vertex   2.295919e+01 0.000000e+00 -2.508860e+01
      vertex   1.585460e+01 0.000000e+00 -5.449574e+01
      vertex   2.392769e+01 0.000000e+00 -2.475611e+01
    endloop
  endfacet
  facet normal 0.000000e+00 -1.000000e+00 -0.000000e+00
    outer loop
      vertex   2.392769e+01 0.000000e+00 -2.475611e+01
      vertex   1.585460e+01 0.000000e+00 -5.449574e+01
      vertex   2.482825e+01 0.000000e+00 -2.426875e+01
    endloop
  endfacet
  facet normal 0.000000e+00 -1.000000e+00 -0.000000e+00
    outer loop
      vertex   2.482825e+01 0.000000e+00 -2.426875e+01
      vertex   1.585460e+01 0.000000e+00 -5.449574e+01
      vertex   2.563632e+01 0.000000e+00 -2.363980e+01
    endloop
  endfacet
  facet normal 0.000000e+00 -1.000000e+00 -0.000000e+00
    outer loop
      vertex   2.563632e+01 0.000000e+00 -2.363980e+01
      vertex   1.585460e+01 0.000000e+00 -5.449574e+01
      vertex   6.701975e+01 0.000000e+00 -5.449574e+01
    endloop
  endfacet
  facet normal 0.000000e+00 -1.000000e+00 0.000000e+00
    outer loop
      vertex   2.563632e+01 0.000000e+00 -2.363980e+01
      vertex   6.701975e+01 0.000000e+00 -5.449574e+01
      vertex   2.632985e+01 0.000000e+00 -2.288643e+01
    endloop
  endfacet
  facet normal 0.000000e+00 -1.000000e+00 0.000000e+00
    outer loop
      vertex   2.632985e+01 0.000000e+00 -2.288643e+01
      vertex   6.701975e+01 0.000000e+00 -5.449574e+01
      vertex   2.688991e+01 0.000000e+00 -2.202919e+01
    endloop
  endfacet
  facet normal 0.000000e+00 -1.000000e+00 0.000000e+00
    outer loop
      vertex   2.688991e+01 0.000000e+00 -2.202919e+01
      vertex   6.701975e+01 0.000000e+00 -5.449574e+01
      vertex   2.730124e+01 0.000000e+00 -2.109145e+01
    endloop
  endfacet
  facet normal 0.000000e+00 -1.000000e+00 0.000000e+00
    outer loop
      vertex   2.730124e+01 0.000000e+00 -2.109145e+01
      vertex   6.701975e+01 0.000000e+00 -5.449574e+01
      vertex   2.755262e+01 0.000000e+00 -2.009880e+01
    endloop
  endfacet
  facet normal -0.000000e+00 -1.000000e+00 -0.000000e+00
    outer loop
      vertex   8.236121e+01 0.000000e+00 5.789927e+00
      vertex   8.213564e+01 0.000000e+00 6.631787e+00
      vertex   8.243718e+01 0.000000e+00 4.921686e+00
    endloop
  endfacet
  facet normal 0.000000e+00 -1.000000e+00 0.000000e+00
    outer loop
      vertex   8.243718e+01 0.000000e+00 4.921686e+00
      vertex   8.213564e+01 0.000000e+00 6.631787e+00
      vertex   8.176730e+01 0.000000e+00 7.421686e+00
    endloop
  endfacet
  facet normal 0.000000e+00 -1.000000e+00 0.000000e+00
    outer loop
      vertex   8.243718e+01 0.000000e+00 4.921686e+00
      vertex   8.176730e+01 0.000000e+00 7.421686e+00
      vertex   8.126740e+01 0.000000e+00 8.135624e+00
    endloop
  endfacet
  facet normal -0.000000e+00 -1.000000e+00 -0.000000e+00
    outer loop
      vertex   8.126740e+01 0.000000e+00 8.135624e+00
      vertex   8.065111e+01 0.000000e+00 8.751908e+00
      vertex   8.243718e+01 0.000000e+00 4.921686e+00
    endloop
  endfacet
  facet normal 0.000000e+00 -1.000000e+00 0.000000e+00
    outer loop
      vertex   8.243718e+01 0.000000e+00 4.921686e+00
      vertex   8.065111e+01 0.000000e+00 8.751908e+00
      vertex   7.993718e+01 0.000000e+00 9.251813e+00
    endloop
  endfacet
  facet normal 0.000000e+00 -1.000000e+00 0.000000e+00
    outer loop
      vertex   8.243718e+01 0.000000e+00 4.921686e+00
      vertex   7.993718e+01 0.000000e+00 9.251813e+00
      vertex   7.914728e+01 0.000000e+00 9.620149e+00
    endloop
  endfacet
  facet normal -0.000000e+00 -1.000000e+00 -0.000000e+00
    outer loop
      vertex   7.914728e+01 0.000000e+00 9.620149e+00
      vertex   7.830542e+01 0.000000e+00 9.845725e+00
      vertex   8.243718e+01 0.000000e+00 4.921686e+00
    endloop
  endfacet
  facet normal 0.000000e+00 -1.000000e+00 0.000000e+00
    outer loop
      vertex   8.243718e+01 0.000000e+00 4.921686e+00
      vertex   7.830542e+01 0.000000e+00 9.845725e+00
      vertex   7.743718e+01 0.000000e+00 9.921686e+00
    endloop
  endfacet
  facet normal -0.000000e+00 -1.000000e+00 0.000000e+00
    outer loop
      vertex   8.243718e+01 0.000000e+00 4.921686e+00
      vertex   7.743718e+01 0.000000e+00 9.921686e+00
      vertex   6.701975e+01 0.000000e+00 -5.449574e+01
    endloop
  endfacet
  facet normal 0.000000e+00 -1.000000e+00 0.000000e+00
    outer loop
      vertex   5.437175e+00 0.000000e+00 9.921686e+00
      vertex   4.568934e+00 0.000000e+00 9.845725e+00
      vertex   4.371753e-01 0.000000e+00 4.921686e+00
    endloop
  endfacet
  facet normal 0.000000e+00 -1.000000e+00 0.000000e+00
    outer loop
      vertex   4.371753e-01 0.000000e+00 4.921686e+00
      vertex   4.568934e+00 0.000000e+00 9.845725e+00
      vertex   3.727075e+00 0.000000e+00 9.620149e+00
    endloop
  endfacet
  facet normal 0.000000e+00 -1.000000e+00 0.000000e+00
    outer loop
      vertex   4.371753e-01 0.000000e+00 4.921686e+00
      vertex   3.727075e+00 0.000000e+00 9.620149e+00
      vertex   2.937175e+00 0.000000e+00 9.251813e+00
    endloop
  endfacet
  facet normal 0.000000e+00 -1.000000e+00 0.000000e+00
    outer loop
      vertex   2.937175e+00 0.000000e+00 9.251813e+00
      vertex   2.223237e+00 0.000000e+00 8.751908e+00
      vertex   4.371753e-01 0.000000e+00 4.921686e+00
    endloop
  endfacet
  facet normal 0.000000e+00 -1.000000e+00 0.000000e+00
    outer loop
      vertex   4.371753e-01 0.000000e+00 4.921686e+00
      vertex   2.223237e+00 0.000000e+00 8.751908e+00
      vertex   1.606953e+00 0.000000e+00 8.135624e+00
    endloop
  endfacet
  facet normal 0.000000e+00 -1.000000e+00 0.000000e+00
    outer loop
      vertex   4.371753e-01 0.000000e+00 4.921686e+00
      vertex   1.606953e+00 0.000000e+00 8.135624e+00
      vertex   1.107048e+00 0.000000e+00 7.421686e+00
    endloop
  endfacet
  facet normal 0.000000e+00 -1.000000e+00 0.000000e+00
    outer loop
      vertex   1.107048e+00 0.000000e+00 7.421686e+00
      vertex   7.387121e-01 0.000000e+00 6.631787e+00
      vertex   4.371753e-01 0.000000e+00 4.921686e+00
    endloop
  endfacet
  facet normal 0.000000e+00 -1.000000e+00 0.000000e+00
    outer loop
      vertex   4.371753e-01 0.000000e+00 4.921686e+00
      vertex   7.387121e-01 0.000000e+00 6.631787e+00
      vertex   5.131365e-01 0.000000e+00 5.789927e+00
    endloop
  endfacet
  facet normal 0.000000e+00 -1.000000e+00 0.000000e+00
    outer loop
      vertex   4.371753e-01 0.000000e+00 4.921686e+00
      vertex   4.371753e-01 0.000000e+00 -9.507831e+01
      vertex   1.585460e+01 0.000000e+00 -5.449574e+01
    endloop
  endfacet
  facet normal 0.000000e+00 -1.000000e+00 -0.000000e+00
    outer loop
      vertex   1.585460e+01 0.000000e+00 -5.449574e+01
      vertex   4.371753e-01 0.000000e+00 -9.507831e+01
      vertex   1.585460e+01 0.000000e+00 -9.566089e+01
    endloop
  endfacet
  facet normal -0.000000e+00 -1.000000e+00 0.000000e+00
    outer loop
      vertex   1.585460e+01 0.000000e+00 -9.566089e+01
      vertex   4.371753e-01 0.000000e+00 -9.507831e+01
      vertex   5.437175e+00 0.000000e+00 -1.000783e+02
    endloop
  endfacet
  facet normal 0.000000e+00 -1.000000e+00 -0.000000e+00
    outer loop
      vertex   1.585460e+01 0.000000e+00 -9.566089e+01
      vertex   5.437175e+00 0.000000e+00 -1.000783e+02
      vertex   7.743718e+01 0.000000e+00 -1.000783e+02
    endloop
  endfacet
  facet normal 0.000000e+00 -1.000000e+00 0.000000e+00
    outer loop
      vertex   5.131365e-01 0.000000e+00 -9.594656e+01
      vertex   7.387121e-01 0.000000e+00 -9.678841e+01
      vertex   4.371753e-01 0.000000e+00 -9.507831e+01
    endloop
  endfacet
  facet normal 0.000000e+00 -1.000000e+00 0.000000e+00
    outer loop
      vertex   4.371753e-01 0.000000e+00 -9.507831e+01
      vertex   7.387121e-01 0.000000e+00 -9.678841e+01
      vertex   1.107048e+00 0.000000e+00 -9.757831e+01
    endloop
  endfacet
  facet normal 0.000000e+00 -1.000000e+00 0.000000e+00
    outer loop
      vertex   4.371753e-01 0.000000e+00 -9.507831e+01
      vertex   1.107048e+00 0.000000e+00 -9.757831e+01
      vertex   1.606953e+00 0.000000e+00 -9.829225e+01
    endloop
  endfacet
  facet normal 0.000000e+00 -1.000000e+00 0.000000e+00
    outer loop
      vertex   1.606953e+00 0.000000e+00 -9.829225e+01
      vertex   2.223237e+00 0.000000e+00 -9.890854e+01
      vertex   4.371753e-01 0.000000e+00 -9.507831e+01
    endloop
  endfacet
  facet normal 0.000000e+00 -1.000000e+00 0.000000e+00
    outer loop
      vertex   4.371753e-01 0.000000e+00 -9.507831e+01
      vertex   2.223237e+00 0.000000e+00 -9.890854e+01
      vertex   2.937175e+00 0.000000e+00 -9.940844e+01
    endloop
  endfacet
  facet normal 0.000000e+00 -1.000000e+00 0.000000e+00
    outer loop
      vertex   4.371753e-01 0.000000e+00 -9.507831e+01
      vertex   2.937175e+00 0.000000e+00 -9.940844e+01
      vertex   3.727075e+00 0.000000e+00 -9.977678e+01
    endloop
  endfacet
  facet normal 0.000000e+00 -1.000000e+00 0.000000e+00
    outer loop
      vertex   3.727075e+00 0.000000e+00 -9.977678e+01
      vertex   4.568934e+00 0.000000e+00 -1.000024e+02
      vertex   4.371753e-01 0.000000e+00 -9.507831e+01
    endloop
  endfacet
  facet normal 0.000000e+00 -1.000000e+00 0.000000e+00
    outer loop
      vertex   4.371753e-01 0.000000e+00 -9.507831e+01
      vertex   4.568934e+00 0.000000e+00 -1.000024e+02
      vertex   5.437175e+00 0.000000e+00 -1.000783e+02
    endloop
  endfacet
  facet normal -0.000000e+00 -1.000000e+00 0.000000e+00
    outer loop
      vertex   7.830542e+01 0.000000e+00 -1.000024e+02
      vertex   8.243718e+01 0.000000e+00 -9.507831e+01
      vertex   7.743718e+01 0.000000e+00 -1.000783e+02
    endloop
  endfacet
  facet normal 0.000000e+00 -1.000000e+00 0.000000e+00
    outer loop
      vertex   7.743718e+01 0.000000e+00 -1.000783e+02
      vertex   8.243718e+01 0.000000e+00 -9.507831e+01
      vertex   6.701975e+01 0.000000e+00 -9.566089e+01
    endloop
  endfacet
  facet normal 0.000000e+00 -1.000000e+00 0.000000e+00
    outer loop
      vertex   7.743718e+01 0.000000e+00 -1.000783e+02
      vertex   6.701975e+01 0.000000e+00 -9.566089e+01
      vertex   1.585460e+01 0.000000e+00 -9.566089e+01
    endloop
  endfacet
  facet normal 0.000000e+00 -1.000000e+00 0.000000e+00
    outer loop
      vertex   7.830542e+01 0.000000e+00 -1.000024e+02
      vertex   7.914728e+01 0.000000e+00 -9.977678e+01
      vertex   8.243718e+01 0.000000e+00 -9.507831e+01
    endloop
  endfacet
  facet normal 0.000000e+00 -1.000000e+00 0.000000e+00
    outer loop
      vertex   8.243718e+01 0.000000e+00 -9.507831e+01
      vertex   7.914728e+01 0.000000e+00 -9.977678e+01
      vertex   7.993718e+01 0.000000e+00 -9.940844e+01
    endloop
  endfacet
  facet normal 0.000000e+00 -1.000000e+00 0.000000e+00
    outer loop
      vertex   8.243718e+01 0.000000e+00 -9.507831e+01
      vertex   7.993718e+01 0.000000e+00 -9.940844e+01
      vertex   8.065111e+01 0.000000e+00 -9.890854e+01
    endloop
  endfacet
  facet normal 0.000000e+00 -1.000000e+00 0.000000e+00
    outer loop
      vertex   8.065111e+01 0.000000e+00 -9.890854e+01
      vertex   8.126740e+01 0.000000e+00 -9.829225e+01
      vertex   8.243718e+01 0.000000e+00 -9.507831e+01
    endloop
  endfacet
  facet normal 0.000000e+00 -1.000000e+00 0.000000e+00
    outer loop
      vertex   8.243718e+01 0.000000e+00 -9.507831e+01
      vertex   8.126740e+01 0.000000e+00 -9.829225e+01
      vertex   8.176730e+01 0.000000e+00 -9.757831e+01
    endloop
  endfacet
  facet normal 0.000000e+00 -1.000000e+00 0.000000e+00
    outer loop
      vertex   8.243718e+01 0.000000e+00 -9.507831e+01
      vertex   8.176730e+01 0.000000e+00 -9.757831e+01
      vertex   8.213564e+01 0.000000e+00 -9.678841e+01
    endloop
  endfacet
  facet normal 0.000000e+00 -1.000000e+00 0.000000e+00
    outer loop
      vertex   8.213564e+01 0.000000e+00 -9.678841e+01
      vertex   8.236121e+01 0.000000e+00 -9.594656e+01
      vertex   8.243718e+01 0.000000e+00 -9.507831e+01
    endloop
  endfacet
  facet normal 0.000000e+00 -1.000000e+00 0.000000e+00
    outer loop
      vertex   6.701975e+01 0.000000e+00 -9.566089e+01
      vertex   8.243718e+01 0.000000e+00 -9.507831e+01
      vertex   6.701975e+01 0.000000e+00 -5.449574e+01
    endloop
  endfacet
  facet normal 0.000000e+00 -1.000000e+00 0.000000e+00
    outer loop
      vertex   6.701975e+01 0.000000e+00 -5.449574e+01
      vertex   8.243718e+01 0.000000e+00 -9.507831e+01
      vertex   8.243718e+01 0.000000e+00 4.921686e+00
    endloop
  endfacet
  facet normal 8.715574e-02 0.000000e+00 -9.961947e-01
    outer loop
      vertex   7.743718e+01 0.000000e+00 -1.000783e+02
      vertex   7.743718e+01 3.000000e+00 -1.000783e+02
      vertex   7.830542e+01 0.000000e+00 -1.000024e+02
    endloop
  endfacet
  facet normal 8.715574e-02 0.000000e+00 -9.961947e-01
    outer loop
      vertex   7.830542e+01 0.000000e+00 -1.000024e+02
      vertex   7.743718e+01 3.000000e+00 -1.000783e+02
      vertex   7.830542e+01 3.000000e+00 -1.000024e+02
    endloop
  endfacet
  facet normal 2.588190e-01 0.000000e+00 -9.659258e-01
    outer loop
      vertex   7.830542e+01 0.000000e+00 -1.000024e+02
      vertex   7.830542e+01 3.000000e+00 -1.000024e+02
      vertex   7.914728e+01 0.000000e+00 -9.977678e+01
    endloop
  endfacet
  facet normal 2.588190e-01 -4.575544e-15 -9.659258e-01
    outer loop
      vertex   7.914728e+01 0.000000e+00 -9.977678e+01
      vertex   7.830542e+01 3.000000e+00 -1.000024e+02
      vertex   7.914728e+01 3.000000e+00 -9.977678e+01
    endloop
  endfacet
  facet normal 4.226183e-01 -4.293136e-15 -9.063078e-01
    outer loop
      vertex   7.914728e+01 0.000000e+00 -9.977678e+01
      vertex   7.914728e+01 3.000000e+00 -9.977678e+01
      vertex   7.993718e+01 0.000000e+00 -9.940844e+01
    endloop
  endfacet
  facet normal 4.226183e-01 0.000000e+00 -9.063078e-01
    outer loop
      vertex   7.993718e+01 0.000000e+00 -9.940844e+01
      vertex   7.914728e+01 3.000000e+00 -9.977678e+01
      vertex   7.993718e+01 3.000000e+00 -9.940844e+01
    endloop
  endfacet
  facet normal 5.735764e-01 0.000000e+00 -8.191520e-01
    outer loop
      vertex   7.993718e+01 0.000000e+00 -9.940844e+01
      vertex   7.993718e+01 3.000000e+00 -9.940844e+01
      vertex   8.065111e+01 0.000000e+00 -9.890854e+01
    endloop
  endfacet
  facet normal 5.735764e-01 0.000000e+00 -8.191520e-01
    outer loop
      vertex   8.065111e+01 0.000000e+00 -9.890854e+01
      vertex   7.993718e+01 3.000000e+00 -9.940844e+01
      vertex   8.065111e+01 3.000000e+00 -9.890854e+01
    endloop
  endfacet
  facet normal 7.071068e-01 0.000000e+00 -7.071068e-01
    outer loop
      vertex   8.065111e+01 0.000000e+00 -9.890854e+01
      vertex   8.065111e+01 3.000000e+00 -9.890854e+01
      vertex   8.126740e+01 0.000000e+00 -9.829225e+01
    endloop
  endfacet
  facet normal 7.071068e-01 0.000000e+00 -7.071068e-01
    outer loop
      vertex   8.126740e+01 0.000000e+00 -9.829225e+01
      vertex   8.065111e+01 3.000000e+00 -9.890854e+01
      vertex   8.126740e+01 3.000000e+00 -9.829225e+01
    endloop
  endfacet
  facet normal 8.191520e-01 0.000000e+00 -5.735764e-01
    outer loop
      vertex   8.126740e+01 0.000000e+00 -9.829225e+01
      vertex   8.126740e+01 3.000000e+00 -9.829225e+01
      vertex   8.176730e+01 0.000000e+00 -9.757831e+01
    endloop
  endfacet
  facet normal 8.191520e-01 0.000000e+00 -5.735764e-01
    outer loop
      vertex   8.176730e+01 0.000000e+00 -9.757831e+01
      vertex   8.126740e+01 3.000000e+00 -9.829225e+01
      vertex   8.176730e+01 3.000000e+00 -9.757831e+01
    endloop
  endfacet
  facet normal 9.063078e-01 0.000000e+00 -4.226183e-01
    outer loop
      vertex   8.176730e+01 0.000000e+00 -9.757831e+01
      vertex   8.176730e+01 3.000000e+00 -9.757831e+01
      vertex   8.213564e+01 0.000000e+00 -9.678841e+01
    endloop
  endfacet
  facet normal 9.063078e-01 2.291214e-15 -4.226183e-01
    outer loop
      vertex   8.213564e+01 0.000000e+00 -9.678841e+01
      vertex   8.176730e+01 3.000000e+00 -9.757831e+01
      vertex   8.213564e+01 3.000000e+00 -9.678841e+01
    endloop
  endfacet
  facet normal 9.659258e-01 3.349531e-15 -2.588190e-01
    outer loop
      vertex   8.213564e+01 0.000000e+00 -9.678841e+01
      vertex   8.213564e+01 3.000000e+00 -9.678841e+01
      vertex   8.236121e+01 0.000000e+00 -9.594656e+01
    endloop
  endfacet
  facet normal 9.659258e-01 0.000000e+00 -2.588190e-01
    outer loop
      vertex   8.236121e+01 0.000000e+00 -9.594656e+01
      vertex   8.213564e+01 3.000000e+00 -9.678841e+01
      vertex   8.236121e+01 3.000000e+00 -9.594656e+01
    endloop
  endfacet
  facet normal 9.961947e-01 0.000000e+00 -8.715574e-02
    outer loop
      vertex   8.236121e+01 0.000000e+00 -9.594656e+01
      vertex   8.236121e+01 3.000000e+00 -9.594656e+01
      vertex   8.243718e+01 0.000000e+00 -9.507831e+01
    endloop
  endfacet
  facet normal 9.961947e-01 0.000000e+00 -8.715574e-02
    outer loop
      vertex   8.243718e+01 0.000000e+00 -9.507831e+01
      vertex   8.236121e+01 3.000000e+00 -9.594656e+01
      vertex   8.243718e+01 3.000000e+00 -9.507831e+01
    endloop
  endfacet
  facet normal 0.000000e+00 0.000000e+00 -1.000000e+00
    outer loop
      vertex   7.743718e+01 0.000000e+00 -1.000783e+02
      vertex   5.437175e+00 0.000000e+00 -1.000783e+02
      vertex   7.743718e+01 3.000000e+00 -1.000783e+02
    endloop
  endfacet
  facet normal -0.000000e+00 0.000000e+00 -1.000000e+00
    outer loop
      vertex   7.743718e+01 3.000000e+00 -1.000783e+02
      vertex   5.437175e+00 0.000000e+00 -1.000783e+02
      vertex   5.437175e+00 3.000000e+00 -1.000783e+02
    endloop
  endfacet
  facet normal -9.961947e-01 0.000000e+00 -8.715574e-02
    outer loop
      vertex   4.371753e-01 0.000000e+00 -9.507831e+01
      vertex   4.371753e-01 3.000000e+00 -9.507831e+01
      vertex   5.131365e-01 0.000000e+00 -9.594656e+01
    endloop
  endfacet
  facet normal -9.961947e-01 0.000000e+00 -8.715574e-02
    outer loop
      vertex   5.131365e-01 0.000000e+00 -9.594656e+01
      vertex   4.371753e-01 3.000000e+00 -9.507831e+01
      vertex   5.131365e-01 3.000000e+00 -9.594656e+01
    endloop
  endfacet
  facet normal -9.659258e-01 0.000000e+00 -2.588190e-01
    outer loop
      vertex   5.131365e-01 0.000000e+00 -9.594656e+01
      vertex   5.131365e-01 3.000000e+00 -9.594656e+01
      vertex   7.387121e-01 0.000000e+00 -9.678841e+01
    endloop
  endfacet
  facet normal -9.659258e-01 1.154520e-15 -2.588190e-01
    outer loop
      vertex   7.387121e-01 0.000000e+00 -9.678841e+01
      vertex   5.131365e-01 3.000000e+00 -9.594656e+01
      vertex   7.387121e-01 3.000000e+00 -9.678841e+01
    endloop
  endfacet
  facet normal -9.063078e-01 1.934842e-15 -4.226183e-01
    outer loop
      vertex   7.387121e-01 0.000000e+00 -9.678841e+01
      vertex   7.387121e-01 3.000000e+00 -9.678841e+01
      vertex   1.107048e+00 0.000000e+00 -9.757831e+01
    endloop
  endfacet
  facet normal -9.063078e-01 -1.341605e-16 -4.226183e-01
    outer loop
      vertex   1.107048e+00 0.000000e+00 -9.757831e+01
      vertex   7.387121e-01 3.000000e+00 -9.678841e+01
      vertex   1.107048e+00 3.000000e+00 -9.757831e+01
    endloop
  endfacet
  facet normal -8.191520e-01 -1.212589e-16 -5.735764e-01
    outer loop
      vertex   1.107048e+00 0.000000e+00 -9.757831e+01
      vertex   1.107048e+00 3.000000e+00 -9.757831e+01
      vertex   1.606953e+00 0.000000e+00 -9.829225e+01
    endloop
  endfacet
  facet normal -8.191520e-01 0.000000e+00 -5.735764e-01
    outer loop
      vertex   1.606953e+00 0.000000e+00 -9.829225e+01
      vertex   1.107048e+00 3.000000e+00 -9.757831e+01
      vertex   1.606953e+00 3.000000e+00 -9.829225e+01
    endloop
  endfacet
  facet normal -7.071068e-01 0.000000e+00 -7.071068e-01
    outer loop
      vertex   1.606953e+00 0.000000e+00 -9.829225e+01
      vertex   1.606953e+00 3.000000e+00 -9.829225e+01
      vertex   2.223237e+00 0.000000e+00 -9.890854e+01
    endloop
  endfacet
  facet normal -7.071068e-01 0.000000e+00 -7.071068e-01
    outer loop
      vertex   2.223237e+00 0.000000e+00 -9.890854e+01
      vertex   1.606953e+00 3.000000e+00 -9.829225e+01
      vertex   2.223237e+00 3.000000e+00 -9.890854e+01
    endloop
  endfacet
  facet normal -5.735764e-01 0.000000e+00 -8.191520e-01
    outer loop
      vertex   2.223237e+00 0.000000e+00 -9.890854e+01
      vertex   2.223237e+00 3.000000e+00 -9.890854e+01
      vertex   2.937175e+00 0.000000e+00 -9.940844e+01
    endloop
  endfacet
  facet normal -5.735764e-01 0.000000e+00 -8.191520e-01
    outer loop
      vertex   2.937175e+00 0.000000e+00 -9.940844e+01
      vertex   2.223237e+00 3.000000e+00 -9.890854e+01
      vertex   2.937175e+00 3.000000e+00 -9.940844e+01
    endloop
  endfacet
  facet normal -4.226183e-01 0.000000e+00 -9.063078e-01
    outer loop
      vertex   2.937175e+00 0.000000e+00 -9.940844e+01
      vertex   2.937175e+00 3.000000e+00 -9.940844e+01
      vertex   3.727075e+00 0.000000e+00 -9.977678e+01
    endloop
  endfacet
  facet normal -4.226183e-01 4.293136e-15 -9.063078e-01
    outer loop
      vertex   3.727075e+00 0.000000e+00 -9.977678e+01
      vertex   2.937175e+00 3.000000e+00 -9.940844e+01
      vertex   3.727075e+00 3.000000e+00 -9.977678e+01
    endloop
  endfacet
  facet normal -2.588190e-01 4.575544e-15 -9.659258e-01
    outer loop
      vertex   3.727075e+00 0.000000e+00 -9.977678e+01
      vertex   3.727075e+00 3.000000e+00 -9.977678e+01
      vertex   4.568934e+00 0.000000e+00 -1.000024e+02
    endloop
  endfacet
  facet normal -2.588190e-01 0.000000e+00 -9.659258e-01
    outer loop
      vertex   4.568934e+00 0.000000e+00 -1.000024e+02
      vertex   3.727075e+00 3.000000e+00 -9.977678e+01
      vertex   4.568934e+00 3.000000e+00 -1.000024e+02
    endloop
  endfacet
  facet normal -8.715574e-02 0.000000e+00 -9.961947e-01
    outer loop
      vertex   4.568934e+00 0.000000e+00 -1.000024e+02
      vertex   4.568934e+00 3.000000e+00 -1.000024e+02
      vertex   5.437175e+00 0.000000e+00 -1.000783e+02
    endloop
  endfacet
  facet normal -8.715574e-02 0.000000e+00 -9.961947e-01
    outer loop
      vertex   5.437175e+00 0.000000e+00 -1.000783e+02
      vertex   4.568934e+00 3.000000e+00 -1.000024e+02
      vertex   5.437175e+00 3.000000e+00 -1.000783e+02
    endloop
  endfacet
  facet normal -1.000000e+00 0.000000e+00 0.000000e+00
    outer loop
      vertex   4.371753e-01 0.000000e+00 -9.507831e+01
      vertex   4.371753e-01 0.000000e+00 4.921686e+00
      vertex   4.371753e-01 3.000000e+00 -9.507831e+01
    endloop
  endfacet
  facet normal -1.000000e+00 0.000000e+00 0.000000e+00
    outer loop
      vertex   4.371753e-01 3.000000e+00 -9.507831e+01
      vertex   4.371753e-01 0.000000e+00 4.921686e+00
      vertex   4.371753e-01 3.000000e+00 4.921686e+00
    endloop
  endfacet
  facet normal -8.715574e-02 0.000000e+00 9.961947e-01
    outer loop
      vertex   5.437175e+00 0.000000e+00 9.921686e+00
      vertex   5.437175e+00 3.000000e+00 9.921686e+00
      vertex   4.568934e+00 0.000000e+00 9.845725e+00
    endloop
  endfacet
  facet normal -8.715574e-02 -2.580328e-17 9.961947e-01
    outer loop
      vertex   4.568934e+00 0.000000e+00 9.845725e+00
      vertex   5.437175e+00 3.000000e+00 9.921686e+00
      vertex   4.568934e+00 3.000000e+00 9.845725e+00
    endloop
  endfacet
  facet normal -2.588190e-01 -7.662583e-17 9.659258e-01
    outer loop
      vertex   4.568934e+00 0.000000e+00 9.845725e+00
      vertex   4.568934e+00 3.000000e+00 9.845725e+00
      vertex   3.727075e+00 0.000000e+00 9.620149e+00
    endloop
  endfacet
  facet normal -2.588190e-01 -1.149387e-16 9.659258e-01
    outer loop
      vertex   3.727075e+00 0.000000e+00 9.620149e+00
      vertex   4.568934e+00 3.000000e+00 9.845725e+00
      vertex   3.727075e+00 3.000000e+00 9.620149e+00
    endloop
  endfacet
  facet normal -4.226183e-01 -1.876802e-16 9.063078e-01
    outer loop
      vertex   3.727075e+00 0.000000e+00 9.620149e+00
      vertex   3.727075e+00 3.000000e+00 9.620149e+00
      vertex   2.937175e+00 0.000000e+00 9.251813e+00
    endloop
  endfacet
  facet normal -4.226183e-01 -6.256007e-17 9.063078e-01
    outer loop
      vertex   2.937175e+00 0.000000e+00 9.251813e+00
      vertex   3.727075e+00 3.000000e+00 9.620149e+00
      vertex   2.937175e+00 3.000000e+00 9.251813e+00
    endloop
  endfacet
  facet normal -5.735764e-01 -8.490637e-17 8.191520e-01
    outer loop
      vertex   2.937175e+00 0.000000e+00 9.251813e+00
      vertex   2.937175e+00 3.000000e+00 9.251813e+00
      vertex   2.223237e+00 0.000000e+00 8.751908e+00
    endloop
  endfacet
  facet normal -5.735764e-01 4.001291e-16 8.191520e-01
    outer loop
      vertex   2.223237e+00 0.000000e+00 8.751908e+00
      vertex   2.937175e+00 3.000000e+00 9.251813e+00
      vertex   2.223237e+00 3.000000e+00 8.751908e+00
    endloop
  endfacet
  facet normal -7.071068e-01 3.140185e-16 7.071068e-01
    outer loop
      vertex   2.223237e+00 0.000000e+00 8.751908e+00
      vertex   2.223237e+00 3.000000e+00 8.751908e+00
      vertex   1.606953e+00 0.000000e+00 8.135624e+00
    endloop
  endfacet
  facet normal -7.071068e-01 -1.046728e-16 7.071068e-01
    outer loop
      vertex   1.606953e+00 0.000000e+00 8.135624e+00
      vertex   2.223237e+00 3.000000e+00 8.751908e+00
      vertex   1.606953e+00 3.000000e+00 8.135624e+00
    endloop
  endfacet
  facet normal -8.191520e-01 -1.212589e-16 5.735764e-01
    outer loop
      vertex   1.606953e+00 0.000000e+00 8.135624e+00
      vertex   1.606953e+00 3.000000e+00 8.135624e+00
      vertex   1.107048e+00 0.000000e+00 7.421686e+00
    endloop
  endfacet
  facet normal -8.191520e-01 4.855388e-17 5.735764e-01
    outer loop
      vertex   1.107048e+00 0.000000e+00 7.421686e+00
      vertex   1.606953e+00 3.000000e+00 8.135624e+00
      vertex   1.107048e+00 3.000000e+00 7.421686e+00
    endloop
  endfacet
  facet normal -9.063078e-01 -9.040363e-18 4.226183e-01
    outer loop
      vertex   1.107048e+00 0.000000e+00 7.421686e+00
      vertex   1.107048e+00 3.000000e+00 7.421686e+00
      vertex   7.387121e-01 0.000000e+00 6.631787e+00
    endloop
  endfacet
  facet normal -9.063078e-01 -2.347809e-16 4.226183e-01
    outer loop
      vertex   7.387121e-01 0.000000e+00 6.631787e+00
      vertex   1.107048e+00 3.000000e+00 7.421686e+00
      vertex   7.387121e-01 3.000000e+00 6.631787e+00
    endloop
  endfacet
  facet normal -9.659258e-01 -2.502251e-16 2.588190e-01
    outer loop
      vertex   7.387121e-01 0.000000e+00 6.631787e+00
      vertex   7.387121e-01 3.000000e+00 6.631787e+00
      vertex   5.131365e-01 0.000000e+00 5.789927e+00
    endloop
  endfacet
  facet normal -9.659258e-01 -1.378528e-16 2.588190e-01
    outer loop
      vertex   5.131365e-01 0.000000e+00 5.789927e+00
      vertex   7.387121e-01 3.000000e+00 6.631787e+00
      vertex   5.131365e-01 3.000000e+00 5.789927e+00
    endloop
  endfacet
  facet normal -9.961947e-01 -1.953964e-16 8.715574e-02
    outer loop
      vertex   5.131365e-01 0.000000e+00 5.789927e+00
      vertex   5.131365e-01 3.000000e+00 5.789927e+00
      vertex   4.371753e-01 0.000000e+00 4.921686e+00
    endloop
  endfacet
  facet normal -9.961947e-01 0.000000e+00 8.715574e-02
    outer loop
      vertex   4.371753e-01 0.000000e+00 4.921686e+00
      vertex   5.131365e-01 3.000000e+00 5.789927e+00
      vertex   4.371753e-01 3.000000e+00 4.921686e+00
    endloop
  endfacet
  facet normal 0.000000e+00 0.000000e+00 1.000000e+00
    outer loop
      vertex   7.743718e+01 3.000000e+00 9.921686e+00
      vertex   4.443718e+01 3.000000e+00 9.921686e+00
      vertex   7.743718e+01 0.000000e+00 9.921686e+00
    endloop
  endfacet
  facet normal 0.000000e+00 0.000000e+00 1.000000e+00
    outer loop
      vertex   7.743718e+01 0.000000e+00 9.921686e+00
      vertex   4.443718e+01 3.000000e+00 9.921686e+00
      vertex   3.843718e+01 3.000000e+00 9.921686e+00
    endloop
  endfacet
  facet normal 0.000000e+00 0.000000e+00 1.000000e+00
    outer loop
      vertex   7.743718e+01 0.000000e+00 9.921686e+00
      vertex   3.843718e+01 3.000000e+00 9.921686e+00
      vertex   5.437175e+00 0.000000e+00 9.921686e+00
    endloop
  endfacet
  facet normal 0.000000e+00 0.000000e+00 1.000000e+00
    outer loop
      vertex   5.437175e+00 0.000000e+00 9.921686e+00
      vertex   3.843718e+01 3.000000e+00 9.921686e+00
      vertex   5.437175e+00 3.000000e+00 9.921686e+00
    endloop
  endfacet
  facet normal 0.000000e+00 0.000000e+00 1.000000e+00
    outer loop
      vertex   4.443718e+01 8.000000e+00 9.921686e+00
      vertex   3.843718e+01 8.000000e+00 9.921686e+00
      vertex   4.443718e+01 3.000000e+00 9.921686e+00
    endloop
  endfacet
  facet normal 0.000000e+00 0.000000e+00 1.000000e+00
    outer loop
      vertex   4.443718e+01 3.000000e+00 9.921686e+00
      vertex   3.843718e+01 8.000000e+00 9.921686e+00
      vertex   3.843718e+01 3.000000e+00 9.921686e+00
    endloop
  endfacet
  facet normal -0.000000e+00 -9.973763e-01 -7.239159e-02
    outer loop
      vertex   6.701975e+01 0.000000e+00 -5.449574e+01
      vertex   1.585460e+01 0.000000e+00 -5.449574e+01
      vertex   6.629773e+01 5.240542e-02 -5.521776e+01
    endloop
  endfacet
  facet normal -3.638621e-04 -9.952202e-01 -9.765604e-02
    outer loop
      vertex   6.629773e+01 5.240542e-02 -5.521776e+01
      vertex   1.585460e+01 0.000000e+00 -5.449574e+01
      vertex   4.996470e+01 6.841123e-02 -5.532002e+01
    endloop
  endfacet
  facet normal 3.957566e-04 -9.763856e-01 -2.160346e-01
    outer loop
      vertex   6.629773e+01 5.240542e-02 -5.521776e+01
      vertex   4.996470e+01 6.841123e-02 -5.532002e+01
      vertex   6.559085e+01 2.085232e-01 -5.592464e+01
    endloop
  endfacet
  facet normal -8.221652e-04 -9.693025e-01 -2.458698e-01
    outer loop
      vertex   6.559085e+01 2.085232e-01 -5.592464e+01
      vertex   4.996470e+01 6.841123e-02 -5.532002e+01
      vertex   4.996470e+01 2.717729e-01 -5.612174e+01
    endloop
  endfacet
  facet normal 6.938556e-04 -9.348627e-01 -3.550089e-01
    outer loop
      vertex   6.559085e+01 2.085232e-01 -5.592464e+01
      vertex   4.996470e+01 2.717729e-01 -5.612174e+01
      vertex   6.491392e+01 4.650806e-01 -5.660157e+01
    endloop
  endfacet
  facet normal -1.074358e-03 -9.155071e-01 -4.023004e-01
    outer loop
      vertex   6.491392e+01 4.650806e-01 -5.660157e+01
      vertex   4.996470e+01 2.717729e-01 -5.612174e+01
      vertex   4.996470e+01 6.045200e-01 -5.687896e+01
    endloop
  endfacet
  facet normal 8.755046e-04 -8.737431e-01 -4.863870e-01
    outer loop
      vertex   6.491392e+01 4.650806e-01 -5.660157e+01
      vertex   4.996470e+01 6.045200e-01 -5.687896e+01
      vertex   6.428114e+01 8.166999e-01 -5.723435e+01
    endloop
  endfacet
  facet normal -1.196677e-03 -8.366594e-01 -5.477222e-01
    outer loop
      vertex   6.428114e+01 8.166999e-01 -5.723435e+01
      vertex   4.996470e+01 6.045200e-01 -5.687896e+01
      vertex   4.996470e+01 1.057547e+00 -5.757097e+01
    endloop
  endfacet
  facet normal 9.187210e-04 -7.943707e-01 -6.074326e-01
    outer loop
      vertex   6.428114e+01 8.166999e-01 -5.723435e+01
      vertex   4.996470e+01 1.057547e+00 -5.757097e+01
      vertex   6.370576e+01 1.256010e+00 -5.780973e+01
    endloop
  endfacet
  facet normal -1.168819e-03 -7.349171e-01 -6.781559e-01
    outer loop
      vertex   6.370576e+01 1.256010e+00 -5.780973e+01
      vertex   4.996470e+01 1.057547e+00 -5.757097e+01
      vertex   4.996470e+01 1.618458e+00 -5.817883e+01
    endloop
  endfacet
  facet normal 8.003344e-04 -6.984519e-01 -7.156565e-01
    outer loop
      vertex   6.370576e+01 1.256010e+00 -5.780973e+01
      vertex   4.996470e+01 1.618458e+00 -5.817883e+01
      vertex   6.319985e+01 1.773803e+00 -5.831564e+01
    endloop
  endfacet
  facet normal -9.706938e-04 -6.130643e-01 -7.900324e-01
    outer loop
      vertex   6.319985e+01 1.773803e+00 -5.831564e+01
      vertex   4.996470e+01 1.618458e+00 -5.817883e+01
      vertex   4.996470e+01 2.271902e+00 -5.868590e+01
    endloop
  endfacet
  facet normal 4.991410e-04 -5.880033e-01 -8.088584e-01
    outer loop
      vertex   6.319985e+01 1.773803e+00 -5.831564e+01
      vertex   4.996470e+01 2.271902e+00 -5.868590e+01
      vertex   6.277401e+01 2.359223e+00 -5.874148e+01
    endloop
  endfacet
  facet normal -6.658492e-04 -4.655726e-01 -8.850094e-01
    outer loop
      vertex   6.277401e+01 2.359223e+00 -5.874148e+01
      vertex   4.996470e+01 2.271902e+00 -5.868590e+01
      vertex   6.243718e+01 3.000000e+00 -5.907831e+01
    endloop
  endfacet
  facet normal 0.000000e+00 -4.744354e-01 -8.802903e-01
    outer loop
      vertex   6.243718e+01 3.000000e+00 -5.907831e+01
      vertex   4.996470e+01 2.271902e+00 -5.868590e+01
      vertex   3.290965e+01 2.271902e+00 -5.868590e+01
    endloop
  endfacet
  facet normal 4.542015e-04 -4.886467e-01 -8.724816e-01
    outer loop
      vertex   6.243718e+01 3.000000e+00 -5.907831e+01
      vertex   3.290965e+01 2.271902e+00 -5.868590e+01
      vertex   2.010034e+01 2.359223e+00 -5.874148e+01
    endloop
  endfacet
  facet normal -4.991410e-04 -5.880033e-01 -8.088584e-01
    outer loop
      vertex   2.010034e+01 2.359223e+00 -5.874148e+01
      vertex   3.290965e+01 2.271902e+00 -5.868590e+01
      vertex   1.967450e+01 1.773803e+00 -5.831564e+01
    endloop
  endfacet
  facet normal 9.706938e-04 -6.130643e-01 -7.900324e-01
    outer loop
      vertex   1.967450e+01 1.773803e+00 -5.831564e+01
      vertex   3.290965e+01 2.271902e+00 -5.868590e+01
      vertex   3.290965e+01 1.618458e+00 -5.817883e+01
    endloop
  endfacet
  facet normal -8.003344e-04 -6.984519e-01 -7.156565e-01
    outer loop
      vertex   1.967450e+01 1.773803e+00 -5.831564e+01
      vertex   3.290965e+01 1.618458e+00 -5.817883e+01
      vertex   1.916859e+01 1.256010e+00 -5.780973e+01
    endloop
  endfacet
  facet normal 1.168819e-03 -7.349171e-01 -6.781559e-01
    outer loop
      vertex   1.916859e+01 1.256010e+00 -5.780973e+01
      vertex   3.290965e+01 1.618458e+00 -5.817883e+01
      vertex   3.290965e+01 1.057547e+00 -5.757097e+01
    endloop
  endfacet
  facet normal -9.187210e-04 -7.943707e-01 -6.074326e-01
    outer loop
      vertex   1.916859e+01 1.256010e+00 -5.780973e+01
      vertex   3.290965e+01 1.057547e+00 -5.757097e+01
      vertex   1.859321e+01 8.166999e-01 -5.723435e+01
    endloop
  endfacet
  facet normal 1.196677e-03 -8.366594e-01 -5.477222e-01
    outer loop
      vertex   1.859321e+01 8.166999e-01 -5.723435e+01
      vertex   3.290965e+01 1.057547e+00 -5.757097e+01
      vertex   3.290965e+01 6.045200e-01 -5.687896e+01
    endloop
  endfacet
  facet normal -8.755046e-04 -8.737431e-01 -4.863870e-01
    outer loop
      vertex   1.859321e+01 8.166999e-01 -5.723435e+01
      vertex   3.290965e+01 6.045200e-01 -5.687896e+01
      vertex   1.796043e+01 4.650806e-01 -5.660157e+01
    endloop
  endfacet
  facet normal 1.074358e-03 -9.155071e-01 -4.023004e-01
    outer loop
      vertex   1.796043e+01 4.650806e-01 -5.660157e+01
      vertex   3.290965e+01 6.045200e-01 -5.687896e+01
      vertex   3.290965e+01 2.717729e-01 -5.612174e+01
    endloop
  endfacet
  facet normal -6.938556e-04 -9.348627e-01 -3.550089e-01
    outer loop
      vertex   1.796043e+01 4.650806e-01 -5.660157e+01
      vertex   3.290965e+01 2.717729e-01 -5.612174e+01
      vertex   1.728350e+01 2.085232e-01 -5.592464e+01
    endloop
  endfacet
  facet normal 8.221652e-04 -9.693025e-01 -2.458698e-01
    outer loop
      vertex   1.728350e+01 2.085232e-01 -5.592464e+01
      vertex   3.290965e+01 2.717729e-01 -5.612174e+01
      vertex   3.290965e+01 6.841123e-02 -5.532002e+01
    endloop
  endfacet
  facet normal -3.957566e-04 -9.763856e-01 -2.160346e-01
    outer loop
      vertex   1.728350e+01 2.085232e-01 -5.592464e+01
      vertex   3.290965e+01 6.841123e-02 -5.532002e+01
      vertex   1.657662e+01 5.240542e-02 -5.521776e+01
    endloop
  endfacet
  facet normal 5.274767e-04 -9.974141e-01 -7.186686e-02
    outer loop
      vertex   1.657662e+01 5.240542e-02 -5.521776e+01
      vertex   3.290965e+01 6.841123e-02 -5.532002e+01
      vertex   1.585460e+01 0.000000e+00 -5.449574e+01
    endloop
  endfacet
  facet normal 0.000000e+00 -9.965736e-01 -8.271108e-02
    outer loop
      vertex   1.585460e+01 0.000000e+00 -5.449574e+01
      vertex   3.290965e+01 6.841123e-02 -5.532002e+01
      vertex   4.996470e+01 6.841123e-02 -5.532002e+01
    endloop
  endfacet
  facet normal 0.000000e+00 -4.652985e-01 -8.851538e-01
    outer loop
      vertex   2.010034e+01 2.359223e+00 -5.874148e+01
      vertex   2.043718e+01 3.000000e+00 -5.907831e+01
      vertex   6.243718e+01 3.000000e+00 -5.907831e+01
    endloop
  endfacet
  facet normal 0.000000e+00 -9.693028e-01 -2.458699e-01
    outer loop
      vertex   4.996470e+01 2.717729e-01 -5.612174e+01
      vertex   4.996470e+01 6.841123e-02 -5.532002e+01
      vertex   3.290965e+01 6.841123e-02 -5.532002e+01
    endloop
  endfacet
  facet normal 0.000000e+00 -9.155076e-01 -4.023006e-01
    outer loop
      vertex   4.996470e+01 6.045200e-01 -5.687896e+01
      vertex   4.996470e+01 2.717729e-01 -5.612174e+01
      vertex   3.290965e+01 2.717729e-01 -5.612174e+01
    endloop
  endfacet
  facet normal 0.000000e+00 -9.693028e-01 -2.458699e-01
    outer loop
      vertex   3.290965e+01 2.717729e-01 -5.612174e+01
      vertex   4.996470e+01 2.717729e-01 -5.612174e+01
      vertex   3.290965e+01 6.841123e-02 -5.532002e+01
    endloop
  endfacet
  facet normal 0.000000e+00 -8.366600e-01 -5.477226e-01
    outer loop
      vertex   4.996470e+01 1.057547e+00 -5.757097e+01
      vertex   4.996470e+01 6.045200e-01 -5.687896e+01
      vertex   3.290965e+01 6.045200e-01 -5.687896e+01
    endloop
  endfacet
  facet normal 0.000000e+00 -9.155076e-01 -4.023006e-01
    outer loop
      vertex   3.290965e+01 6.045200e-01 -5.687896e+01
      vertex   4.996470e+01 6.045200e-01 -5.687896e+01
      vertex   3.290965e+01 2.717729e-01 -5.612174e+01
    endloop
  endfacet
  facet normal 0.000000e+00 -7.349176e-01 -6.781564e-01
    outer loop
      vertex   4.996470e+01 1.618458e+00 -5.817883e+01
      vertex   4.996470e+01 1.057547e+00 -5.757097e+01
      vertex   3.290965e+01 1.057547e+00 -5.757097e+01
    endloop
  endfacet
  facet normal 0.000000e+00 -8.366600e-01 -5.477226e-01
    outer loop
      vertex   3.290965e+01 1.057547e+00 -5.757097e+01
      vertex   4.996470e+01 1.057547e+00 -5.757097e+01
      vertex   3.290965e+01 6.045200e-01 -5.687896e+01
    endloop
  endfacet
  facet normal 0.000000e+00 -6.130646e-01 -7.900328e-01
    outer loop
      vertex   4.996470e+01 2.271902e+00 -5.868590e+01
      vertex   4.996470e+01 1.618458e+00 -5.817883e+01
      vertex   3.290965e+01 1.618458e+00 -5.817883e+01
    endloop
  endfacet
  facet normal 0.000000e+00 -7.349176e-01 -6.781564e-01
    outer loop
      vertex   3.290965e+01 1.618458e+00 -5.817883e+01
      vertex   4.996470e+01 1.618458e+00 -5.817883e+01
      vertex   3.290965e+01 1.057547e+00 -5.757097e+01
    endloop
  endfacet
  facet normal 0.000000e+00 -6.130646e-01 -7.900328e-01
    outer loop
      vertex   3.290965e+01 2.271902e+00 -5.868590e+01
      vertex   4.996470e+01 2.271902e+00 -5.868590e+01
      vertex   3.290965e+01 1.618458e+00 -5.817883e+01
    endloop
  endfacet
  facet normal 8.851538e-01 -4.652985e-01 0.000000e+00
    outer loop
      vertex   2.043718e+01 3.000000e+00 -9.107831e+01
      vertex   2.043718e+01 3.000000e+00 -5.907831e+01
      vertex   2.010034e+01 2.359223e+00 -9.141515e+01
    endloop
  endfacet
  facet normal 8.721979e-01 -4.891528e-01 6.076463e-04
    outer loop
      vertex   2.010034e+01 2.359223e+00 -9.141515e+01
      vertex   2.043718e+01 3.000000e+00 -5.907831e+01
      vertex   2.004476e+01 2.271902e+00 -8.193917e+01
    endloop
  endfacet
  facet normal 8.089187e-01 -5.879202e-01 -6.736032e-04
    outer loop
      vertex   2.010034e+01 2.359223e+00 -9.141515e+01
      vertex   2.004476e+01 2.271902e+00 -8.193917e+01
      vertex   1.967450e+01 1.773803e+00 -9.184099e+01
    endloop
  endfacet
  facet normal 7.900321e-01 -6.130641e-01 1.297466e-03
    outer loop
      vertex   1.967450e+01 1.773803e+00 -9.184099e+01
      vertex   2.004476e+01 2.271902e+00 -8.193917e+01
      vertex   1.953769e+01 1.618458e+00 -8.193917e+01
    endloop
  endfacet
  facet normal 7.157860e-01 -6.983189e-01 -1.065883e-03
    outer loop
      vertex   1.967450e+01 1.773803e+00 -9.184099e+01
      vertex   1.953769e+01 1.618458e+00 -8.193917e+01
      vertex   1.916859e+01 1.256010e+00 -9.234690e+01
    endloop
  endfacet
  facet normal 6.781556e-01 -7.349168e-01 1.543162e-03
    outer loop
      vertex   1.916859e+01 1.256010e+00 -9.234690e+01
      vertex   1.953769e+01 1.618458e+00 -8.193917e+01
      vertex   1.892983e+01 1.057547e+00 -8.193917e+01
    endloop
  endfacet
  facet normal 6.076139e-01 -7.942317e-01 -1.206155e-03
    outer loop
      vertex   1.916859e+01 1.256010e+00 -9.234690e+01
      vertex   1.892983e+01 1.057547e+00 -8.193917e+01
      vertex   1.859321e+01 8.166999e-01 -9.292228e+01
    endloop
  endfacet
  facet normal 5.477219e-01 -8.366590e-01 1.559863e-03
    outer loop
      vertex   1.859321e+01 8.166999e-01 -9.292228e+01
      vertex   1.892983e+01 1.057547e+00 -8.193917e+01
      vertex   1.823782e+01 6.045200e-01 -8.193917e+01
    endloop
  endfacet
  facet normal 4.865833e-01 -8.736335e-01 -1.132747e-03
    outer loop
      vertex   1.859321e+01 8.166999e-01 -9.292228e+01
      vertex   1.823782e+01 6.045200e-01 -8.193917e+01
      vertex   1.796043e+01 4.650806e-01 -9.355506e+01
    endloop
  endfacet
  facet normal 4.023002e-01 -9.155068e-01 1.382658e-03
    outer loop
      vertex   1.796043e+01 4.650806e-01 -9.355506e+01
      vertex   1.823782e+01 6.045200e-01 -8.193917e+01
      vertex   1.748060e+01 2.717729e-01 -8.193917e+01
    endloop
  endfacet
  facet normal 3.551759e-01 -9.347991e-01 -8.850078e-04
    outer loop
      vertex   1.796043e+01 4.650806e-01 -9.355506e+01
      vertex   1.748060e+01 2.717729e-01 -8.193917e+01
      vertex   1.728350e+01 2.085232e-01 -9.423199e+01
    endloop
  endfacet
  facet normal 2.458698e-01 -9.693023e-01 1.045104e-03
    outer loop
      vertex   1.728350e+01 2.085232e-01 -9.423199e+01
      vertex   1.748060e+01 2.717729e-01 -8.193917e+01
      vertex   1.667888e+01 6.841123e-02 -8.193917e+01
    endloop
  endfacet
  facet normal 2.161321e-01 -9.763640e-01 -4.980286e-04
    outer loop
      vertex   1.728350e+01 2.085232e-01 -9.423199e+01
      vertex   1.667888e+01 6.841123e-02 -8.193917e+01
      vertex   1.657662e+01 5.240542e-02 -9.493887e+01
    endloop
  endfacet
  facet normal 7.173123e-02 -9.974238e-01 6.638091e-04
    outer loop
      vertex   1.657662e+01 5.240542e-02 -9.493887e+01
      vertex   1.667888e+01 6.841123e-02 -8.193917e+01
      vertex   1.585460e+01 0.000000e+00 -9.566089e+01
    endloop
  endfacet
  facet normal 8.271108e-02 -9.965736e-01 0.000000e+00
    outer loop
      vertex   1.585460e+01 0.000000e+00 -9.566089e+01
      vertex   1.667888e+01 6.841123e-02 -8.193917e+01
      vertex   1.667888e+01 6.841123e-02 -6.821746e+01
    endloop
  endfacet
  facet normal 9.778433e-02 -9.952075e-01 -4.561375e-04
    outer loop
      vertex   1.585460e+01 0.000000e+00 -9.566089e+01
      vertex   1.667888e+01 6.841123e-02 -6.821746e+01
      vertex   1.657662e+01 5.240542e-02 -5.521776e+01
    endloop
  endfacet
  facet normal 2.161321e-01 -9.763640e-01 4.980286e-04
    outer loop
      vertex   1.657662e+01 5.240542e-02 -5.521776e+01
      vertex   1.667888e+01 6.841123e-02 -6.821746e+01
      vertex   1.728350e+01 2.085232e-01 -5.592464e+01
    endloop
  endfacet
  facet normal 2.458698e-01 -9.693023e-01 -1.045104e-03
    outer loop
      vertex   1.728350e+01 2.085232e-01 -5.592464e+01
      vertex   1.667888e+01 6.841123e-02 -6.821746e+01
      vertex   1.748060e+01 2.717729e-01 -6.821746e+01
    endloop
  endfacet
  facet normal 3.551759e-01 -9.347991e-01 8.850078e-04
    outer loop
      vertex   1.728350e+01 2.085232e-01 -5.592464e+01
      vertex   1.748060e+01 2.717729e-01 -6.821746e+01
      vertex   1.796043e+01 4.650806e-01 -5.660157e+01
    endloop
  endfacet
  facet normal 4.023002e-01 -9.155068e-01 -1.382658e-03
    outer loop
      vertex   1.796043e+01 4.650806e-01 -5.660157e+01
      vertex   1.748060e+01 2.717729e-01 -6.821746e+01
      vertex   1.823782e+01 6.045200e-01 -6.821746e+01
    endloop
  endfacet
  facet normal 4.865833e-01 -8.736335e-01 1.132747e-03
    outer loop
      vertex   1.796043e+01 4.650806e-01 -5.660157e+01
      vertex   1.823782e+01 6.045200e-01 -6.821746e+01
      vertex   1.859321e+01 8.166999e-01 -5.723435e+01
    endloop
  endfacet
  facet normal 5.477219e-01 -8.366590e-01 -1.559863e-03
    outer loop
      vertex   1.859321e+01 8.166999e-01 -5.723435e+01
      vertex   1.823782e+01 6.045200e-01 -6.821746e+01
      vertex   1.892983e+01 1.057547e+00 -6.821746e+01
    endloop
  endfacet
  facet normal 6.076139e-01 -7.942317e-01 1.206155e-03
    outer loop
      vertex   1.859321e+01 8.166999e-01 -5.723435e+01
      vertex   1.892983e+01 1.057547e+00 -6.821746e+01
      vertex   1.916859e+01 1.256010e+00 -5.780973e+01
    endloop
  endfacet
  facet normal 6.781556e-01 -7.349168e-01 -1.543162e-03
    outer loop
      vertex   1.916859e+01 1.256010e+00 -5.780973e+01
      vertex   1.892983e+01 1.057547e+00 -6.821746e+01
      vertex   1.953769e+01 1.618458e+00 -6.821746e+01
    endloop
  endfacet
  facet normal 7.157860e-01 -6.983189e-01 1.065883e-03
    outer loop
      vertex   1.916859e+01 1.256010e+00 -5.780973e+01
      vertex   1.953769e+01 1.618458e+00 -6.821746e+01
      vertex   1.967450e+01 1.773803e+00 -5.831564e+01
    endloop
  endfacet
  facet normal 7.900321e-01 -6.130641e-01 -1.297466e-03
    outer loop
      vertex   1.967450e+01 1.773803e+00 -5.831564e+01
      vertex   1.953769e+01 1.618458e+00 -6.821746e+01
      vertex   2.004476e+01 2.271902e+00 -6.821746e+01
    endloop
  endfacet
  facet normal 8.089187e-01 -5.879202e-01 6.736032e-04
    outer loop
      vertex   1.967450e+01 1.773803e+00 -5.831564e+01
      vertex   2.004476e+01 2.271902e+00 -6.821746e+01
      vertex   2.010034e+01 2.359223e+00 -5.874148e+01
    endloop
  endfacet
  facet normal 8.849588e-01 -4.656685e-01 -8.988922e-04
    outer loop
      vertex   2.010034e+01 2.359223e+00 -5.874148e+01
      vertex   2.004476e+01 2.271902e+00 -6.821746e+01
      vertex   2.043718e+01 3.000000e+00 -5.907831e+01
    endloop
  endfacet
  facet normal 8.802903e-01 -4.744354e-01 0.000000e+00
    outer loop
      vertex   2.043718e+01 3.000000e+00 -5.907831e+01
      vertex   2.004476e+01 2.271902e+00 -6.821746e+01
      vertex   2.004476e+01 2.271902e+00 -8.193917e+01
    endloop
  endfacet
  facet normal 7.239159e-02 -9.973763e-01 0.000000e+00
    outer loop
      vertex   1.657662e+01 5.240542e-02 -5.521776e+01
      vertex   1.585460e+01 0.000000e+00 -5.449574e+01
      vertex   1.585460e+01 0.000000e+00 -9.566089e+01
    endloop
  endfacet
  facet normal 7.900328e-01 -6.130646e-01 0.000000e+00
    outer loop
      vertex   1.953769e+01 1.618458e+00 -8.193917e+01
      vertex   2.004476e+01 2.271902e+00 -8.193917e+01
      vertex   2.004476e+01 2.271902e+00 -6.821746e+01
    endloop
  endfacet
  facet normal 6.781564e-01 -7.349176e-01 0.000000e+00
    outer loop
      vertex   1.892983e+01 1.057547e+00 -8.193917e+01
      vertex   1.953769e+01 1.618458e+00 -8.193917e+01
      vertex   1.953769e+01 1.618458e+00 -6.821746e+01
    endloop
  endfacet
  facet normal 7.900328e-01 -6.130646e-01 0.000000e+00
    outer loop
      vertex   1.953769e+01 1.618458e+00 -6.821746e+01
      vertex   1.953769e+01 1.618458e+00 -8.193917e+01
      vertex   2.004476e+01 2.271902e+00 -6.821746e+01
    endloop
  endfacet
  facet normal 5.477226e-01 -8.366600e-01 0.000000e+00
    outer loop
      vertex   1.823782e+01 6.045200e-01 -8.193917e+01
      vertex   1.892983e+01 1.057547e+00 -8.193917e+01
      vertex   1.892983e+01 1.057547e+00 -6.821746e+01
    endloop
  endfacet
  facet normal 6.781564e-01 -7.349176e-01 0.000000e+00
    outer loop
      vertex   1.892983e+01 1.057547e+00 -6.821746e+01
      vertex   1.892983e+01 1.057547e+00 -8.193917e+01
      vertex   1.953769e+01 1.618458e+00 -6.821746e+01
    endloop
  endfacet
  facet normal 4.023006e-01 -9.155076e-01 0.000000e+00
    outer loop
      vertex   1.748060e+01 2.717729e-01 -8.193917e+01
      vertex   1.823782e+01 6.045200e-01 -8.193917e+01
      vertex   1.823782e+01 6.045200e-01 -6.821746e+01
    endloop
  endfacet
  facet normal 5.477226e-01 -8.366600e-01 0.000000e+00
    outer loop
      vertex   1.823782e+01 6.045200e-01 -6.821746e+01
      vertex   1.823782e+01 6.045200e-01 -8.193917e+01
      vertex   1.892983e+01 1.057547e+00 -6.821746e+01
    endloop
  endfacet
  facet normal 2.458699e-01 -9.693028e-01 0.000000e+00
    outer loop
      vertex   1.667888e+01 6.841123e-02 -8.193917e+01
      vertex   1.748060e+01 2.717729e-01 -8.193917e+01
      vertex   1.748060e+01 2.717729e-01 -6.821746e+01
    endloop
  endfacet
  facet normal 4.023006e-01 -9.155076e-01 0.000000e+00
    outer loop
      vertex   1.748060e+01 2.717729e-01 -6.821746e+01
      vertex   1.748060e+01 2.717729e-01 -8.193917e+01
      vertex   1.823782e+01 6.045200e-01 -6.821746e+01
    endloop
  endfacet
  facet normal 2.458699e-01 -9.693028e-01 0.000000e+00
    outer loop
      vertex   1.667888e+01 6.841123e-02 -6.821746e+01
      vertex   1.667888e+01 6.841123e-02 -8.193917e+01
      vertex   1.748060e+01 2.717729e-01 -6.821746e+01
    endloop
  endfacet
  facet normal 0.000000e+00 -4.652985e-01 8.851538e-01
    outer loop
      vertex   6.243718e+01 3.000000e+00 -9.107831e+01
      vertex   2.043718e+01 3.000000e+00 -9.107831e+01
      vertex   6.277401e+01 2.359223e+00 -9.141515e+01
    endloop
  endfacet
  facet normal -4.542015e-04 -4.886467e-01 8.724816e-01
    outer loop
      vertex   6.277401e+01 2.359223e+00 -9.141515e+01
      vertex   2.043718e+01 3.000000e+00 -9.107831e+01
      vertex   4.996470e+01 2.271902e+00 -9.147072e+01
    endloop
  endfacet
  facet normal 4.991410e-04 -5.880033e-01 8.088584e-01
    outer loop
      vertex   6.277401e+01 2.359223e+00 -9.141515e+01
      vertex   4.996470e+01 2.271902e+00 -9.147072e+01
      vertex   6.319985e+01 1.773803e+00 -9.184099e+01
    endloop
  endfacet
  facet normal -9.706938e-04 -6.130643e-01 7.900324e-01
    outer loop
      vertex   6.319985e+01 1.773803e+00 -9.184099e+01
      vertex   4.996470e+01 2.271902e+00 -9.147072e+01
      vertex   4.996470e+01 1.618458e+00 -9.197780e+01
    endloop
  endfacet
  facet normal 8.003344e-04 -6.984519e-01 7.156565e-01
    outer loop
      vertex   6.319985e+01 1.773803e+00 -9.184099e+01
      vertex   4.996470e+01 1.618458e+00 -9.197780e+01
      vertex   6.370576e+01 1.256010e+00 -9.234690e+01
    endloop
  endfacet
  facet normal -1.168819e-03 -7.349171e-01 6.781559e-01
    outer loop
      vertex   6.370576e+01 1.256010e+00 -9.234690e+01
      vertex   4.996470e+01 1.618458e+00 -9.197780e+01
      vertex   4.996470e+01 1.057547e+00 -9.258566e+01
    endloop
  endfacet
  facet normal 9.187210e-04 -7.943707e-01 6.074326e-01
    outer loop
      vertex   6.370576e+01 1.256010e+00 -9.234690e+01
      vertex   4.996470e+01 1.057547e+00 -9.258566e+01
      vertex   6.428114e+01 8.166999e-01 -9.292228e+01
    endloop
  endfacet
  facet normal -1.196677e-03 -8.366594e-01 5.477222e-01
    outer loop
      vertex   6.428114e+01 8.166999e-01 -9.292228e+01
      vertex   4.996470e+01 1.057547e+00 -9.258566e+01
      vertex   4.996470e+01 6.045200e-01 -9.327767e+01
    endloop
  endfacet
  facet normal 8.755046e-04 -8.737431e-01 4.863870e-01
    outer loop
      vertex   6.428114e+01 8.166999e-01 -9.292228e+01
      vertex   4.996470e+01 6.045200e-01 -9.327767e+01
      vertex   6.491392e+01 4.650806e-01 -9.355506e+01
    endloop
  endfacet
  facet normal -1.074358e-03 -9.155071e-01 4.023004e-01
    outer loop
      vertex   6.491392e+01 4.650806e-01 -9.355506e+01
      vertex   4.996470e+01 6.045200e-01 -9.327767e+01
      vertex   4.996470e+01 2.717729e-01 -9.403489e+01
    endloop
  endfacet
  facet normal 6.938556e-04 -9.348627e-01 3.550089e-01
    outer loop
      vertex   6.491392e+01 4.650806e-01 -9.355506e+01
      vertex   4.996470e+01 2.717729e-01 -9.403489e+01
      vertex   6.559085e+01 2.085232e-01 -9.423199e+01
    endloop
  endfacet
  facet normal -8.221652e-04 -9.693025e-01 2.458698e-01
    outer loop
      vertex   6.559085e+01 2.085232e-01 -9.423199e+01
      vertex   4.996470e+01 2.717729e-01 -9.403489e+01
      vertex   4.996470e+01 6.841123e-02 -9.483661e+01
    endloop
  endfacet
  facet normal 3.957566e-04 -9.763856e-01 2.160346e-01
    outer loop
      vertex   6.559085e+01 2.085232e-01 -9.423199e+01
      vertex   4.996470e+01 6.841123e-02 -9.483661e+01
      vertex   6.629773e+01 5.240542e-02 -9.493887e+01
    endloop
  endfacet
  facet normal -5.274767e-04 -9.974141e-01 7.186686e-02
    outer loop
      vertex   6.629773e+01 5.240542e-02 -9.493887e+01
      vertex   4.996470e+01 6.841123e-02 -9.483661e+01
      vertex   6.701975e+01 0.000000e+00 -9.566089e+01
    endloop
  endfacet
  facet normal 0.000000e+00 -9.965736e-01 8.271108e-02
    outer loop
      vertex   6.701975e+01 0.000000e+00 -9.566089e+01
      vertex   4.996470e+01 6.841123e-02 -9.483661e+01
      vertex   3.290965e+01 6.841123e-02 -9.483661e+01
    endloop
  endfacet
  facet normal 3.638621e-04 -9.952202e-01 9.765604e-02
    outer loop
      vertex   6.701975e+01 0.000000e+00 -9.566089e+01
      vertex   3.290965e+01 6.841123e-02 -9.483661e+01
      vertex   1.657662e+01 5.240542e-02 -9.493887e+01
    endloop
  endfacet
  facet normal -3.957566e-04 -9.763856e-01 2.160346e-01
    outer loop
      vertex   1.657662e+01 5.240542e-02 -9.493887e+01
      vertex   3.290965e+01 6.841123e-02 -9.483661e+01
      vertex   1.728350e+01 2.085232e-01 -9.423199e+01
    endloop
  endfacet
  facet normal 8.221652e-04 -9.693025e-01 2.458698e-01
    outer loop
      vertex   1.728350e+01 2.085232e-01 -9.423199e+01
      vertex   3.290965e+01 6.841123e-02 -9.483661e+01
      vertex   3.290965e+01 2.717729e-01 -9.403489e+01
    endloop
  endfacet
  facet normal -6.938556e-04 -9.348627e-01 3.550089e-01
    outer loop
      vertex   1.728350e+01 2.085232e-01 -9.423199e+01
      vertex   3.290965e+01 2.717729e-01 -9.403489e+01
      vertex   1.796043e+01 4.650806e-01 -9.355506e+01
    endloop
  endfacet
  facet normal 1.074358e-03 -9.155071e-01 4.023004e-01
    outer loop
      vertex   1.796043e+01 4.650806e-01 -9.355506e+01
      vertex   3.290965e+01 2.717729e-01 -9.403489e+01
      vertex   3.290965e+01 6.045200e-01 -9.327767e+01
    endloop
  endfacet
  facet normal -8.755046e-04 -8.737431e-01 4.863870e-01
    outer loop
      vertex   1.796043e+01 4.650806e-01 -9.355506e+01
      vertex   3.290965e+01 6.045200e-01 -9.327767e+01
      vertex   1.859321e+01 8.166999e-01 -9.292228e+01
    endloop
  endfacet
  facet normal 1.196677e-03 -8.366594e-01 5.477222e-01
    outer loop
      vertex   1.859321e+01 8.166999e-01 -9.292228e+01
      vertex   3.290965e+01 6.045200e-01 -9.327767e+01
      vertex   3.290965e+01 1.057547e+00 -9.258566e+01
    endloop
  endfacet
  facet normal -9.187210e-04 -7.943707e-01 6.074326e-01
    outer loop
      vertex   1.859321e+01 8.166999e-01 -9.292228e+01
      vertex   3.290965e+01 1.057547e+00 -9.258566e+01
      vertex   1.916859e+01 1.256010e+00 -9.234690e+01
    endloop
  endfacet
  facet normal 1.168819e-03 -7.349171e-01 6.781559e-01
    outer loop
      vertex   1.916859e+01 1.256010e+00 -9.234690e+01
      vertex   3.290965e+01 1.057547e+00 -9.258566e+01
      vertex   3.290965e+01 1.618458e+00 -9.197780e+01
    endloop
  endfacet
  facet normal -8.003344e-04 -6.984519e-01 7.156565e-01
    outer loop
      vertex   1.916859e+01 1.256010e+00 -9.234690e+01
      vertex   3.290965e+01 1.618458e+00 -9.197780e+01
      vertex   1.967450e+01 1.773803e+00 -9.184099e+01
    endloop
  endfacet
  facet normal 9.706938e-04 -6.130643e-01 7.900324e-01
    outer loop
      vertex   1.967450e+01 1.773803e+00 -9.184099e+01
      vertex   3.290965e+01 1.618458e+00 -9.197780e+01
      vertex   3.290965e+01 2.271902e+00 -9.147072e+01
    endloop
  endfacet
  facet normal -4.991410e-04 -5.880033e-01 8.088584e-01
    outer loop
      vertex   1.967450e+01 1.773803e+00 -9.184099e+01
      vertex   3.290965e+01 2.271902e+00 -9.147072e+01
      vertex   2.010034e+01 2.359223e+00 -9.141515e+01
    endloop
  endfacet
  facet normal 6.658492e-04 -4.655726e-01 8.850094e-01
    outer loop
      vertex   2.010034e+01 2.359223e+00 -9.141515e+01
      vertex   3.290965e+01 2.271902e+00 -9.147072e+01
      vertex   2.043718e+01 3.000000e+00 -9.107831e+01
    endloop
  endfacet
  facet normal 0.000000e+00 -4.744354e-01 8.802903e-01
    outer loop
      vertex   2.043718e+01 3.000000e+00 -9.107831e+01
      vertex   3.290965e+01 2.271902e+00 -9.147072e+01
      vertex   4.996470e+01 2.271902e+00 -9.147072e+01
    endloop
  endfacet
  facet normal 0.000000e+00 -9.973763e-01 7.239159e-02
    outer loop
      vertex   1.657662e+01 5.240542e-02 -9.493887e+01
      vertex   1.585460e+01 0.000000e+00 -9.566089e+01
      vertex   6.701975e+01 0.000000e+00 -9.566089e+01
    endloop
  endfacet
  facet normal 0.000000e+00 -6.130646e-01 7.900328e-01
    outer loop
      vertex   4.996470e+01 1.618458e+00 -9.197780e+01
      vertex   4.996470e+01 2.271902e+00 -9.147072e+01
      vertex   3.290965e+01 2.271902e+00 -9.147072e+01
    endloop
  endfacet
  facet normal 0.000000e+00 -7.349176e-01 6.781564e-01
    outer loop
      vertex   4.996470e+01 1.057547e+00 -9.258566e+01
      vertex   4.996470e+01 1.618458e+00 -9.197780e+01
      vertex   3.290965e+01 1.618458e+00 -9.197780e+01
    endloop
  endfacet
  facet normal 0.000000e+00 -6.130646e-01 7.900328e-01
    outer loop
      vertex   3.290965e+01 1.618458e+00 -9.197780e+01
      vertex   4.996470e+01 1.618458e+00 -9.197780e+01
      vertex   3.290965e+01 2.271902e+00 -9.147072e+01
    endloop
  endfacet
  facet normal 0.000000e+00 -8.366600e-01 5.477226e-01
    outer loop
      vertex   4.996470e+01 6.045200e-01 -9.327767e+01
      vertex   4.996470e+01 1.057547e+00 -9.258566e+01
      vertex   3.290965e+01 1.057547e+00 -9.258566e+01
    endloop
  endfacet
  facet normal 0.000000e+00 -7.349176e-01 6.781564e-01
    outer loop
      vertex   3.290965e+01 1.057547e+00 -9.258566e+01
      vertex   4.996470e+01 1.057547e+00 -9.258566e+01
      vertex   3.290965e+01 1.618458e+00 -9.197780e+01
    endloop
  endfacet
  facet normal 0.000000e+00 -9.155076e-01 4.023006e-01
    outer loop
      vertex   4.996470e+01 2.717729e-01 -9.403489e+01
      vertex   4.996470e+01 6.045200e-01 -9.327767e+01
      vertex   3.290965e+01 6.045200e-01 -9.327767e+01
    endloop
  endfacet
  facet normal 0.000000e+00 -8.366600e-01 5.477226e-01
    outer loop
      vertex   3.290965e+01 6.045200e-01 -9.327767e+01
      vertex   4.996470e+01 6.045200e-01 -9.327767e+01
      vertex   3.290965e+01 1.057547e+00 -9.258566e+01
    endloop
  endfacet
  facet normal 0.000000e+00 -9.693028e-01 2.458699e-01
    outer loop
      vertex   4.996470e+01 6.841123e-02 -9.483661e+01
      vertex   4.996470e+01 2.717729e-01 -9.403489e+01
      vertex   3.290965e+01 2.717729e-01 -9.403489e+01
    endloop
  endfacet
  facet normal 0.000000e+00 -9.155076e-01 4.023006e-01
    outer loop
      vertex   3.290965e+01 2.717729e-01 -9.403489e+01
      vertex   4.996470e+01 2.717729e-01 -9.403489e+01
      vertex   3.290965e+01 6.045200e-01 -9.327767e+01
    endloop
  endfacet
  facet normal 0.000000e+00 -9.693028e-01 2.458699e-01
    outer loop
      vertex   3.290965e+01 6.841123e-02 -9.483661e+01
      vertex   4.996470e+01 6.841123e-02 -9.483661e+01
      vertex   3.290965e+01 2.717729e-01 -9.403489e+01
    endloop
  endfacet
  facet normal -8.851538e-01 -4.652985e-01 -0.000000e+00
    outer loop
      vertex   6.243718e+01 3.000000e+00 -5.907831e+01
      vertex   6.243718e+01 3.000000e+00 -9.107831e+01
      vertex   6.277401e+01 2.359223e+00 -5.874148e+01
    endloop
  endfacet
  facet normal -8.721979e-01 -4.891528e-01 -6.076463e-04
    outer loop
      vertex   6.277401e+01 2.359223e+00 -5.874148e+01
      vertex   6.243718e+01 3.000000e+00 -9.107831e+01
      vertex   6.282959e+01 2.271902e+00 -6.821746e+01
    endloop
  endfacet
  facet normal -8.089187e-01 -5.879202e-01 6.736032e-04
    outer loop
      vertex   6.277401e+01 2.359223e+00 -5.874148e+01
      vertex   6.282959e+01 2.271902e+00 -6.821746e+01
      vertex   6.319985e+01 1.773803e+00 -5.831564e+01
    endloop
  endfacet
  facet normal -7.900321e-01 -6.130641e-01 -1.297466e-03
    outer loop
      vertex   6.319985e+01 1.773803e+00 -5.831564e+01
      vertex   6.282959e+01 2.271902e+00 -6.821746e+01
      vertex   6.333666e+01 1.618458e+00 -6.821746e+01
    endloop
  endfacet
  facet normal -7.157860e-01 -6.983189e-01 1.065883e-03
    outer loop
      vertex   6.319985e+01 1.773803e+00 -5.831564e+01
      vertex   6.333666e+01 1.618458e+00 -6.821746e+01
      vertex   6.370576e+01 1.256010e+00 -5.780973e+01
    endloop
  endfacet
  facet normal -6.781556e-01 -7.349168e-01 -1.543162e-03
    outer loop
      vertex   6.370576e+01 1.256010e+00 -5.780973e+01
      vertex   6.333666e+01 1.618458e+00 -6.821746e+01
      vertex   6.394452e+01 1.057547e+00 -6.821746e+01
    endloop
  endfacet
  facet normal -6.076139e-01 -7.942317e-01 1.206155e-03
    outer loop
      vertex   6.370576e+01 1.256010e+00 -5.780973e+01
      vertex   6.394452e+01 1.057547e+00 -6.821746e+01
      vertex   6.428114e+01 8.166999e-01 -5.723435e+01
    endloop
  endfacet
  facet normal -5.477219e-01 -8.366590e-01 -1.559863e-03
    outer loop
      vertex   6.428114e+01 8.166999e-01 -5.723435e+01
      vertex   6.394452e+01 1.057547e+00 -6.821746e+01
      vertex   6.463653e+01 6.045200e-01 -6.821746e+01
    endloop
  endfacet
  facet normal -4.865833e-01 -8.736335e-01 1.132747e-03
    outer loop
      vertex   6.428114e+01 8.166999e-01 -5.723435e+01
      vertex   6.463653e+01 6.045200e-01 -6.821746e+01
      vertex   6.491392e+01 4.650806e-01 -5.660157e+01
    endloop
  endfacet
  facet normal -4.023002e-01 -9.155068e-01 -1.382658e-03
    outer loop
      vertex   6.491392e+01 4.650806e-01 -5.660157e+01
      vertex   6.463653e+01 6.045200e-01 -6.821746e+01
      vertex   6.539375e+01 2.717729e-01 -6.821746e+01
    endloop
  endfacet
  facet normal -3.551759e-01 -9.347991e-01 8.850078e-04
    outer loop
      vertex   6.491392e+01 4.650806e-01 -5.660157e+01
      vertex   6.539375e+01 2.717729e-01 -6.821746e+01
      vertex   6.559085e+01 2.085232e-01 -5.592464e+01
    endloop
  endfacet
  facet normal -2.458698e-01 -9.693023e-01 -1.045104e-03
    outer loop
      vertex   6.559085e+01 2.085232e-01 -5.592464e+01
      vertex   6.539375e+01 2.717729e-01 -6.821746e+01
      vertex   6.619547e+01 6.841123e-02 -6.821746e+01
    endloop
  endfacet
  facet normal -2.161321e-01 -9.763640e-01 4.980286e-04
    outer loop
      vertex   6.559085e+01 2.085232e-01 -5.592464e+01
      vertex   6.619547e+01 6.841123e-02 -6.821746e+01
      vertex   6.629773e+01 5.240542e-02 -5.521776e+01
    endloop
  endfacet
  facet normal -7.173123e-02 -9.974238e-01 -6.638091e-04
    outer loop
      vertex   6.629773e+01 5.240542e-02 -5.521776e+01
      vertex   6.619547e+01 6.841123e-02 -6.821746e+01
      vertex   6.701975e+01 0.000000e+00 -5.449574e+01
    endloop
  endfacet
  facet normal -8.271108e-02 -9.965736e-01 0.000000e+00
    outer loop
      vertex   6.701975e+01 0.000000e+00 -5.449574e+01
      vertex   6.619547e+01 6.841123e-02 -6.821746e+01
      vertex   6.619547e+01 6.841123e-02 -8.193917e+01
    endloop
  endfacet
  facet normal -9.778433e-02 -9.952075e-01 4.561375e-04
    outer loop
      vertex   6.701975e+01 0.000000e+00 -5.449574e+01
      vertex   6.619547e+01 6.841123e-02 -8.193917e+01
      vertex   6.629773e+01 5.240542e-02 -9.493887e+01
    endloop
  endfacet
  facet normal -2.161321e-01 -9.763640e-01 -4.980286e-04
    outer loop
      vertex   6.629773e+01 5.240542e-02 -9.493887e+01
      vertex   6.619547e+01 6.841123e-02 -8.193917e+01
      vertex   6.559085e+01 2.085232e-01 -9.423199e+01
    endloop
  endfacet
  facet normal -2.458698e-01 -9.693023e-01 1.045104e-03
    outer loop
      vertex   6.559085e+01 2.085232e-01 -9.423199e+01
      vertex   6.619547e+01 6.841123e-02 -8.193917e+01
      vertex   6.539375e+01 2.717729e-01 -8.193917e+01
    endloop
  endfacet
  facet normal -3.551759e-01 -9.347991e-01 -8.850078e-04
    outer loop
      vertex   6.559085e+01 2.085232e-01 -9.423199e+01
      vertex   6.539375e+01 2.717729e-01 -8.193917e+01
      vertex   6.491392e+01 4.650806e-01 -9.355506e+01
    endloop
  endfacet
  facet normal -4.023002e-01 -9.155068e-01 1.382658e-03
    outer loop
      vertex   6.491392e+01 4.650806e-01 -9.355506e+01
      vertex   6.539375e+01 2.717729e-01 -8.193917e+01
      vertex   6.463653e+01 6.045200e-01 -8.193917e+01
    endloop
  endfacet
  facet normal -4.865833e-01 -8.736335e-01 -1.132747e-03
    outer loop
      vertex   6.491392e+01 4.650806e-01 -9.355506e+01
      vertex   6.463653e+01 6.045200e-01 -8.193917e+01
      vertex   6.428114e+01 8.166999e-01 -9.292228e+01
    endloop
  endfacet
  facet normal -5.477219e-01 -8.366590e-01 1.559863e-03
    outer loop
      vertex   6.428114e+01 8.166999e-01 -9.292228e+01
      vertex   6.463653e+01 6.045200e-01 -8.193917e+01
      vertex   6.394452e+01 1.057547e+00 -8.193917e+01
    endloop
  endfacet
  facet normal -6.076139e-01 -7.942317e-01 -1.206155e-03
    outer loop
      vertex   6.428114e+01 8.166999e-01 -9.292228e+01
      vertex   6.394452e+01 1.057547e+00 -8.193917e+01
      vertex   6.370576e+01 1.256010e+00 -9.234690e+01
    endloop
  endfacet
  facet normal -6.781556e-01 -7.349168e-01 1.543162e-03
    outer loop
      vertex   6.370576e+01 1.256010e+00 -9.234690e+01
      vertex   6.394452e+01 1.057547e+00 -8.193917e+01
      vertex   6.333666e+01 1.618458e+00 -8.193917e+01
    endloop
  endfacet
  facet normal -7.157860e-01 -6.983189e-01 -1.065883e-03
    outer loop
      vertex   6.370576e+01 1.256010e+00 -9.234690e+01
      vertex   6.333666e+01 1.618458e+00 -8.193917e+01
      vertex   6.319985e+01 1.773803e+00 -9.184099e+01
    endloop
  endfacet
  facet normal -7.900321e-01 -6.130641e-01 1.297466e-03
    outer loop
      vertex   6.319985e+01 1.773803e+00 -9.184099e+01
      vertex   6.333666e+01 1.618458e+00 -8.193917e+01
      vertex   6.282959e+01 2.271902e+00 -8.193917e+01
    endloop
  endfacet
  facet normal -8.089187e-01 -5.879202e-01 -6.736032e-04
    outer loop
      vertex   6.319985e+01 1.773803e+00 -9.184099e+01
      vertex   6.282959e+01 2.271902e+00 -8.193917e+01
      vertex   6.277401e+01 2.359223e+00 -9.141515e+01
    endloop
  endfacet
  facet normal -8.849588e-01 -4.656685e-01 8.988922e-04
    outer loop
      vertex   6.277401e+01 2.359223e+00 -9.141515e+01
      vertex   6.282959e+01 2.271902e+00 -8.193917e+01
      vertex   6.243718e+01 3.000000e+00 -9.107831e+01
    endloop
  endfacet
  facet normal -8.802903e-01 -4.744354e-01 0.000000e+00
    outer loop
      vertex   6.243718e+01 3.000000e+00 -9.107831e+01
      vertex   6.282959e+01 2.271902e+00 -8.193917e+01
      vertex   6.282959e+01 2.271902e+00 -6.821746e+01
    endloop
  endfacet
  facet normal -7.239159e-02 -9.973763e-01 0.000000e+00
    outer loop
      vertex   6.629773e+01 5.240542e-02 -9.493887e+01
      vertex   6.701975e+01 0.000000e+00 -9.566089e+01
      vertex   6.701975e+01 0.000000e+00 -5.449574e+01
    endloop
  endfacet
  facet normal -7.900328e-01 -6.130646e-01 0.000000e+00
    outer loop
      vertex   6.333666e+01 1.618458e+00 -6.821746e+01
      vertex   6.282959e+01 2.271902e+00 -6.821746e+01
      vertex   6.282959e+01 2.271902e+00 -8.193917e+01
    endloop
  endfacet
  facet normal -6.781564e-01 -7.349176e-01 0.000000e+00
    outer loop
      vertex   6.394452e+01 1.057547e+00 -6.821746e+01
      vertex   6.333666e+01 1.618458e+00 -6.821746e+01
      vertex   6.333666e+01 1.618458e+00 -8.193917e+01
    endloop
  endfacet
  facet normal -7.900328e-01 -6.130646e-01 0.000000e+00
    outer loop
      vertex   6.333666e+01 1.618458e+00 -8.193917e+01
      vertex   6.333666e+01 1.618458e+00 -6.821746e+01
      vertex   6.282959e+01 2.271902e+00 -8.193917e+01
    endloop
  endfacet
  facet normal -5.477226e-01 -8.366600e-01 0.000000e+00
    outer loop
      vertex   6.463653e+01 6.045200e-01 -6.821746e+01
      vertex   6.394452e+01 1.057547e+00 -6.821746e+01
      vertex   6.394452e+01 1.057547e+00 -8.193917e+01
    endloop
  endfacet
  facet normal -6.781564e-01 -7.349176e-01 0.000000e+00
    outer loop
      vertex   6.394452e+01 1.057547e+00 -8.193917e+01
      vertex   6.394452e+01 1.057547e+00 -6.821746e+01
      vertex   6.333666e+01 1.618458e+00 -8.193917e+01
    endloop
  endfacet
  facet normal -4.023006e-01 -9.155076e-01 0.000000e+00
    outer loop
      vertex   6.539375e+01 2.717729e-01 -6.821746e+01
      vertex   6.463653e+01 6.045200e-01 -6.821746e+01
      vertex   6.463653e+01 6.045200e-01 -8.193917e+01
    endloop
  endfacet
  facet normal -5.477226e-01 -8.366600e-01 0.000000e+00
    outer loop
      vertex   6.463653e+01 6.045200e-01 -8.193917e+01
      vertex   6.463653e+01 6.045200e-01 -6.821746e+01
      vertex   6.394452e+01 1.057547e+00 -8.193917e+01
    endloop
  endfacet
  facet normal -2.458699e-01 -9.693028e-01 0.000000e+00
    outer loop
      vertex   6.619547e+01 6.841123e-02 -6.821746e+01
      vertex   6.539375e+01 2.717729e-01 -6.821746e+01
      vertex   6.539375e+01 2.717729e-01 -8.193917e+01
    endloop
  endfacet
  facet normal -4.023006e-01 -9.155076e-01 0.000000e+00
    outer loop
      vertex   6.539375e+01 2.717729e-01 -8.193917e+01
      vertex   6.539375e+01 2.717729e-01 -6.821746e+01
      vertex   6.463653e+01 6.045200e-01 -8.193917e+01
    endloop
  endfacet
  facet normal -2.458699e-01 -9.693028e-01 0.000000e+00
    outer loop
      vertex   6.619547e+01 6.841123e-02 -8.193917e+01
      vertex   6.619547e+01 6.841123e-02 -6.821746e+01
      vertex   6.539375e+01 2.717729e-01 -8.193917e+01
    endloop
  endfacet
  facet normal 0.000000e+00 1.000000e+00 0.000000e+00
    outer loop
      vertex   4.268718e+01 3.000000e+00 6.921686e+00
      vertex   4.264458e+01 3.000000e+00 6.598162e+00
      vertex   4.264458e+01 3.000000e+00 7.245210e+00
    endloop
  endfacet
  facet normal 0.000000e+00 1.000000e+00 0.000000e+00
    outer loop
      vertex   4.264458e+01 3.000000e+00 7.245210e+00
      vertex   4.264458e+01 3.000000e+00 6.598162e+00
      vertex   4.251971e+01 3.000000e+00 7.546686e+00
    endloop
  endfacet
  facet normal 0.000000e+00 1.000000e+00 0.000000e+00
    outer loop
      vertex   4.251971e+01 3.000000e+00 7.546686e+00
      vertex   4.264458e+01 3.000000e+00 6.598162e+00
      vertex   4.251971e+01 3.000000e+00 6.296686e+00
    endloop
  endfacet
  facet normal 0.000000e+00 1.000000e+00 0.000000e+00
    outer loop
      vertex   4.251971e+01 3.000000e+00 7.546686e+00
      vertex   4.251971e+01 3.000000e+00 6.296686e+00
      vertex   4.232106e+01 3.000000e+00 7.805569e+00
    endloop
  endfacet
  facet normal 0.000000e+00 1.000000e+00 0.000000e+00
    outer loop
      vertex   4.232106e+01 3.000000e+00 7.805569e+00
      vertex   4.251971e+01 3.000000e+00 6.296686e+00
      vertex   4.232106e+01 3.000000e+00 6.037802e+00
    endloop
  endfacet
  facet normal 0.000000e+00 1.000000e+00 0.000000e+00
    outer loop
      vertex   4.232106e+01 3.000000e+00 7.805569e+00
      vertex   4.232106e+01 3.000000e+00 6.037802e+00
      vertex   4.206218e+01 3.000000e+00 8.004218e+00
    endloop
  endfacet
  facet normal 0.000000e+00 1.000000e+00 0.000000e+00
    outer loop
      vertex   4.206218e+01 3.000000e+00 8.004218e+00
      vertex   4.232106e+01 3.000000e+00 6.037802e+00
      vertex   4.206218e+01 3.000000e+00 5.839154e+00
    endloop
  endfacet
  facet normal 0.000000e+00 1.000000e+00 0.000000e+00
    outer loop
      vertex   4.206218e+01 3.000000e+00 8.004218e+00
      vertex   4.206218e+01 3.000000e+00 5.839154e+00
      vertex   4.176070e+01 3.000000e+00 8.129093e+00
    endloop
  endfacet
  facet normal 0.000000e+00 1.000000e+00 0.000000e+00
    outer loop
      vertex   4.176070e+01 3.000000e+00 8.129093e+00
      vertex   4.206218e+01 3.000000e+00 5.839154e+00
      vertex   4.176070e+01 3.000000e+00 5.714279e+00
    endloop
  endfacet
  facet normal 0.000000e+00 1.000000e+00 0.000000e+00
    outer loop
      vertex   4.176070e+01 3.000000e+00 8.129093e+00
      vertex   4.176070e+01 3.000000e+00 5.714279e+00
      vertex   4.143718e+01 3.000000e+00 8.171686e+00
    endloop
  endfacet
  facet normal 0.000000e+00 1.000000e+00 0.000000e+00
    outer loop
      vertex   4.143718e+01 3.000000e+00 8.171686e+00
      vertex   4.176070e+01 3.000000e+00 5.714279e+00
      vertex   4.143718e+01 3.000000e+00 5.671686e+00
    endloop
  endfacet
  facet normal 0.000000e+00 1.000000e+00 0.000000e+00
    outer loop
      vertex   4.143718e+01 3.000000e+00 8.171686e+00
      vertex   4.143718e+01 3.000000e+00 5.671686e+00
      vertex   4.111365e+01 3.000000e+00 8.129093e+00
    endloop
  endfacet
  facet normal 0.000000e+00 1.000000e+00 0.000000e+00
    outer loop
      vertex   4.111365e+01 3.000000e+00 8.129093e+00
      vertex   4.143718e+01 3.000000e+00 5.671686e+00
      vertex   4.111365e+01 3.000000e+00 5.714279e+00
    endloop
  endfacet
  facet normal 0.000000e+00 1.000000e+00 0.000000e+00
    outer loop
      vertex   4.111365e+01 3.000000e+00 8.129093e+00
      vertex   4.111365e+01 3.000000e+00 5.714279e+00
      vertex   4.081218e+01 3.000000e+00 8.004218e+00
    endloop
  endfacet
  facet normal 0.000000e+00 1.000000e+00 0.000000e+00
    outer loop
      vertex   4.081218e+01 3.000000e+00 8.004218e+00
      vertex   4.111365e+01 3.000000e+00 5.714279e+00
      vertex   4.081218e+01 3.000000e+00 5.839154e+00
    endloop
  endfacet
  facet normal 0.000000e+00 1.000000e+00 0.000000e+00
    outer loop
      vertex   4.081218e+01 3.000000e+00 8.004218e+00
      vertex   4.081218e+01 3.000000e+00 5.839154e+00
      vertex   4.055329e+01 3.000000e+00 7.805569e+00
    endloop
  endfacet
  facet normal 0.000000e+00 1.000000e+00 0.000000e+00
    outer loop
      vertex   4.055329e+01 3.000000e+00 7.805569e+00
      vertex   4.081218e+01 3.000000e+00 5.839154e+00
      vertex   4.055329e+01 3.000000e+00 6.037802e+00
    endloop
  endfacet
  facet normal 0.000000e+00 1.000000e+00 0.000000e+00
    outer loop
      vertex   4.055329e+01 3.000000e+00 7.805569e+00
      vertex   4.055329e+01 3.000000e+00 6.037802e+00
      vertex   4.035464e+01 3.000000e+00 7.546686e+00
    endloop
  endfacet
  facet normal 0.000000e+00 1.000000e+00 0.000000e+00
    outer loop
      vertex   4.035464e+01 3.000000e+00 7.546686e+00
      vertex   4.055329e+01 3.000000e+00 6.037802e+00
      vertex   4.035464e+01 3.000000e+00 6.296686e+00
    endloop
  endfacet
  facet normal 0.000000e+00 1.000000e+00 0.000000e+00
    outer loop
      vertex   4.035464e+01 3.000000e+00 7.546686e+00
      vertex   4.035464e+01 3.000000e+00 6.296686e+00
      vertex   4.022977e+01 3.000000e+00 7.245210e+00
    endloop
  endfacet
  facet normal 0.000000e+00 1.000000e+00 0.000000e+00
    outer loop
      vertex   4.022977e+01 3.000000e+00 7.245210e+00
      vertex   4.035464e+01 3.000000e+00 6.296686e+00
      vertex   4.022977e+01 3.000000e+00 6.598162e+00
    endloop
  endfacet
  facet normal 0.000000e+00 1.000000e+00 0.000000e+00
    outer loop
      vertex   4.022977e+01 3.000000e+00 7.245210e+00
      vertex   4.022977e+01 3.000000e+00 6.598162e+00
      vertex   4.018718e+01 3.000000e+00 6.921686e+00
    endloop
  endfacet
endsolid
